-0.00,-0.00,-0.00,-0.00,-0.00
0.07,0.07,0.24,-0.00,0.47
4.61,4.61,8.27,8.03,7.81
14.28,14.28,19.86,15.28,18.82
19.99,19.99,27.04,31.15,30.42
27.46,27.46,42.89,48.98,64.93
27.91,27.91,49.91,52.03,76.70
26.94,26.94,51.05,49.78,81.31
27.03,27.03,52.02,45.03,80.71
26.34,26.34,50.40,39.13,80.89
26.30,26.30,54.47,42.70,79.35
28.05,28.05,54.29,40.88,79.19
26.26,26.26,54.87,43.82,78.39
26.54,26.54,53.21,35.92,76.85
28.43,28.43,46.08,38.70,76.40
26.82,26.82,52.07,38.13,78.27
24.64,24.64,51.07,47.49,76.05
19.66,19.66,36.27,48.83,73.76
23.67,23.67,41.65,56.05,75.12
31.74,31.74,50.60,75.93,81.61
29.28,29.28,44.79,84.09,83.91
30.39,30.39,41.67,82.56,83.70
32.10,32.10,40.64,76.87,83.87
32.86,32.86,38.15,71.72,83.07
33.70,33.70,36.64,74.85,81.79
34.54,34.54,35.26,76.90,80.63
35.87,35.87,34.66,75.69,76.93
35.71,35.71,33.74,68.69,73.85
34.10,34.10,32.42,69.23,72.76
32.78,32.78,33.04,69.63,71.83
32.02,32.02,33.94,73.87,72.54
32.34,32.34,35.12,69.07,75.62
43.98,43.98,48.86,67.46,75.58
41.44,41.44,46.23,64.14,75.13
37.65,37.65,41.44,68.11,75.10
37.60,37.60,37.99,66.57,74.72
37.80,37.80,35.94,70.75,74.99
36.14,36.14,33.60,69.10,74.86
34.83,34.83,33.24,64.52,74.61
33.42,33.42,32.47,62.98,73.87
32.36,32.36,32.66,63.49,73.07
30.75,30.75,31.43,64.73,72.48
28.38,28.38,29.84,65.63,71.88
24.46,24.46,28.79,66.32,71.08
20.71,20.71,29.33,65.59,70.23
25.25,25.25,40.08,63.29,71.07
32.43,32.43,54.93,64.37,78.91
30.99,30.99,49.60,60.38,81.32
30.96,30.96,47.30,59.57,80.95
30.63,30.63,44.66,63.96,81.88
30.20,30.20,41.72,65.28,79.99
30.19,30.19,40.76,55.21,80.63
30.15,30.15,38.61,52.83,79.08
30.23,30.23,37.80,58.74,77.51
28.65,28.65,35.58,53.44,77.10
26.60,26.60,33.67,51.59,75.82
25.25,25.25,32.44,51.95,75.62
24.14,24.14,32.72,52.43,76.05
24.73,24.73,34.93,52.76,75.66
37.94,37.94,45.80,52.90,75.84
38.39,38.39,45.80,50.58,76.90
34.12,34.12,41.27,51.35,75.18
32.40,32.40,38.69,51.40,76.44
32.43,32.43,38.11,51.85,74.69
31.41,31.41,36.91,51.15,74.14
31.09,31.09,35.57,50.60,74.01
31.49,31.49,37.54,48.82,73.21
30.65,30.65,35.66,49.85,73.38
29.69,29.69,33.00,51.77,71.51
28.36,28.36,31.16,49.72,71.68
27.66,27.66,29.91,48.28,71.27
23.91,23.91,30.43,48.53,72.49
24.41,24.41,36.76,50.39,72.99
39.70,39.70,54.66,49.47,71.18
35.79,35.79,49.57,48.73,72.68
32.62,32.62,43.55,48.02,70.73
31.91,31.91,41.42,49.16,72.40
31.71,31.71,39.73,47.88,72.47
30.20,30.20,40.35,46.94,71.86
27.78,27.78,35.65,47.64,71.14
27.14,27.14,41.63,45.47,71.11
26.55,26.55,39.95,45.48,71.47
25.45,25.45,39.25,44.84,71.22
23.19,23.19,37.84,43.79,70.94
21.61,21.61,33.76,43.96,70.73
24.54,24.54,36.68,44.60,71.63
41.92,41.92,52.32,42.49,72.92
44.40,44.40,50.13,41.18,72.74
39.72,39.72,44.26,41.15,73.02
37.25,37.25,41.18,39.97,72.73
35.21,35.21,40.13,39.47,71.44
31.12,31.12,38.32,41.66,70.42
25.38,25.38,37.85,42.37,71.98
34.13,34.13,50.36,50.77,76.10
32.84,32.84,49.52,53.30,83.14
32.90,32.90,51.08,52.10,80.60
33.50,33.50,47.78,49.02,76.65
31.66,31.66,45.78,49.19,78.48
27.84,27.84,43.98,49.27,78.20
25.42,25.42,45.54,57.02,77.28
26.58,26.58,56.22,67.32,79.62
25.36,25.36,54.07,69.17,82.23
25.99,25.99,52.69,82.03,82.95
27.30,27.30,51.43,81.72,82.19
28.03,28.03,50.93,78.61,81.78
28.59,28.59,50.45,79.61,80.15
30.15,30.15,50.06,77.38,79.30
30.32,30.32,49.24,78.95,77.68
30.87,30.87,48.63,78.63,74.58
31.25,31.25,47.14,76.31,73.87
32.49,32.49,46.41,79.97,74.89
31.91,31.91,44.50,77.46,74.13
29.96,29.96,40.28,76.67,74.05
36.92,36.92,48.85,77.46,73.92
44.00,44.00,53.32,75.78,75.50
38.92,38.92,45.79,76.09,75.08
39.07,39.07,44.15,75.57,74.55
40.82,40.82,44.93,73.13,75.19
42.07,42.07,44.16,74.40,74.44
41.54,41.54,43.70,71.72,73.20
39.89,39.89,42.29,72.40,73.55
38.80,38.80,40.87,73.84,71.81
39.14,39.14,39.11,69.42,71.34
40.26,40.26,39.89,67.23,69.38
37.52,37.52,38.13,70.63,70.54
34.53,34.53,38.03,70.95,71.08
34.43,34.43,39.65,69.42,70.34
41.11,41.11,53.34,67.32,79.11
34.74,34.74,48.31,65.42,80.43
30.95,30.95,45.30,68.19,78.28
30.33,30.33,44.02,67.50,74.68
30.19,30.19,43.17,65.34,75.47
28.78,28.78,40.25,65.97,75.07
27.77,27.77,38.40,67.05,75.17
27.43,27.43,36.58,67.09,76.35
29.11,29.11,36.75,67.41,75.75
29.90,29.90,35.90,67.00,74.66
28.82,28.82,33.76,64.46,74.29
29.64,29.64,34.10,61.11,74.17
31.71,31.71,37.47,60.00,74.61
39.15,39.15,47.66,61.37,75.17
43.89,43.89,54.37,60.62,75.64
39.48,39.48,48.22,61.29,75.67
37.31,37.31,43.96,60.58,75.44
36.67,36.67,43.49,59.53,75.57
34.83,34.83,40.16,60.15,75.58
33.09,33.09,38.22,59.39,76.16
31.82,31.82,36.50,59.00,75.45
30.39,30.39,35.15,59.37,75.75
30.00,30.00,33.66,54.33,75.45
29.99,29.99,32.08,58.69,74.61
29.79,29.79,31.09,55.12,73.85
30.73,30.73,31.10,57.76,73.60
30.72,30.72,34.69,55.94,74.33
45.38,45.38,56.59,56.15,75.88
40.23,40.23,49.78,58.33,75.78
37.37,37.37,43.85,59.89,74.70
38.09,38.09,41.87,58.74,74.11
39.64,39.64,39.82,60.81,74.53
40.91,40.91,37.89,60.12,73.42
41.12,41.12,35.43,61.53,72.88
41.38,41.38,34.01,60.87,72.40
42.09,42.09,33.23,60.22,72.52
42.50,42.50,31.56,61.76,70.70
41.72,41.72,30.40,60.98,71.37
39.65,39.65,31.00,60.40,71.33
37.59,37.59,36.74,61.58,72.08
40.72,40.72,45.45,59.54,71.74
48.77,48.77,57.18,60.64,76.45
43.21,43.21,48.99,60.05,74.09
42.39,42.39,46.04,60.57,75.17
42.50,42.50,44.67,60.51,75.39
43.01,43.01,43.49,60.54,75.16
41.87,41.87,41.42,59.80,74.54
40.55,40.55,39.49,60.91,75.92
40.09,40.09,38.11,59.32,75.21
38.49,38.49,35.61,60.48,72.85
38.20,38.20,33.73,59.79,75.18
36.90,36.90,33.96,59.79,73.43
35.53,35.53,35.46,59.90,71.56
36.71,36.71,44.45,60.84,74.26
44.31,44.31,55.86,69.12,72.20
40.70,40.70,52.74,83.09,74.47
37.66,37.66,46.87,81.40,73.13
38.81,38.81,43.98,74.75,75.32
39.04,39.04,41.50,69.47,75.40
38.66,38.66,40.57,74.83,70.15
37.54,37.54,39.10,75.06,75.09
37.63,37.63,38.67,67.69,68.48
36.92,36.92,37.14,68.86,73.69
36.19,36.19,35.92,66.12,69.74
35.17,35.17,35.33,70.40,70.78
32.91,32.91,34.72,69.71,71.71
33.38,33.38,38.35,66.85,70.20
36.23,36.23,43.42,63.96,74.33
43.90,43.90,51.99,62.52,71.75
37.72,37.72,43.88,63.86,70.29
37.70,37.70,41.33,66.98,70.84
36.37,36.37,39.10,68.75,70.77
34.55,34.55,37.08,65.36,69.79
33.01,33.01,35.58,67.20,69.96
33.06,33.06,35.25,63.65,70.04
31.51,31.51,33.73,59.86,69.95
30.59,30.59,31.85,65.40,69.91
29.17,29.17,29.83,64.53,69.28
27.06,27.06,28.61,64.56,68.78
23.18,23.18,26.84,65.96,67.80
22.31,22.31,30.79,63.67,62.21
31.45,31.45,53.09,62.98,75.43
29.46,29.46,51.44,59.39,81.16
29.01,29.01,47.01,60.15,81.64
29.15,29.15,44.16,67.15,81.81
30.80,30.80,41.02,64.00,81.13
31.85,31.85,38.80,61.93,80.49
32.52,32.52,37.01,52.73,80.37
32.73,32.73,35.77,55.94,77.33
32.74,32.74,33.42,56.40,76.95
32.20,32.20,32.49,56.19,76.06
30.53,30.53,31.12,57.20,74.80
31.35,31.35,30.81,56.30,74.92
31.44,31.44,32.91,56.16,75.39
35.14,35.14,38.51,51.99,75.09
41.59,41.59,45.56,51.85,75.48
38.23,38.23,41.66,50.42,75.49
37.00,37.00,36.95,49.91,75.10
37.12,37.12,36.77,52.68,75.37
37.21,37.21,36.33,53.21,74.67
35.84,35.84,35.56,51.23,73.94
35.54,35.54,34.43,51.30,74.74
32.95,32.95,34.96,47.10,73.53
31.33,31.33,38.09,47.92,73.86
29.65,29.65,30.20,48.41,72.84
28.08,28.08,31.14,46.30,72.78
25.38,25.38,30.87,50.87,72.36
20.01,20.01,27.86,48.86,73.03
33.05,33.05,51.60,50.70,74.47
33.51,33.51,53.48,46.15,76.71
32.65,32.65,47.60,47.70,77.25
33.62,33.62,45.54,52.85,77.27
34.45,34.45,43.54,51.86,77.40
34.85,34.85,42.37,46.26,76.06
35.05,35.05,40.92,49.46,76.04
34.79,34.79,40.37,47.53,75.32
33.51,33.51,40.16,45.12,75.13
30.96,30.96,41.17,43.65,73.90
30.53,30.53,42.04,44.60,73.21
29.49,29.49,42.42,44.89,73.80
28.80,28.80,39.91,45.92,73.30
31.36,31.36,44.63,47.16,74.09
45.03,45.03,53.86,47.17,73.97
36.81,36.81,45.80,45.05,73.87
36.07,36.07,41.82,45.02,74.30
34.84,34.84,40.65,44.90,74.49
32.63,32.63,40.78,44.56,73.44
29.05,29.05,41.92,45.64,71.98
32.01,32.01,46.01,48.39,74.59
34.53,34.53,51.84,55.31,80.15
31.88,31.88,50.29,53.47,81.98
30.10,30.10,50.42,49.53,78.17
32.26,32.26,49.56,51.34,78.95
31.26,31.26,48.70,49.44,79.68
27.83,27.83,47.68,56.13,77.82
25.41,25.41,54.25,66.99,79.10
25.35,25.35,55.09,77.32,84.57
29.95,29.95,54.13,84.40,81.94
32.67,32.67,53.45,84.71,77.94
32.21,32.21,51.95,86.28,79.48
31.46,31.46,51.63,84.91,79.91
31.53,31.53,49.86,82.60,78.33
32.62,32.62,49.47,81.44,77.26
34.11,34.11,49.03,75.50,74.78
34.61,34.61,47.58,74.96,73.88
35.44,35.44,46.81,79.11,73.32
34.88,34.88,46.40,82.33,75.25
33.42,33.42,44.45,83.42,74.48
34.98,34.98,45.21,82.18,74.11
46.96,46.96,55.83,80.43,75.75
43.20,43.20,49.58,79.13,74.39
40.58,40.58,44.32,74.48,75.16
42.97,42.97,45.37,69.37,75.68
44.46,44.46,43.78,69.92,75.63
44.94,44.94,42.71,72.29,75.42
42.62,42.62,40.95,75.84,72.71
40.99,40.99,38.84,78.15,73.88
39.97,39.97,37.87,77.75,72.00
40.85,40.85,37.32,79.41,72.57
40.10,40.10,36.88,77.96,71.62
35.34,35.34,36.49,78.19,71.02
33.86,33.86,41.28,74.89,72.27
36.27,36.27,50.32,73.96,72.15
36.30,36.30,50.96,67.49,85.07
33.73,33.73,45.10,64.13,88.49
33.16,33.16,42.73,58.58,87.11
33.30,33.30,42.33,61.34,86.46
32.12,32.12,41.30,67.97,86.09
31.44,31.44,39.25,68.81,85.68
31.36,31.36,38.63,71.84,85.60
30.93,30.93,37.51,72.08,84.98
32.04,32.04,38.21,70.01,85.07
32.61,32.61,38.45,68.93,85.01
31.05,31.05,37.78,64.29,84.84
29.22,29.22,38.94,59.24,83.90
30.09,30.09,40.20,61.64,83.07
42.39,42.39,55.89,64.05,82.60
39.78,39.78,50.90,65.36,81.10
37.23,37.23,46.66,66.09,80.84
35.17,35.17,42.92,64.90,79.67
34.35,34.35,41.82,63.08,79.06
32.85,32.85,38.75,59.36,78.43
31.59,31.59,36.54,55.87,78.03
29.86,29.86,35.23,56.31,76.67
29.22,29.22,34.16,56.77,75.87
27.91,27.91,33.77,56.76,75.52
24.83,24.83,32.80,58.86,74.07
24.09,24.09,33.47,58.14,74.17
23.90,23.90,35.36,57.00,74.41
36.77,36.77,49.96,57.17,73.85
42.40,42.40,54.67,56.54,75.56
38.40,38.40,47.87,53.76,74.18
36.59,36.59,44.63,54.42,74.29
35.67,35.67,42.85,55.55,73.16
32.15,32.15,39.49,50.19,72.52
31.70,31.70,38.27,50.37,73.01
30.25,30.25,36.18,53.62,72.78
29.77,29.77,35.33,50.23,70.83
30.95,30.95,35.47,49.34,71.75
30.14,30.14,33.67,50.56,70.16
28.48,28.48,33.21,48.81,70.22
27.91,27.91,36.06,50.61,69.02
26.68,26.68,38.54,54.36,71.50
44.34,44.34,58.57,50.10,73.18
42.40,42.40,54.26,53.02,74.43
39.20,39.20,47.91,49.27,73.42
40.42,40.42,46.67,48.85,72.47
40.72,40.72,45.54,48.49,75.09
41.47,41.47,44.33,46.12,76.97
40.05,40.05,42.97,42.26,72.26
39.25,39.25,41.57,43.85,75.30
37.25,37.25,41.63,42.26,74.58
35.36,35.36,41.41,40.95,71.94
33.86,33.86,36.31,42.08,73.11
31.57,31.57,35.62,46.01,73.20
33.67,33.67,44.64,52.83,72.19
35.77,35.77,54.19,60.03,71.46
35.49,35.49,58.17,80.40,72.15
29.57,29.57,49.28,85.61,75.07
32.03,32.03,46.95,82.19,72.19
35.36,35.36,45.67,75.53,75.81
35.86,35.86,43.78,72.93,72.51
35.62,35.62,42.70,74.35,74.48
35.65,35.65,40.70,76.35,73.68
35.95,35.95,39.66,73.88,71.55
36.21,36.21,38.79,66.45,75.11
34.93,34.93,36.85,69.92,69.15
32.32,32.32,35.20,69.12,73.14
31.81,31.81,36.98,72.30,70.24
28.61,28.61,36.62,68.74,73.44
43.85,43.85,56.07,65.14,75.72
38.70,38.70,49.59,63.78,69.89
35.88,35.88,45.15,68.38,73.83
36.54,36.54,44.76,70.19,69.73
34.45,34.45,41.27,68.35,72.34
33.00,33.00,39.05,69.55,68.93
32.48,32.48,37.14,65.23,71.44
30.71,30.71,35.26,63.34,67.06
31.00,31.00,35.03,63.32,70.49
29.24,29.24,32.83,67.38,67.21
26.85,26.85,30.28,69.21,70.68
24.67,24.67,29.57,66.98,67.09
24.41,24.41,33.90,66.23,69.71
32.05,32.05,44.54,61.64,72.18
38.13,38.13,54.12,62.48,81.29
35.98,35.98,48.57,62.93,79.84
35.54,35.54,47.48,60.95,77.98
32.83,32.83,44.05,62.30,76.75
31.56,31.56,40.52,62.83,76.14
30.67,30.67,39.37,60.61,75.59
29.22,29.22,37.77,57.14,76.16
27.93,27.93,35.48,57.77,75.77
27.85,27.85,34.78,57.13,75.80
27.68,27.68,34.23,57.60,74.94
29.03,29.03,32.82,55.33,74.30
30.24,30.24,32.48,53.32,74.20
28.45,28.45,36.01,53.18,74.98
39.31,39.31,48.45,55.65,74.84
36.51,36.51,45.30,55.32,74.05
33.54,33.54,41.42,50.29,74.34
32.19,32.19,38.72,52.91,73.25
30.89,30.89,38.42,51.43,74.62
29.90,29.90,37.71,53.09,74.08
29.26,29.26,38.49,50.24,72.09
30.28,30.28,39.55,48.43,72.97
29.22,29.22,37.75,48.24,72.42
30.15,30.15,36.54,47.08,71.91
28.69,28.69,34.81,48.89,70.40
26.16,26.16,30.63,47.56,71.23
25.37,25.37,35.63,49.33,70.64
30.14,30.14,45.82,47.08,73.34
35.03,35.03,55.15,47.56,78.78
31.01,31.01,50.36,47.93,80.78
30.31,30.31,47.78,49.72,81.18
29.12,29.12,46.30,50.80,81.07
29.47,29.47,44.98,55.44,80.05
28.91,28.91,43.63,55.15,79.11
28.89,28.89,42.52,54.17,78.32
27.88,27.88,40.00,51.97,76.47
29.52,29.52,38.91,51.53,73.88
29.68,29.68,36.51,47.46,74.28
29.42,29.42,36.21,47.36,73.00
30.30,30.30,35.95,47.89,72.05
31.90,31.90,38.50,47.67,70.99
37.10,37.10,55.21,46.28,74.48
34.05,34.05,52.87,46.98,72.72
31.42,31.42,46.86,44.73,71.96
32.30,32.30,45.51,43.80,71.93
32.44,32.44,43.22,43.71,72.36
31.18,31.18,41.95,45.09,72.84
30.70,30.70,38.96,45.76,71.42
31.25,31.25,38.63,46.40,72.29
31.46,31.46,37.80,42.45,71.42
31.16,31.16,37.55,41.33,72.21
29.72,29.72,35.98,39.43,71.62
25.25,25.25,36.21,43.13,71.73
21.82,21.82,34.17,48.85,70.62
28.78,28.78,43.59,54.66,72.87
36.80,36.80,52.78,73.93,77.14
27.11,27.11,46.57,82.96,81.42
26.78,26.78,43.79,81.13,79.53
25.81,25.81,42.37,83.59,81.88
24.88,24.88,40.56,79.81,81.34
24.17,24.17,38.68,83.52,80.60
24.13,24.13,36.82,83.02,77.92
26.38,26.38,36.82,83.03,78.59
27.24,27.24,35.24,82.44,77.47
26.63,26.63,33.84,81.23,75.37
27.58,27.58,33.21,80.95,73.51
26.24,26.24,32.89,77.58,70.75
27.16,27.16,34.19,78.80,71.49
40.06,40.06,53.17,75.65,74.70
40.63,40.63,53.88,77.12,76.92
34.59,34.59,46.28,73.88,75.15
33.22,33.22,44.46,74.01,74.67
34.60,34.60,45.33,72.31,74.22
34.33,34.33,43.64,68.73,73.19
33.77,33.77,41.89,74.49,74.82
33.10,33.10,40.43,68.63,72.52
34.07,34.07,40.35,71.71,73.54
34.01,34.01,39.89,71.06,71.62
32.42,32.42,39.14,68.73,72.91
29.06,29.06,36.92,71.40,70.53
26.82,26.82,39.68,65.03,72.91
26.82,26.82,43.35,70.16,72.71
31.30,31.30,50.89,68.95,77.49
30.50,30.50,49.73,68.81,78.23
29.38,29.38,47.77,67.78,77.22
28.12,28.12,45.14,65.27,76.99
31.25,31.25,45.04,68.32,77.49
31.67,31.67,43.12,61.86,76.74
31.60,31.60,41.46,66.52,77.50
32.03,32.03,40.03,58.67,74.20
32.64,32.64,38.80,62.72,73.52
32.05,32.05,37.92,65.95,72.99
33.06,33.06,38.14,64.92,74.25
31.17,31.17,35.02,67.40,71.82
34.19,34.19,37.99,63.72,73.16
38.89,38.89,46.44,65.92,73.93
35.95,35.95,46.17,65.54,73.64
32.88,32.88,40.95,65.42,73.40
34.09,34.09,40.19,66.20,72.79
34.41,34.41,39.61,64.10,72.77
34.89,34.89,39.31,63.08,72.16
34.38,34.38,36.33,63.10,72.25
34.77,34.77,36.78,61.50,71.79
34.37,34.37,36.27,63.64,72.04
34.04,34.04,32.94,62.40,72.03
33.69,33.69,33.15,61.48,71.65
33.22,33.22,35.07,59.99,70.75
32.64,32.64,38.46,60.35,71.67
34.82,34.82,41.50,61.02,71.52
39.55,39.55,49.54,60.84,70.46
37.29,37.29,45.63,60.77,72.68
34.63,34.63,40.61,58.92,70.70
35.99,35.99,41.48,59.00,70.06
36.76,36.76,41.58,58.54,69.09
37.39,37.39,38.26,58.12,69.49
36.69,36.69,38.34,56.27,69.80
36.79,36.79,38.24,53.10,69.91
37.18,37.18,40.33,52.61,68.62
36.58,36.58,35.90,54.38,67.73
35.18,35.18,38.20,54.99,68.85
32.40,32.40,34.75,54.16,67.08
32.20,32.20,39.53,51.94,66.77
40.42,40.42,52.71,49.07,70.38
42.71,42.71,55.69,51.76,73.49
40.01,40.01,49.27,51.33,72.24
38.53,38.53,45.21,51.58,73.46
38.53,38.53,43.56,52.35,73.64
38.58,38.58,41.83,50.77,72.52
37.71,37.71,40.30,51.46,72.66
36.70,36.70,41.39,52.05,70.64
34.87,34.87,37.96,52.05,70.85
34.16,34.16,35.17,52.26,70.48
31.79,31.79,32.02,51.10,70.06
28.22,28.22,29.41,52.02,69.91
26.27,26.27,32.61,54.23,70.46
25.33,25.33,39.92,56.81,71.77
36.74,36.74,51.36,69.80,77.17
28.66,28.66,45.08,84.60,81.07
27.62,27.62,40.98,82.70,80.38
27.00,27.00,39.01,77.06,81.31
28.47,28.47,38.09,72.36,80.55
29.45,29.45,37.20,74.95,81.32
30.63,30.63,36.76,77.75,79.21
31.53,31.53,35.20,75.56,79.18
32.85,32.85,34.29,69.43,78.29
33.93,33.93,34.35,67.42,76.05
33.75,33.75,33.67,68.38,73.69
33.03,33.03,34.11,72.19,73.47
34.70,34.70,36.24,71.12,73.23
40.65,40.65,47.89,69.35,74.91
44.82,44.82,53.97,62.77,75.23
41.20,41.20,47.94,66.99,72.85
38.91,38.91,44.14,68.78,73.89
38.03,38.03,43.49,70.03,71.91
36.84,36.84,40.56,69.80,72.91
36.19,36.19,39.19,66.34,71.79
35.94,35.94,37.62,64.26,72.42
35.02,35.02,36.30,62.80,71.30
33.56,33.56,34.83,65.28,69.89
32.56,32.56,34.26,65.68,70.85
30.80,30.80,32.48,67.34,67.65
27.21,27.21,32.12,65.44,69.39
24.06,24.06,33.31,63.01,67.34
36.96,36.96,48.11,64.40,75.58
35.84,35.84,46.48,66.51,80.70
33.93,33.93,43.22,64.65,83.16
32.59,32.59,42.25,64.32,81.69
32.09,32.09,41.40,60.96,79.48
31.03,31.03,40.23,56.76,79.80
29.88,29.88,38.20,55.80,79.96
32.24,32.24,38.86,54.50,79.09
30.76,30.76,37.89,54.47,78.12
29.62,29.62,37.53,58.82,80.28
28.60,28.60,38.92,56.72,78.72
26.41,26.41,38.59,55.54,80.11
23.80,23.80,39.47,55.69,79.93
29.25,29.25,48.86,56.39,78.86
30.95,30.95,52.09,55.70,78.16
26.18,26.18,46.02,55.44,76.80
27.33,27.33,45.20,54.58,75.95
27.05,27.05,44.69,55.45,77.25
26.54,26.54,42.59,54.68,76.95
24.93,24.93,40.55,53.98,76.64
22.52,22.52,38.63,54.63,76.21
21.44,21.44,39.43,54.50,75.31
21.17,21.17,39.43,52.81,74.56
21.25,21.25,37.25,54.05,75.53
20.47,20.47,38.75,53.29,73.33
19.74,19.74,37.71,53.03,74.94
22.38,22.38,39.33,54.20,74.68
24.93,24.93,41.10,53.60,74.76
23.62,23.62,38.34,52.86,73.71
22.76,22.76,36.57,52.59,73.78
23.77,23.77,37.55,52.58,72.74
21.39,21.39,38.88,52.16,73.94
21.51,21.51,38.72,50.91,73.28
22.89,22.89,39.70,51.46,72.39
25.57,25.57,39.42,51.12,74.12
25.64,25.64,40.02,50.58,72.96
25.11,25.11,38.95,49.26,72.32
21.94,21.94,40.21,47.56,71.76
21.81,21.81,38.35,48.69,70.92
22.36,22.36,36.10,48.17,70.55
27.09,27.09,44.85,46.66,72.25
29.59,29.59,45.33,45.43,73.54
26.30,26.30,40.28,45.65,74.09
24.24,24.24,37.37,45.50,73.64
23.16,23.16,37.01,44.60,73.43
23.74,23.74,37.73,43.82,73.01
23.79,23.79,36.18,43.43,72.71
26.11,26.11,37.23,42.63,72.25
25.20,25.20,35.14,42.21,73.05
25.95,25.95,36.03,39.60,72.71
26.65,26.65,34.99,40.15,73.15
26.56,26.56,34.73,37.85,72.31
26.88,26.88,33.89,35.85,70.77
24.82,24.82,38.06,37.67,72.32
37.36,37.36,48.83,39.73,74.50
36.56,36.56,45.24,36.11,72.84
34.43,34.43,39.23,37.61,72.99
36.93,36.93,38.54,37.80,71.69
36.00,36.00,37.56,38.75,69.97
34.67,34.67,35.01,38.35,68.59
34.51,34.51,35.19,37.15,70.54
36.08,36.08,36.08,36.36,70.91
34.30,34.30,34.88,39.34,70.63
33.22,33.22,33.99,40.19,71.31
32.89,32.89,35.23,40.36,72.46
31.29,31.29,35.34,39.58,71.95
33.08,33.08,38.56,37.91,71.78
36.53,36.53,48.81,41.69,73.29
38.89,38.89,56.68,42.18,74.94
34.16,34.16,47.67,41.66,75.14
33.45,33.45,45.66,42.46,75.29
34.11,34.11,44.36,40.90,75.64
32.07,32.07,41.23,43.18,75.90
32.29,32.29,39.46,37.97,75.70
30.61,30.61,37.32,41.82,75.66
29.34,29.34,36.80,42.73,74.96
29.48,29.48,36.75,43.07,74.56
29.20,29.20,36.97,41.61,74.15
28.24,28.24,36.69,41.34,73.54
27.15,27.15,34.29,43.20,73.81
29.79,29.79,39.11,42.68,74.21
43.66,43.66,55.67,42.11,73.83
43.70,43.70,52.51,39.66,73.83
39.76,39.76,46.75,41.05,71.86
37.95,37.95,44.15,42.09,71.18
36.30,36.30,42.02,41.49,71.87
35.70,35.70,40.53,41.12,71.15
32.58,32.58,38.80,40.58,71.04
31.16,31.16,36.17,41.04,68.91
30.03,30.03,37.21,40.63,70.20
32.15,32.15,37.60,38.62,69.50
33.01,33.01,35.64,41.81,68.93
29.86,29.86,34.85,40.55,69.30
27.29,27.29,38.19,34.12,69.35
32.06,32.06,45.13,36.18,68.63
39.70,39.70,56.42,40.54,72.53
33.83,33.83,48.52,38.69,73.02
34.23,34.23,46.65,39.35,69.66
33.85,33.85,44.66,33.70,71.35
33.04,33.04,42.51,39.48,70.16
34.42,34.42,40.60,39.14,69.72
35.27,35.27,39.27,37.94,69.09
33.51,33.51,37.32,36.36,67.78
31.11,31.11,39.13,36.24,68.04
29.91,29.91,38.83,37.83,66.95
30.32,30.32,38.66,38.91,66.21
30.94,30.94,40.61,36.54,65.85
29.81,29.81,43.36,41.34,67.96
37.95,37.95,50.40,39.73,70.08
36.35,36.35,48.06,35.81,71.53
33.72,33.72,43.42,34.89,71.62
32.80,32.80,40.99,35.13,71.34
33.07,33.07,41.57,34.85,70.97
34.51,34.51,38.34,35.24,70.93
33.69,33.69,40.80,36.07,69.87
33.85,33.85,36.51,28.09,69.80
33.44,33.44,36.75,28.07,70.40
32.61,32.61,38.09,29.59,69.18
32.98,32.98,39.47,28.46,68.20
31.68,31.68,37.31,29.64,68.74
32.49,32.49,40.58,27.49,69.52
37.45,37.45,46.60,26.67,69.95
46.65,46.65,55.06,30.30,73.89
38.73,38.73,46.71,24.85,72.33
39.09,39.09,45.01,31.48,71.89
37.42,37.42,42.97,27.61,71.41
35.59,35.59,41.68,24.52,71.71
34.66,34.66,43.13,29.09,69.49
32.16,32.16,44.21,22.87,71.55
31.02,31.02,44.18,23.74,71.86
33.55,33.55,43.12,22.97,72.77
34.31,34.31,38.68,25.16,73.93
31.47,31.47,31.41,28.40,71.33
31.33,31.33,30.52,40.48,72.63
29.67,29.67,34.74,48.79,75.02
35.65,35.65,47.86,61.42,72.51
34.50,34.50,49.64,83.09,76.02
23.96,23.96,41.39,84.25,77.69
24.39,24.39,40.70,81.09,79.01
22.72,22.72,40.43,74.79,78.74
23.13,23.13,40.48,72.27,78.50
23.13,23.13,38.99,74.79,77.82
21.22,21.22,38.14,75.80,76.06
22.20,22.20,39.25,71.49,78.13
21.88,21.88,38.72,58.46,76.58
19.75,19.75,37.85,69.85,78.15
19.91,19.91,38.15,71.41,77.40
19.38,19.38,37.05,70.75,78.76
26.32,26.32,41.07,70.66,79.23
40.69,40.69,51.92,63.36,77.59
33.96,33.96,43.91,64.31,76.23
32.74,32.74,40.30,67.43,76.33
29.16,29.16,37.03,71.11,76.90
28.60,28.60,37.41,67.93,78.27
25.43,25.43,35.98,69.15,76.07
24.31,24.31,36.56,67.56,78.02
22.01,22.01,35.78,62.10,76.14
22.65,22.65,35.29,65.64,77.24
22.57,22.57,35.25,68.68,77.50
22.25,22.25,33.95,67.46,76.58
23.99,23.99,39.50,65.20,78.22
22.17,22.17,39.89,62.45,77.62
26.34,26.34,49.87,59.60,78.60
26.37,26.37,53.17,61.84,79.71
27.38,27.38,48.82,62.84,79.44
29.21,29.21,46.51,66.67,80.93
27.68,27.68,45.67,63.94,80.39
24.69,24.69,44.15,62.65,79.00
22.70,22.70,43.09,55.44,79.28
21.53,21.53,42.13,53.89,78.06
20.84,20.84,41.79,59.14,79.26
21.50,21.50,41.70,61.46,78.42
23.49,23.49,41.08,57.54,78.91
25.36,25.36,40.66,52.93,79.87
23.72,23.72,39.74,52.59,78.92
24.39,24.39,41.30,54.04,77.80
28.08,28.08,46.09,54.84,79.47
24.75,24.75,43.00,53.95,78.31
26.02,26.02,42.03,52.22,76.87
25.96,25.96,40.63,50.90,77.69
24.62,24.62,39.28,54.67,77.57
25.91,25.91,40.17,50.70,77.62
24.88,24.88,40.71,49.43,78.25
24.13,24.13,39.97,50.34,75.99
24.12,24.12,40.55,46.21,75.61
24.11,24.11,39.78,50.72,75.26
26.25,26.25,40.64,49.12,77.00
26.48,26.48,40.92,47.19,77.45
24.70,24.70,40.36,50.32,76.17
31.38,31.38,49.00,47.97,74.51
34.98,34.98,52.20,46.60,74.54
30.93,30.93,46.58,43.89,75.59
30.02,30.02,43.59,46.37,73.79
27.89,27.89,41.47,48.72,76.19
26.28,26.28,39.84,47.40,74.29
24.20,24.20,39.19,47.85,75.24
24.17,24.17,38.90,46.37,73.57
23.31,23.31,37.59,47.75,73.05
22.14,22.14,36.38,41.98,74.00
18.10,18.10,31.73,43.09,72.60
16.84,16.84,30.12,43.45,74.10
17.76,17.76,32.52,41.05,73.14
20.83,20.83,38.07,39.97,73.97
40.52,40.52,54.79,36.04,75.34
34.30,34.30,47.35,39.13,75.47
32.05,32.05,43.37,39.18,75.19
32.01,32.01,41.74,34.41,77.04
31.05,31.05,39.29,37.98,76.32
28.01,28.01,36.51,40.61,76.56
25.09,25.09,35.02,38.48,75.65
21.56,21.56,34.53,38.94,75.49
24.21,24.21,33.13,33.45,78.05
25.50,25.50,36.08,33.20,76.57
25.64,25.64,37.99,34.13,78.95
23.68,23.68,34.65,39.22,77.26
22.26,22.26,35.74,50.13,77.61
20.55,20.55,41.57,60.36,77.41
15.93,15.93,43.65,80.33,76.50
19.30,19.30,41.92,84.95,77.44
21.57,21.57,43.79,80.28,79.23
24.19,24.19,42.95,78.92,78.38
22.37,22.37,44.30,80.42,79.35
24.10,24.10,43.81,80.86,77.36
21.68,21.68,43.04,79.30,75.04
19.17,19.17,41.74,79.08,77.03
19.63,19.63,41.53,81.41,75.57
20.36,20.36,40.64,80.23,77.75
22.21,22.21,40.62,78.57,78.12
21.61,21.61,39.48,79.38,77.95
21.97,21.97,38.08,79.47,76.58
32.05,32.05,45.57,78.76,77.14
28.96,28.96,44.05,77.06,78.23
25.39,25.39,41.18,76.35,77.40
24.53,24.53,42.66,77.17,77.22
26.05,26.05,42.78,76.24,79.49
26.77,26.77,42.27,74.92,78.50
28.19,28.19,42.25,75.59,78.97
27.78,27.78,41.97,73.68,79.61
28.57,28.57,40.34,72.42,76.49
27.56,27.56,39.66,72.97,78.25
25.31,25.31,41.86,71.53,79.22
24.40,24.40,40.98,72.60,79.35
23.90,23.90,39.55,73.48,79.84
25.80,25.80,43.89,72.45,77.19
27.86,27.86,49.63,70.91,79.08
27.21,27.21,46.03,71.65,79.40
24.94,24.94,45.50,71.31,79.78
25.95,25.95,44.42,69.71,79.69
25.77,25.77,42.67,70.94,78.23
23.84,23.84,41.83,70.98,79.39
25.46,25.46,42.41,70.09,80.22
24.96,24.96,40.82,69.84,78.41
25.27,25.27,41.41,68.69,77.15
24.01,24.01,39.88,69.17,77.89
21.65,21.65,39.05,67.33,77.18
24.26,24.26,41.14,67.98,76.21
26.96,26.96,39.23,65.88,76.25
40.27,40.27,55.43,65.13,78.22
39.18,39.18,52.21,66.03,76.80
36.13,36.13,46.55,65.04,76.91
35.53,35.53,46.13,64.34,75.63
33.79,33.79,44.54,62.89,76.39
33.02,33.02,43.01,63.84,76.70
31.64,31.64,42.56,62.64,74.68
32.80,32.80,41.26,62.37,76.06
32.85,32.85,39.43,63.77,76.37
34.65,34.65,39.60,62.46,75.54
33.85,33.85,39.02,58.61,76.14
33.71,33.71,37.95,61.89,76.54
34.76,34.76,40.56,61.85,76.04
39.34,39.34,44.60,59.76,77.54
47.15,47.15,54.32,61.95,78.67
39.22,39.22,43.63,60.32,78.27
35.60,35.60,42.17,60.97,78.21
32.18,32.18,40.14,59.44,78.10
29.73,29.73,38.82,59.69,76.83
30.75,30.75,36.83,58.81,77.21
32.17,32.17,36.22,55.64,77.03
30.09,30.09,36.32,59.43,77.02
27.11,27.11,36.66,57.65,76.79
24.40,24.40,36.81,57.28,77.17
22.73,22.73,34.52,60.63,77.58
22.04,22.04,35.98,56.10,77.81
22.16,22.16,37.99,58.71,78.40
33.84,33.84,42.98,57.80,78.66
32.29,32.29,41.47,58.91,77.17
25.31,25.31,34.99,60.78,78.81
24.75,24.75,35.85,61.69,78.18
25.30,25.30,35.51,61.67,77.85
25.12,25.12,34.98,63.58,78.99
26.74,26.74,34.15,62.58,78.99
28.07,28.07,36.35,64.14,78.85
27.11,27.11,36.87,63.69,78.69
25.58,25.58,35.72,64.73,78.22
24.24,24.24,33.10,63.37,77.86
24.94,24.94,33.02,64.11,78.10
26.30,26.30,34.37,65.55,79.42
32.02,32.02,41.07,65.70,77.08
39.12,39.12,50.27,76.37,75.43
33.02,33.02,43.89,85.10,76.33
32.35,32.35,41.39,82.39,74.17
34.02,34.02,40.53,76.94,75.39
35.74,35.74,39.96,72.59,76.14
30.57,30.57,38.74,75.69,74.30
27.39,27.39,37.53,74.91,75.61
27.09,27.09,37.34,74.81,73.30
28.39,28.39,36.77,67.86,74.32
29.66,29.66,35.58,67.10,71.90
30.59,30.59,35.49,68.42,74.48
29.10,29.10,35.67,71.03,73.49
28.95,28.95,38.99,70.34,73.32
41.17,41.17,51.46,69.68,75.72
39.09,39.09,48.77,65.31,72.92
32.91,32.91,43.24,67.48,74.03
32.85,32.85,41.26,65.35,71.25
32.13,32.13,39.55,71.94,71.98
31.29,31.29,38.14,68.39,72.42
31.43,31.43,37.57,63.78,71.53
30.68,30.68,35.53,65.00,71.59
30.43,30.43,34.31,65.68,72.24
29.88,29.88,33.17,65.19,71.35
40.38,40.38,41.86,66.79,73.99
37.48,37.48,40.00,66.29,73.44
34.96,34.96,39.47,66.25,73.88
30.43,30.43,42.63,63.25,74.27
30.24,30.24,54.14,61.67,76.31
28.03,28.03,50.47,67.38,78.87
26.37,26.37,46.49,66.78,80.32
22.90,22.90,42.31,66.04,81.28
22.62,22.62,40.69,64.81,81.42
20.61,20.61,38.86,56.20,79.84
20.79,20.79,37.74,54.41,78.30
22.17,22.17,37.73,57.55,77.64
22.58,22.58,36.88,58.58,78.40
21.66,21.66,36.36,55.32,77.25
20.45,20.45,34.42,51.09,77.89
23.05,23.05,36.17,54.03,77.65
21.38,21.38,36.28,56.84,78.42
26.15,26.15,42.58,56.62,78.95
25.72,25.72,43.05,51.36,79.83
21.46,21.46,38.67,48.93,79.78
21.90,21.90,37.55,50.32,78.47
20.51,20.51,36.55,53.14,79.48
21.74,21.74,36.32,53.69,78.52
22.13,22.13,36.77,47.33,79.54
22.68,22.68,38.62,47.31,78.54
24.01,24.01,39.81,48.30,79.20
23.81,23.81,37.38,49.10,78.65
22.28,22.28,36.00,50.00,76.98
21.54,21.54,39.46,48.82,77.73
21.78,21.78,40.43,46.77,77.74
27.13,27.13,42.92,47.14,77.88
35.00,35.00,54.91,47.83,76.43
30.52,30.52,48.91,50.37,78.58
28.55,28.55,43.75,46.29,77.34
28.68,28.68,43.55,47.88,78.58
28.84,28.84,42.49,46.50,78.25
27.43,27.43,41.09,44.37,76.70
22.28,22.28,44.15,47.19,76.01
19.94,19.94,42.53,46.87,74.44
21.81,21.81,38.15,46.84,75.05
24.73,24.73,40.79,46.08,77.10
26.29,26.29,42.32,43.35,79.86
25.94,25.94,41.51,46.92,76.77
25.07,25.07,40.14,45.71,77.01
36.54,36.54,48.96,40.84,75.92
35.61,35.61,48.36,44.52,77.26
27.81,27.81,42.75,41.96,75.78
30.58,30.58,42.79,39.46,73.83
32.03,32.03,42.14,37.20,76.97
30.78,30.78,40.26,38.48,75.34
28.93,28.93,38.83,38.24,79.28
26.04,26.04,38.08,42.64,75.36
23.43,23.43,34.94,34.47,74.03
24.93,24.93,33.08,32.64,74.49
23.79,23.79,34.94,34.16,76.10
21.93,21.93,33.46,34.62,73.56
22.01,22.01,34.10,40.36,77.16
25.76,25.76,40.49,55.50,79.08
31.51,31.51,41.59,67.74,78.65
28.94,28.94,39.62,77.64,75.42
20.00,20.00,39.33,84.80,75.13
15.69,15.69,36.43,86.33,78.74
14.70,14.70,34.61,83.63,77.95
16.31,16.31,34.40,83.98,78.03
17.01,17.01,33.38,78.68,78.97
18.19,18.19,33.69,77.48,75.14
20.32,20.32,33.09,73.11,76.40
21.42,21.42,32.59,73.99,75.32
21.23,21.23,32.23,78.03,74.34
18.53,18.53,32.65,81.94,77.06
19.84,19.84,32.19,82.07,77.03
26.31,26.31,35.85,82.78,78.11
27.95,27.95,38.45,82.28,79.77
22.60,22.60,34.18,79.51,78.13
22.57,22.57,32.79,75.12,78.53
24.57,24.57,32.91,65.76,78.28
24.29,24.29,34.72,68.71,78.39
24.84,24.84,33.98,75.58,77.41
23.88,23.88,32.64,77.69,78.06
26.34,26.34,31.02,79.98,77.53
25.70,25.70,31.42,78.25,78.32
26.77,26.77,31.84,78.58,75.74
24.83,24.83,38.95,78.10,77.04
21.71,21.71,37.51,75.64,77.08
23.83,23.83,37.22,74.87,76.23
34.28,34.28,45.26,71.91,77.15
31.17,31.17,42.89,71.61,77.95
29.04,29.04,40.94,65.50,79.65
27.42,27.42,39.92,60.30,80.49
26.98,26.98,40.40,65.37,80.96
25.20,25.20,38.73,68.92,78.92
23.81,23.81,37.40,70.13,78.46
23.34,23.34,35.54,69.92,78.97
23.04,23.04,35.91,69.89,79.03
23.20,23.20,35.88,67.01,79.01
21.89,21.89,36.02,61.05,78.36
20.49,20.49,37.35,60.54,76.38
23.21,23.21,37.99,59.47,78.93
33.84,33.84,47.74,57.84,78.97
39.82,39.82,54.18,64.05,77.30
37.20,37.20,48.97,65.03,79.06
35.65,35.65,45.18,66.74,77.23
35.36,35.36,43.14,64.58,76.64
34.67,34.67,40.83,62.36,76.34
33.14,33.14,38.76,59.67,78.54
32.29,32.29,38.83,55.53,77.57
30.97,30.97,39.07,56.44,77.65
29.71,29.71,39.49,57.35,79.12
27.92,27.92,39.75,58.92,75.84
26.83,26.83,39.88,59.38,76.85
28.59,28.59,41.02,59.71,76.55
29.80,29.80,41.12,59.53,75.27
41.59,41.59,52.69,60.30,77.45
38.30,38.30,46.06,57.30,77.77
35.44,35.44,42.23,55.54,76.12
34.89,34.89,40.95,52.35,75.72
33.47,33.47,40.65,55.05,76.83
30.93,30.93,39.56,52.36,76.27
29.53,29.53,39.89,53.81,75.86
26.70,26.70,37.30,50.82,76.69
24.27,24.27,38.18,51.82,76.04
24.34,24.34,39.12,46.46,76.07
26.29,26.29,41.49,47.97,76.36
28.23,28.23,40.46,49.59,75.17
28.55,28.55,40.88,51.37,75.33
30.47,30.47,43.27,49.22,75.65
35.70,35.70,46.37,45.52,79.47
30.07,30.07,41.10,48.94,76.97
29.08,29.08,39.45,46.34,77.02
29.02,29.02,41.50,44.24,78.87
30.36,30.36,41.60,47.06,78.03
30.83,30.83,40.87,45.73,77.85
30.16,30.16,40.89,45.60,77.56
29.09,29.09,38.17,45.53,79.95
32.93,32.93,39.35,44.06,78.63
30.25,30.25,37.42,42.28,78.13
30.61,30.61,39.85,42.49,79.02
28.72,28.72,38.60,47.31,78.89
29.63,29.63,46.50,54.31,79.26
36.82,36.82,57.18,67.19,77.14
35.08,35.08,54.41,84.69,76.52
31.40,31.40,46.20,83.64,78.41
33.51,33.51,45.63,80.78,73.85
33.68,33.68,43.20,73.55,75.64
33.60,33.60,42.56,72.14,75.84
33.12,33.12,41.87,76.23,76.38
32.03,32.03,40.47,75.60,69.14
32.00,32.00,39.49,71.43,73.31
32.65,32.65,38.27,65.27,74.05
32.54,32.54,37.25,69.34,72.90
30.28,30.28,35.56,66.81,73.11
30.33,30.33,40.36,72.16,71.64
34.49,34.49,44.34,70.12,75.14
44.12,44.12,54.97,64.71,74.42
37.56,37.56,46.87,67.97,73.70
35.61,35.61,44.21,66.80,74.03
35.19,35.19,42.88,69.65,72.70
32.56,32.56,40.05,70.04,74.58
31.20,31.20,37.70,66.61,73.00
29.56,29.56,34.14,63.41,72.86
29.63,29.63,31.64,65.59,73.88
29.70,29.70,31.93,65.87,77.28
27.06,27.06,30.04,64.28,75.30
26.24,26.24,31.50,67.02,76.87
24.13,24.13,34.44,66.16,75.93
23.36,23.36,35.40,63.41,78.07
33.14,33.14,49.73,62.70,78.00
33.52,33.52,48.68,65.77,80.65
31.20,31.20,44.70,67.47,81.50
28.08,28.08,42.88,63.99,81.59
26.54,26.54,40.29,63.71,80.48
26.09,26.09,40.67,59.81,79.66
26.88,26.88,39.52,54.80,81.34
29.15,29.15,39.36,57.32,80.84
28.95,28.95,37.90,57.11,80.42
29.17,29.17,38.08,57.85,78.78
27.39,27.39,37.25,56.07,78.00
27.40,27.40,36.77,56.54,77.67
26.71,26.71,36.92,55.74,77.56
25.56,25.56,40.21,52.50,78.94
27.80,27.80,44.28,54.95,77.42
25.16,25.16,39.58,52.50,77.69
26.06,26.06,38.40,53.44,76.14
25.65,25.65,37.83,52.54,77.68
26.22,26.22,37.16,54.50,77.16
25.46,25.46,36.63,54.59,75.41
25.26,25.26,36.60,53.33,76.28
25.54,25.54,35.86,51.18,76.34
25.61,25.61,39.35,51.97,77.83
26.82,26.82,40.69,51.18,76.83
30.23,30.23,39.82,51.64,76.60
29.93,29.93,38.17,52.19,77.28
27.15,27.15,37.62,52.64,77.12
26.65,26.65,51.54,53.45,77.30
23.90,23.90,49.04,50.09,79.98
20.66,20.66,43.93,51.44,79.37
21.58,21.58,42.49,49.50,80.59
21.61,21.61,43.20,49.87,80.35
20.67,20.67,41.39,48.14,79.01
20.05,20.05,42.22,48.94,79.40
19.49,19.49,43.32,49.22,78.85
20.28,20.28,40.49,47.56,77.60
19.82,19.82,40.29,48.21,77.74
19.87,19.87,39.68,46.76,78.01
21.26,21.26,40.89,46.85,77.52
21.97,21.97,40.99,45.87,77.11
26.78,26.78,45.01,44.75,77.30
37.01,37.01,52.61,47.46,78.20
29.39,29.39,44.75,44.54,78.30
27.68,27.68,41.63,45.54,77.44
28.84,28.84,42.32,43.39,78.04
24.80,24.80,39.67,46.61,78.08
23.64,23.64,39.68,44.40,77.82
23.90,23.90,39.70,42.40,76.88
21.64,21.64,37.52,42.95,76.05
21.13,21.13,38.61,40.81,76.72
27.79,27.79,41.23,40.81,76.83
29.34,29.34,36.28,38.77,75.72
22.44,22.44,35.32,42.03,74.40
20.73,20.73,37.20,50.60,76.18
25.96,25.96,45.40,55.20,76.96
22.85,22.85,43.04,75.87,76.68
17.94,17.94,37.48,83.55,78.12
17.15,17.15,37.71,80.44,79.05
15.53,15.53,38.82,84.29,78.26
17.53,17.53,38.35,82.01,77.99
19.54,19.54,37.02,83.58,75.88
19.16,19.16,34.99,83.81,75.44
19.34,19.34,35.52,83.37,76.22
22.34,22.34,36.87,82.81,75.20
22.65,22.65,34.74,81.24,77.62
22.71,22.71,33.77,81.81,77.03
20.94,20.94,32.14,79.43,76.75
25.19,25.19,38.67,78.97,76.43
36.63,36.63,51.52,77.73,78.03
34.08,34.08,48.27,75.93,78.24
30.63,30.63,44.14,75.95,80.32
27.63,27.63,40.92,71.93,80.20
27.47,27.47,39.94,74.10,78.87
27.75,27.75,39.65,67.29,78.97
27.40,27.40,39.00,70.60,79.31
27.26,27.26,36.70,68.46,78.94
25.91,25.91,34.19,66.32,78.32
23.97,23.97,33.79,71.65,77.31
24.55,24.55,33.97,62.02,77.47
24.48,24.48,32.78,68.41,77.96
24.74,24.74,36.31,64.78,78.28
30.88,30.88,42.18,63.09,77.74
33.57,33.57,44.08,68.58,77.50
33.94,33.94,41.95,60.27,76.67
32.35,32.35,39.58,64.07,78.12
30.38,30.38,37.93,59.68,77.46
29.59,29.59,38.69,62.87,76.85
26.65,26.65,37.28,59.29,76.59
26.52,26.52,36.24,61.06,76.35
27.91,27.91,35.85,61.67,77.19
28.39,28.39,35.20,57.22,76.38
28.19,28.19,34.68,64.18,75.27
27.35,27.35,32.75,58.28,75.60
26.75,26.75,32.53,62.17,77.33
28.63,28.63,35.29,61.14,74.08
34.95,34.95,43.00,59.38,77.90
33.51,33.51,40.16,59.47,76.50
31.23,31.23,37.81,59.62,76.76
30.66,30.66,37.31,62.41,76.22
30.71,30.71,36.12,60.66,76.07
28.74,28.74,35.09,61.73,75.65
27.85,27.85,31.76,61.31,76.46
28.08,28.08,33.73,58.43,76.88
28.19,28.19,34.23,58.54,76.77
27.10,27.10,32.47,56.30,76.90
27.17,27.17,33.36,57.00,75.91
26.77,26.77,36.31,57.12,74.24
25.66,25.66,36.53,58.03,75.33
32.40,32.40,41.81,58.57,76.09
34.23,34.23,44.34,53.82,76.14
30.21,30.21,41.90,52.31,75.58
27.79,27.79,38.45,52.60,74.49
26.67,26.67,35.81,55.65,75.83
29.32,29.32,38.05,55.71,73.57
29.21,29.21,37.43,56.18,75.75
27.56,27.56,32.31,57.15,75.51
28.51,28.51,35.46,57.46,76.48
30.29,30.29,34.23,57.71,77.04
35.31,35.31,32.18,56.68,76.28
37.07,37.07,33.89,56.03,75.81
34.59,34.59,35.26,56.90,75.07
29.19,29.19,43.23,56.97,74.45
43.42,43.42,58.02,56.99,74.74
40.44,40.44,53.86,58.26,72.75
37.56,37.56,48.29,57.59,73.64
35.69,35.69,45.42,57.64,72.65
34.79,34.79,43.10,57.28,73.84
34.98,34.98,42.18,57.01,74.50
34.14,34.14,41.50,56.89,73.81
31.11,31.11,38.17,56.49,74.27
29.24,29.24,40.04,56.83,74.53
29.77,29.77,39.77,56.85,76.36
31.44,31.44,40.11,57.58,76.88
32.27,32.27,36.44,57.88,75.37
34.16,34.16,41.04,58.58,72.57
40.03,40.03,47.51,58.16,75.18
43.37,43.37,51.21,77.02,76.52
35.29,35.29,41.91,81.95,76.41
35.91,35.91,41.90,80.24,77.76
34.87,34.87,41.28,66.47,76.39
35.48,35.48,41.52,72.33,75.69
35.19,35.19,40.66,73.76,74.84
34.21,34.21,40.14,73.14,74.15
33.28,33.28,39.17,68.35,74.97
32.50,32.50,39.15,66.27,75.37
33.06,33.06,38.83,67.26,73.72
34.98,34.98,40.06,70.79,72.31
33.96,33.96,40.16,69.75,74.01
34.63,34.63,41.70,65.82,73.66
43.88,43.88,55.87,67.03,74.06
41.50,41.50,52.04,65.39,74.71
37.08,37.08,47.19,68.37,71.68
35.28,35.28,45.14,67.46,74.46
33.70,33.70,44.01,63.37,72.66
33.44,33.44,41.76,67.85,71.53
36.84,36.84,40.83,65.56,72.58
39.45,39.45,41.37,61.95,73.10
38.91,38.91,40.75,63.01,71.16
37.17,37.17,40.22,64.14,69.29
35.75,35.75,40.55,62.78,71.23
33.30,33.30,39.02,63.98,68.01
29.49,29.49,38.58,65.92,67.59
34.58,34.58,44.89,61.47,71.30
34.30,34.30,48.14,59.25,76.94
30.16,30.16,43.01,60.84,75.64
30.26,30.26,42.06,58.44,76.48
27.04,27.04,36.93,61.43,75.49
27.78,27.78,37.97,63.83,74.52
29.19,29.19,40.47,55.66,76.45
29.82,29.82,39.46,55.06,74.08
27.96,27.96,37.78,56.55,75.93
27.00,27.00,38.32,56.78,74.82
28.67,28.67,38.04,58.24,74.68
29.86,29.86,39.38,56.59,76.72
29.59,29.59,39.01,49.65,75.85
27.18,27.18,40.54,50.73,76.76
36.44,36.44,55.31,52.82,76.52
33.10,33.10,50.41,52.48,79.24
29.71,29.71,44.22,48.35,74.44
29.63,29.63,43.85,49.90,77.34
29.73,29.73,41.80,45.74,77.26
29.70,29.70,40.12,49.69,75.53
28.86,28.86,40.48,49.38,76.43
28.00,28.00,39.84,48.47,75.05
28.43,28.43,39.76,45.51,75.51
30.73,30.73,39.12,44.19,74.90
30.18,30.18,39.17,41.86,74.32
30.50,30.50,38.52,42.63,75.98
29.64,29.64,37.00,44.76,74.61
30.12,30.12,40.38,49.23,75.63
29.56,29.56,40.50,46.83,74.14
28.96,28.96,37.95,45.14,75.70
30.15,30.15,37.82,45.05,73.06
30.32,30.32,38.69,45.35,75.51
30.35,30.35,37.91,47.33,74.87
30.01,30.01,37.90,46.73,73.49
30.13,30.13,37.38,45.13,74.08
30.65,30.65,39.24,42.43,73.10
31.96,31.96,38.78,44.48,74.04
32.51,32.51,39.10,43.75,73.74
32.51,32.51,38.98,44.64,73.22
31.23,31.23,38.67,46.36,71.66
29.96,29.96,38.97,46.17,72.05
32.15,32.15,44.14,44.06,74.68
30.99,30.99,43.29,46.02,74.14
28.88,28.88,39.64,45.47,73.77
29.94,29.94,41.40,46.17,73.87
29.69,29.69,41.68,46.20,74.51
29.31,29.31,37.78,46.08,73.72
30.18,30.18,36.49,46.09,73.59
29.33,29.33,41.00,46.21,73.35
28.95,28.95,40.04,45.77,73.90
31.06,31.06,39.56,45.46,73.66
31.93,31.93,39.13,45.98,73.56
30.31,30.31,37.16,45.22,74.36
27.85,27.85,38.12,44.83,74.27
31.05,31.05,42.37,47.48,74.22
38.54,38.54,45.06,44.10,74.99
34.73,34.73,42.65,42.50,74.84
30.96,30.96,37.87,44.86,73.30
32.50,32.50,36.55,43.60,74.89
32.60,32.60,37.77,44.31,73.51
33.30,33.30,36.32,43.99,73.55
36.13,36.13,36.89,44.02,72.99
36.68,36.68,37.80,44.37,73.81
34.70,34.70,36.42,43.73,72.56
35.47,35.47,37.45,43.18,73.19
35.17,35.17,37.08,42.60,72.69
34.35,34.35,37.63,39.99,73.85
41.57,41.57,41.91,39.79,73.91
44.18,44.18,53.78,41.93,73.92
43.41,43.41,52.04,41.45,74.54
40.70,40.70,44.54,43.90,74.57
39.69,39.69,44.67,43.58,75.51
42.15,42.15,43.72,45.15,75.01
39.61,39.61,43.89,45.21,75.53
41.68,41.68,40.98,46.10,74.27
40.20,40.20,42.50,44.53,74.16
38.97,38.97,41.34,42.95,73.18
40.01,40.01,41.11,44.30,73.60
37.04,37.04,41.14,41.83,72.35
39.07,39.07,41.07,42.77,71.44
35.26,35.26,42.89,44.99,72.78
40.60,40.60,46.99,44.61,72.44
44.24,44.24,54.86,43.77,73.11
40.72,40.72,49.95,39.87,71.84
37.25,37.25,45.94,40.53,71.53
35.67,35.67,44.18,41.96,72.47
34.21,34.21,42.58,39.76,71.24
32.45,32.45,41.24,40.59,71.24
31.06,31.06,38.95,37.83,68.49
30.83,30.83,37.53,36.82,70.81
30.10,30.10,37.51,35.31,69.74
32.11,32.11,37.93,34.11,69.48
29.76,29.76,36.95,36.62,70.55
27.18,27.18,39.48,25.98,69.61
27.40,27.40,40.17,27.18,67.85
36.43,36.43,53.05,31.64,70.66
36.47,36.47,53.13,30.64,72.79
31.49,31.49,45.59,34.01,70.69
32.48,32.48,45.03,27.05,69.63
32.37,32.37,44.10,30.77,70.54
30.54,30.54,41.22,32.67,69.66
29.95,29.95,39.80,24.24,69.25
30.07,30.07,39.25,25.70,67.74
30.36,30.36,37.44,22.21,68.14
29.13,29.13,35.41,25.35,67.42
28.99,28.99,38.92,30.52,65.75
29.63,29.63,39.62,27.23,67.14
26.19,26.19,40.42,27.49,66.55
28.65,28.65,42.96,26.93,66.20
36.74,36.74,51.16,26.47,72.22
34.10,34.10,46.89,28.36,71.89
32.13,32.13,42.76,28.57,70.99
31.45,31.45,40.08,24.32,71.60
32.91,32.91,39.54,29.54,72.55
33.30,33.30,40.13,31.13,71.27
32.62,32.62,39.67,26.59,71.12
32.18,32.18,38.56,24.70,70.84
31.20,31.20,35.88,24.76,71.15
31.35,31.35,36.74,25.50,71.82
31.60,31.60,36.72,26.65,70.38
28.05,28.05,34.43,29.61,70.72
29.06,29.06,37.42,29.53,72.40
37.91,37.91,49.77,30.05,73.17
39.27,39.27,51.27,28.43,74.22
32.18,32.18,44.18,19.38,76.40
33.92,33.92,43.94,27.92,78.63
33.31,33.31,42.68,24.67,77.48
30.23,30.23,39.17,25.22,76.81
26.68,26.68,37.73,20.23,75.46
23.66,23.66,36.26,23.42,73.55
23.10,23.10,37.12,29.69,75.20
18.96,18.96,37.98,26.34,76.43
17.36,17.36,36.23,21.74,77.12
19.80,19.80,37.28,32.11,76.89
20.52,20.52,36.75,38.82,79.37
23.62,23.62,38.99,52.26,79.37
34.65,34.65,43.46,64.93,77.24
33.73,33.73,43.17,76.39,76.19
27.13,27.13,42.53,80.10,75.99
24.71,24.71,43.26,86.85,76.59
26.26,26.26,45.39,79.88,76.34
25.58,25.58,44.99,81.50,75.90
27.28,27.28,45.79,81.36,75.71
26.12,26.12,42.23,84.28,74.89
26.68,26.68,42.61,82.43,77.44
26.65,26.65,42.12,79.50,75.39
27.20,27.20,43.01,81.76,74.94
27.75,27.75,41.74,80.47,75.36
28.08,28.08,41.14,81.59,76.77
32.36,32.36,44.05,79.54,80.55
36.17,36.17,44.20,79.92,83.26
30.69,30.69,44.29,80.49,82.63
25.14,25.14,41.99,78.46,82.67
23.26,23.26,42.97,79.74,80.29
23.30,23.30,43.18,77.80,76.60
25.11,25.11,42.43,76.84,75.98
25.85,25.85,41.35,74.59,75.86
27.73,27.73,43.04,74.41,73.19
29.26,29.26,42.50,73.76,74.34
32.00,32.00,43.65,70.72,76.90
34.76,34.76,44.01,72.71,78.19
30.71,30.71,41.47,71.41,78.76
28.00,28.00,43.33,72.45,78.65
34.02,34.02,51.67,71.91,77.02
29.01,29.01,46.22,73.32,76.86
28.61,28.61,43.52,70.90,76.51
29.07,29.07,43.22,70.85,78.05
28.31,28.31,41.57,71.52,77.03
30.91,30.91,40.93,70.12,77.25
32.95,32.95,41.08,69.68,77.67
32.57,32.57,40.05,70.97,78.48
33.99,33.99,41.58,70.69,77.79
31.19,31.19,40.26,68.10,76.34
28.06,28.06,38.63,69.79,75.41
28.83,28.83,41.22,70.14,77.01
31.19,31.19,42.71,68.57,76.22
38.36,38.36,49.54,66.90,75.84
42.28,42.28,51.54,68.99,78.12
39.51,39.51,47.43,67.98,77.33
36.17,36.17,43.69,65.26,77.71
34.69,34.69,42.84,68.63,76.36
33.46,33.46,41.24,67.21,75.91
31.37,31.37,41.38,65.27,78.39
28.22,28.22,40.23,68.28,78.05
28.87,28.87,41.22,66.68,75.76
29.81,29.81,40.47,66.38,76.94
28.44,28.44,40.67,67.89,77.01
24.03,24.03,38.30,68.96,78.50
25.84,25.84,38.18,69.71,77.88
27.40,27.40,40.22,65.85,77.26
32.70,32.70,41.64,67.73,77.86
30.22,30.22,41.00,67.37,79.50
26.76,26.76,40.39,65.83,80.74
26.73,26.73,39.56,68.13,78.19
27.12,27.12,42.30,68.29,77.86
29.07,29.07,42.54,66.16,80.29
28.90,28.90,42.21,66.04,83.03
24.23,24.23,40.80,67.24,83.48
22.01,22.01,38.93,67.34,81.88
23.97,23.97,39.51,65.20,80.94
30.00,30.00,43.17,67.52,79.80
30.33,30.33,41.85,67.48,80.98
28.41,28.41,39.62,64.95,82.48
29.57,29.57,38.79,64.38,79.43
27.65,27.65,40.83,65.69,77.04
23.54,23.54,40.03,65.75,80.35
23.54,23.54,39.40,64.90,83.17
24.17,24.17,38.66,63.74,82.51
26.34,26.34,38.64,65.57,82.64
28.60,28.60,38.74,62.48,81.47
31.21,31.21,40.05,65.12,84.26
31.10,31.10,41.56,61.34,85.02
27.60,27.60,40.95,54.15,84.48
25.02,25.02,39.23,52.61,82.22
25.35,25.35,40.16,47.12,82.60
24.87,24.87,42.37,48.20,81.89
21.68,21.68,44.58,53.15,79.51
18.27,18.27,44.53,63.04,79.96
20.44,20.44,45.97,79.70,81.45
24.43,24.43,46.17,81.73,79.81
25.99,25.99,46.65,84.35,79.92
25.17,25.17,47.09,79.68,80.54
23.57,23.57,45.29,79.48,79.88
29.78,29.78,46.08,80.95,81.33
26.51,26.51,44.77,81.90,80.44
25.16,25.16,42.76,82.36,81.29
26.97,26.97,43.57,79.63,79.77
27.11,27.11,42.27,81.70,80.49
20.55,20.55,41.25,80.44,80.10
27.03,27.03,41.80,81.58,82.23
31.00,31.00,43.54,81.39,80.47
31.58,31.58,47.00,79.77,80.45
23.27,23.27,47.14,81.59,82.04
23.58,23.58,47.74,79.69,76.51
24.01,24.01,47.00,80.90,78.60
24.10,24.10,46.85,78.77,76.67
24.40,24.40,46.64,78.79,77.68
24.35,24.35,47.47,79.16,76.59
26.06,26.06,48.80,77.65,76.63
26.95,26.95,48.84,77.48,76.83
27.92,27.92,48.47,75.56,75.66
28.31,28.31,47.27,76.15,76.40
24.73,24.73,46.37,75.22,76.60
23.19,23.19,47.05,73.76,72.93
33.16,33.16,54.15,72.78,75.75
31.50,31.50,52.48,71.51,78.12
25.41,25.41,45.24,72.24,77.65
26.49,26.49,43.26,70.79,79.71
26.32,26.32,41.24,72.04,79.60
26.10,26.10,39.47,71.16,79.87
25.25,25.25,37.91,72.10,78.69
25.38,25.38,38.09,72.40,80.21
27.68,27.68,38.68,72.08,79.09
28.22,28.22,39.89,72.25,80.38
26.48,26.48,38.97,71.83,80.05
27.13,27.13,39.50,72.78,78.87
30.48,30.48,41.70,70.58,81.30
32.73,32.73,45.65,73.18,79.66
41.44,41.44,56.95,70.56,79.42
38.05,38.05,52.27,68.24,75.65
34.68,34.68,46.45,67.79,79.87
32.86,32.86,43.36,69.82,79.64
32.60,32.60,42.33,70.22,78.83
32.67,32.67,42.23,66.63,80.01
33.36,33.36,41.61,71.80,80.51
31.67,31.67,40.09,68.82,81.22
31.95,31.95,40.14,69.95,76.90
31.42,31.42,39.92,69.40,78.69
32.00,32.00,40.00,67.87,77.36
32.69,32.69,40.94,69.72,75.77
32.62,32.62,41.32,69.62,77.24
41.82,41.82,46.05,71.20,76.57
41.54,41.54,44.73,68.53,78.71
35.10,35.10,39.56,70.30,76.47
31.62,31.62,37.68,69.81,80.04
30.95,30.95,36.93,68.84,81.42
28.96,28.96,36.55,69.10,82.58
26.98,26.98,34.26,69.33,83.21
24.07,24.07,33.45,69.70,82.82
24.34,24.34,33.11,66.82,83.20
25.71,25.71,33.39,69.80,80.64
25.48,25.48,33.86,69.44,78.37
25.31,25.31,34.10,64.26,77.07
24.59,24.59,36.22,64.75,76.58
28.30,28.30,40.01,66.31,75.46
34.17,34.17,47.57,67.22,75.83
27.27,27.27,43.76,63.67,79.62
30.03,30.03,48.59,66.54,81.12
28.56,28.56,48.41,66.48,82.22
26.59,26.59,44.28,65.50,80.93
23.41,23.41,40.09,66.41,78.52
21.56,21.56,41.75,66.18,74.98
25.85,25.85,43.53,66.53,72.65
27.41,27.41,43.16,64.96,73.91
29.96,29.96,43.69,66.74,73.22
29.24,29.24,42.00,67.70,73.46
26.48,26.48,41.02,64.19,71.18
24.91,24.91,44.14,64.86,71.77
35.74,35.74,51.94,66.79,73.68
36.96,36.96,53.90,80.21,73.17
30.03,30.03,45.84,85.24,75.85
30.24,30.24,41.83,87.55,73.15
29.45,29.45,42.20,86.43,72.22
30.08,30.08,43.10,85.78,74.91
31.22,31.22,43.47,82.09,73.74
32.33,32.33,42.97,80.44,72.71
32.89,32.89,41.79,72.26,73.07
33.20,33.20,40.02,75.36,74.08
33.61,33.61,39.47,75.94,73.69
34.03,34.03,38.29,78.37,74.73
34.86,34.86,36.14,77.74,74.69
35.02,35.02,35.37,78.77,73.56
44.91,44.91,41.48,74.34,77.14
38.71,38.71,36.77,68.96,76.98
32.88,32.88,34.66,65.60,76.65
31.26,31.26,36.32,69.67,77.35
29.45,29.45,37.01,74.53,76.50
26.70,26.70,34.97,76.91,75.34
27.68,27.68,34.31,77.92,76.54
30.25,30.25,36.49,78.80,74.72
34.27,34.27,38.08,78.63,77.05
37.30,37.30,38.94,76.86,79.73
37.42,37.42,39.91,76.42,79.05
36.40,36.40,40.92,75.63,81.39
35.16,35.16,41.25,71.85,81.84
37.65,37.65,50.19,71.22,80.70
38.45,38.45,52.39,72.68,81.74
35.29,35.29,46.74,69.14,80.48
32.78,32.78,42.65,70.37,78.80
31.54,31.54,43.76,71.73,80.51
29.11,29.11,40.38,72.43,77.99
30.77,30.77,40.14,73.46,78.90
28.92,28.92,36.66,71.57,77.10
27.28,27.28,34.30,69.32,78.34
27.22,27.22,33.00,66.12,78.25
26.08,26.08,32.09,58.53,77.57
23.84,23.84,30.62,56.32,78.10
23.65,23.65,32.44,60.34,76.62
26.21,26.21,36.01,59.10,79.51
41.12,41.12,46.50,62.88,77.46
35.73,35.73,42.00,62.87,80.16
31.56,31.56,37.89,61.23,79.89
32.97,32.97,37.89,59.18,76.43
30.99,30.99,36.25,50.28,82.34
30.34,30.34,35.47,50.70,77.11
30.46,30.46,35.69,50.22,82.52
31.46,31.46,37.55,52.12,79.11
31.11,31.11,37.05,52.81,80.66
32.51,32.51,37.70,52.82,79.37
30.13,30.13,36.95,55.08,78.24
25.05,25.05,35.82,55.57,80.23
25.34,25.34,38.80,54.65,75.76
28.52,28.52,44.40,56.38,79.25
28.51,28.51,45.46,55.57,76.37
28.88,28.88,42.88,54.53,79.79
27.88,27.88,38.51,55.08,76.57
26.66,26.66,38.03,53.33,79.82
28.23,28.23,35.77,50.17,75.04
26.68,26.68,34.69,53.90,79.39
23.71,23.71,35.42,51.46,72.88
23.28,23.28,36.23,51.58,76.48
23.01,23.01,36.80,52.71,72.55
23.61,23.61,42.94,50.45,73.08
22.63,22.63,37.97,52.50,71.94
22.64,22.64,38.28,52.77,72.46
26.57,26.57,41.20,49.05,72.50
47.37,47.37,57.09,49.96,74.44
44.63,44.63,52.87,47.97,73.40
40.00,40.00,46.41,43.04,73.28
37.54,37.54,44.30,44.47,73.36
34.75,34.75,44.55,46.38,71.58
31.46,31.46,43.81,66.86,75.00
28.36,28.36,40.37,76.11,77.26
30.30,30.30,40.15,78.95,79.17
31.68,31.68,41.52,79.51,80.76
30.20,30.20,39.54,78.90,78.67
26.38,26.38,36.39,74.09,76.98
25.29,25.29,35.66,72.14,74.34
25.64,25.64,39.87,64.29,75.74
25.47,25.47,47.30,68.46,77.18
23.12,23.12,54.73,73.60,78.38
22.30,22.30,55.06,81.62,78.67
21.77,21.77,53.36,85.43,76.75
22.30,22.30,51.60,86.12,75.74
24.39,24.39,50.68,85.62,76.48
25.49,25.49,49.75,84.10,72.61
24.03,24.03,48.05,82.68,75.63
26.22,26.22,46.90,80.68,76.67
26.71,26.71,45.30,82.53,75.35
25.16,25.16,43.08,81.64,76.52
21.88,21.88,40.57,82.23,75.94
18.99,18.99,39.59,80.82,76.88
20.97,20.97,41.20,81.00,76.68
35.71,35.71,50.81,79.74,75.25
33.06,33.06,46.16,78.85,78.70
30.66,30.66,40.70,77.42,76.36
32.93,32.93,42.12,76.42,76.71
32.21,32.21,40.34,76.45,78.71
31.42,31.42,39.25,76.46,78.10
31.52,31.52,38.12,78.06,80.24
30.53,30.53,36.78,77.84,76.03
29.47,29.47,37.53,76.63,79.52
28.08,28.08,36.55,72.11,75.62
28.53,28.53,38.95,70.06,76.97
27.44,27.44,38.13,71.79,76.00
26.03,26.03,39.83,74.30,75.20
30.64,30.64,47.45,76.46,75.94
37.77,37.77,55.22,77.29,77.29
34.03,34.03,50.96,73.83,80.09
31.69,31.69,47.36,69.26,79.40
29.85,29.85,46.06,67.78,80.90
28.46,28.46,44.81,68.00,80.48
27.80,27.80,43.34,73.84,80.73
26.32,26.32,40.40,74.45,78.40
26.05,26.05,38.02,73.53,77.40
24.21,24.21,36.30,72.16,77.07
25.13,25.13,36.81,68.97,80.02
24.98,24.98,36.14,69.57,77.75
24.51,24.51,34.79,70.03,81.49
26.21,26.21,38.72,71.10,79.22
31.95,31.95,43.52,70.79,83.28
30.36,30.36,40.83,69.95,81.91
31.69,31.69,39.08,68.86,80.30
27.92,27.92,38.10,68.56,82.53
27.25,27.25,39.33,68.31,80.48
28.04,28.04,39.63,67.32,84.18
26.75,26.75,38.85,67.92,81.15
26.21,26.21,38.19,68.47,83.17
27.69,27.69,38.53,67.15,79.24
25.85,25.85,37.19,65.79,83.21
24.34,24.34,36.42,64.28,78.76
23.16,23.16,36.77,64.18,80.66
23.19,23.19,40.34,62.67,79.30
29.74,29.74,48.38,63.70,80.37
40.39,40.39,56.34,62.28,81.02
39.14,39.14,49.79,60.89,80.41
36.13,36.13,46.49,59.74,82.31
31.83,31.83,44.36,58.55,79.78
30.81,30.81,44.05,55.03,80.64
29.24,29.24,43.16,55.33,79.05
27.74,27.74,42.90,54.03,78.80
25.50,25.50,40.35,55.91,76.28
24.26,24.26,39.67,54.20,74.81
23.81,23.81,37.96,55.83,78.25
26.17,26.17,38.73,53.46,74.20
25.54,25.54,38.36,54.48,77.76
25.40,25.40,43.20,53.99,75.15
36.23,36.23,53.29,50.89,73.77
36.13,36.13,48.07,46.74,77.10
31.72,31.72,41.95,45.54,75.45
31.56,31.56,40.79,43.96,75.33
28.85,28.85,38.91,49.03,77.17
28.51,28.51,39.42,60.26,74.37
26.69,26.69,38.94,71.04,75.47
24.87,24.87,38.30,78.69,76.43
23.67,23.67,35.91,77.69,76.49
23.63,23.63,36.19,78.48,77.01
22.51,22.51,36.43,75.48,74.45
21.69,21.69,36.81,75.53,75.39
20.60,20.60,38.27,74.68,75.16
25.93,25.93,43.54,76.04,80.37
39.23,39.23,56.15,74.70,75.10
33.56,33.56,50.34,77.94,81.00
29.24,29.24,44.97,83.39,80.93
30.06,30.06,43.76,82.40,82.60
28.40,28.40,43.03,82.23,84.12
25.90,25.90,41.86,80.50,84.40
26.21,26.21,38.72,79.13,83.77
28.90,28.90,40.34,82.42,84.25
27.73,27.73,37.89,81.09,83.69
26.87,26.87,37.87,80.58,81.52
25.74,25.74,37.17,81.34,79.54
24.70,24.70,39.17,79.29,78.87
21.26,21.26,42.08,80.27,78.49
32.98,32.98,51.33,79.28,80.10
34.56,34.56,50.19,79.77,76.89
30.04,30.04,42.73,79.54,78.90
29.30,29.30,44.33,77.41,78.53
26.97,26.97,42.02,77.96,76.78
27.44,27.44,41.43,78.55,77.24
27.03,27.03,39.98,77.39,77.07
26.48,26.48,39.04,76.93,74.14
23.93,23.93,37.66,74.46,74.74
24.70,24.70,35.07,74.58,75.11
28.26,28.26,36.19,73.53,73.54
26.25,26.25,36.29,74.18,74.58
23.90,23.90,37.64,72.39,75.51
25.92,25.92,42.78,68.52,74.53
35.65,35.65,56.38,73.21,75.42
33.68,33.68,52.24,70.43,74.71
31.63,31.63,47.44,71.84,81.82
31.15,31.15,45.63,67.45,79.69
29.03,29.03,42.64,70.39,78.09
29.01,29.01,42.43,71.80,79.72
26.15,26.15,40.22,71.04,76.48
26.44,26.44,39.75,69.85,78.73
23.56,23.56,37.55,68.46,77.08
22.34,22.34,35.98,68.72,79.86
21.40,21.40,37.33,69.49,75.20
22.14,22.14,38.30,68.97,76.68
20.90,20.90,39.59,67.91,75.54
28.17,28.17,50.10,67.00,77.84
27.44,27.44,50.79,66.20,77.18
23.21,23.21,44.32,68.19,77.91
23.70,23.70,43.16,64.74,77.12
23.32,23.32,42.83,68.73,76.78
21.86,21.86,39.54,66.62,73.97
20.41,20.41,38.61,69.87,76.95
21.88,21.88,40.34,68.18,75.37
21.81,21.81,39.67,68.86,77.66
19.82,19.82,37.44,68.82,75.34
20.58,20.58,37.50,68.09,76.04
19.90,19.90,38.44,68.37,75.16
21.03,21.03,38.89,67.14,76.26
26.19,26.19,43.39,67.96,74.92
36.90,36.90,56.72,66.99,76.00
33.40,33.40,52.59,67.75,76.49
29.79,29.79,46.27,67.61,79.25
28.74,28.74,43.25,66.22,78.29
28.77,28.77,42.74,65.50,81.40
26.57,26.57,39.57,65.66,79.95
25.35,25.35,38.80,65.44,82.31
23.10,23.10,36.92,65.54,81.71
21.44,21.44,34.94,64.70,82.83
21.73,21.73,36.23,62.18,81.08
20.91,20.91,34.18,58.03,82.04
20.49,20.49,35.33,53.66,80.29
21.99,21.99,37.10,50.79,78.16
34.44,34.44,49.62,48.43,80.65
39.44,39.44,52.27,46.10,78.81
34.69,34.69,46.35,39.43,80.62
31.96,31.96,43.86,42.07,81.09
30.11,30.11,41.79,40.73,79.73
27.37,27.37,39.69,55.85,80.44
25.79,25.79,40.03,66.33,80.34
22.33,22.33,38.81,77.93,78.44
21.91,21.91,37.54,79.62,78.63
22.78,22.78,37.70,79.55,75.53
23.80,23.80,37.17,76.85,71.35
22.60,22.60,34.79,76.41,70.36
22.40,22.40,36.31,78.72,70.96
21.97,21.97,39.79,76.93,72.28
36.48,36.48,57.78,69.42,72.40
26.59,26.59,51.84,82.14,73.69
20.70,20.70,47.76,83.33,77.58
20.75,20.75,47.16,85.13,79.20
19.42,19.42,45.35,84.38,78.87
22.21,22.21,42.82,83.53,78.70
22.28,22.28,40.56,80.51,76.25
21.83,21.83,41.12,74.61,76.81
22.24,22.24,40.19,73.19,77.11
19.32,19.32,39.20,74.81,77.80
17.36,17.36,38.41,76.57,76.91
16.38,16.38,39.01,78.66,76.13
17.75,17.75,39.75,76.68,77.00
30.27,30.27,50.06,75.10,78.78
38.99,38.99,56.04,73.24,79.38
34.08,34.08,50.55,73.58,76.54
29.89,29.89,46.54,67.80,75.36
28.09,28.09,44.47,71.23,74.77
26.45,26.45,42.98,71.58,79.93
25.35,25.35,41.80,73.46,80.92
21.61,21.61,38.76,71.31,79.30
21.37,21.37,37.15,71.09,82.15
21.91,21.91,37.33,67.70,81.76
18.74,18.74,34.25,71.61,79.51
17.64,17.64,34.55,69.64,82.34
15.25,15.25,35.16,71.46,81.30
15.51,15.51,40.53,69.69,78.88
27.15,27.15,53.20,69.60,79.26
22.79,22.79,48.41,70.97,78.19
19.70,19.70,44.56,71.56,79.64
18.85,18.85,42.81,68.94,80.92
20.00,20.00,41.37,70.31,82.22
20.95,20.95,41.58,68.69,83.93
19.11,19.11,38.99,68.61,81.33
14.96,14.96,34.17,68.98,82.41
13.99,13.99,30.76,69.02,78.44
13.01,13.01,28.23,67.17,78.00
12.41,12.41,26.90,60.16,79.41
12.83,12.83,25.95,65.36,77.14
11.69,11.69,26.69,66.26,78.16
27.92,27.92,41.65,65.52,78.96
39.86,39.86,54.13,65.78,78.41
35.09,35.09,49.33,64.72,78.90
31.34,31.34,45.47,64.29,81.22
29.19,29.19,44.16,65.76,82.27
28.59,28.59,43.31,63.56,80.68
28.61,28.61,42.09,64.76,81.25
27.21,27.21,41.21,61.37,76.39
23.46,23.46,37.70,62.83,75.01
23.19,23.19,37.16,61.54,74.22
21.11,21.11,34.48,59.32,73.41
20.10,20.10,32.53,60.24,73.04
19.14,19.14,31.79,58.12,74.86
21.19,21.19,38.66,57.86,73.00
29.77,29.77,45.54,60.97,76.16
25.63,25.63,42.96,62.36,77.69
20.63,20.63,38.51,61.59,80.12
21.88,21.88,38.18,60.00,81.93
19.41,19.41,36.88,59.34,81.52
17.22,17.22,37.53,59.54,81.20
17.65,17.65,36.18,60.60,80.32
19.48,19.48,36.35,58.98,78.45
20.50,20.50,35.54,59.71,75.97
21.48,21.48,35.47,62.40,73.34
25.50,25.50,42.74,62.43,71.69
25.17,25.17,47.70,59.18,72.88
24.03,24.03,48.72,59.19,72.06
28.45,28.45,47.19,61.18,74.50
33.27,33.27,52.02,58.82,75.67
25.59,25.59,45.94,57.22,79.72
23.40,23.40,42.82,56.30,79.24
23.60,23.60,40.11,53.83,82.79
18.96,18.96,37.94,59.72,82.81
14.83,14.83,40.84,81.32,81.65
14.56,14.56,44.86,83.80,79.13
14.86,14.86,36.30,85.41,74.99
15.59,15.59,36.93,84.82,76.79
17.39,17.39,41.50,85.05,75.07
18.03,18.03,43.39,82.03,73.35
17.31,17.31,44.83,79.04,73.68
18.80,18.80,43.01,71.60,72.44
30.98,30.98,52.04,68.79,72.75
28.88,28.88,52.23,80.47,76.11
27.21,27.21,47.29,81.47,77.31
23.75,23.75,45.45,84.19,78.52
26.24,26.24,46.37,86.90,79.72
29.54,29.54,46.34,83.64,79.54
28.60,28.60,47.12,84.66,77.71
22.81,22.81,45.76,83.31,77.87
22.64,22.64,45.83,81.89,76.62
22.89,22.89,45.15,79.82,75.98
23.59,23.59,44.89,80.73,76.76
20.49,20.49,43.54,80.98,75.86
17.18,17.18,42.72,78.94,76.39
20.77,20.77,44.53,81.93,76.98
22.46,22.46,45.85,81.96,79.07
24.66,24.66,46.19,80.40,78.51
22.87,22.87,43.94,81.06,79.25
26.13,26.13,44.66,81.96,78.04
27.65,27.65,46.10,79.75,77.16
30.74,30.74,46.62,79.08,78.29
29.47,29.47,46.82,79.84,78.16
24.78,24.78,46.33,78.38,78.61
21.17,21.17,44.69,77.92,79.47
20.63,20.63,45.60,79.64,79.04
19.20,19.20,44.23,79.24,79.93
14.97,14.97,43.12,78.28,78.96
15.13,15.13,40.81,79.64,74.45
25.88,25.88,49.05,79.34,77.56
29.80,29.80,48.99,76.95,80.02
26.33,26.33,44.35,78.75,79.24
26.79,26.79,43.81,78.38,79.13
23.39,23.39,42.06,77.51,78.61
23.86,23.86,42.05,76.20,77.06
24.36,24.36,40.82,78.34,76.56
26.26,26.26,39.89,75.90,75.74
27.39,27.39,36.87,75.57,74.61
25.14,25.14,36.52,75.97,76.07
22.19,22.19,36.74,77.22,73.32
19.54,19.54,36.24,75.65,77.22
22.44,22.44,38.67,76.75,77.24
26.68,26.68,44.39,76.10,76.13
36.17,36.17,53.39,74.01,76.79
30.67,30.67,44.10,75.39,77.52
29.18,29.18,41.21,75.72,74.30
28.72,28.72,40.28,74.26,76.90
26.47,26.47,39.61,74.56,78.36
24.07,24.07,38.71,75.55,78.06
22.93,22.93,36.41,73.53,78.46
22.66,22.66,35.94,73.43,75.84
22.21,22.21,36.15,73.39,73.09
22.39,22.39,36.73,73.54,76.19
19.58,19.58,35.10,72.63,75.15
18.04,18.04,35.25,74.12,75.97
17.28,17.28,38.07,73.28,74.16
31.26,31.26,50.67,70.91,74.06
31.55,31.55,49.94,70.80,74.80
27.89,27.89,44.51,70.68,72.77
26.56,26.56,41.19,71.49,73.28
25.42,25.42,39.13,70.71,71.52
24.86,24.86,38.58,70.99,73.41
23.82,23.82,35.76,69.10,70.83
22.74,22.74,34.75,69.01,73.83
23.79,23.79,34.41,66.27,71.54
21.65,21.65,32.02,68.64,74.33
20.83,20.83,31.23,61.54,73.86
19.85,19.85,31.24,58.68,74.05
20.03,20.03,33.19,51.45,73.68
26.56,26.56,40.53,49.84,70.80
37.86,37.86,54.76,46.30,72.71
32.16,32.16,48.74,45.06,71.94
28.50,28.50,45.46,47.54,72.31
24.86,24.86,42.82,46.70,72.62
23.17,23.17,40.97,56.62,71.68
21.16,21.16,39.98,72.70,70.82
20.25,20.25,38.88,76.59,70.96
17.19,17.19,38.30,79.96,71.02
18.22,18.22,36.35,83.21,69.01
19.35,19.35,34.67,81.89,72.13
20.48,20.48,34.56,82.82,71.67
21.00,21.00,34.32,79.46,73.15
20.73,20.73,37.00,79.96,71.33
30.50,30.50,47.10,78.93,73.80
36.23,36.23,51.00,80.14,76.31
35.97,35.97,48.87,82.85,73.70
35.64,35.64,47.90,81.07,75.23
33.89,33.89,46.55,82.21,76.81
32.08,32.08,45.96,81.60,75.83
31.81,31.81,44.64,82.26,75.27
32.00,32.00,43.94,82.03,73.49
32.25,32.25,44.35,81.79,76.89
32.07,32.07,43.91,81.14,75.38
31.99,31.99,43.24,81.19,73.54
31.94,31.94,42.13,79.81,74.87
31.46,31.46,41.59,80.49,74.74
32.91,32.91,43.46,79.34,75.00
48.74,48.74,57.49,79.04,72.42
44.63,44.63,52.12,79.08,71.07
40.42,40.42,47.02,77.20,72.84
40.28,40.28,47.50,78.10,73.30
38.98,38.98,46.45,77.50,72.67
38.39,38.39,45.13,76.34,72.86
36.94,36.94,43.60,77.77,74.40
36.96,36.96,41.78,76.91,74.21
35.95,35.95,39.62,76.22,72.58
35.28,35.28,36.49,75.79,73.58
34.60,34.60,35.14,75.35,73.25
32.75,32.75,34.00,75.00,72.36
33.06,33.06,41.96,75.74,73.82
36.28,36.28,49.63,71.85,71.76
35.85,35.85,49.62,72.36,74.80
28.91,28.91,41.50,75.06,76.83
30.56,30.56,41.97,73.39,77.32
31.42,31.42,42.24,74.22,76.13
29.34,29.34,40.40,75.21,75.56
30.52,30.52,39.05,73.85,76.32
31.02,31.02,38.13,74.44,74.49
31.54,31.54,37.31,75.08,76.15
28.39,28.39,37.26,72.94,75.93
29.78,29.78,38.29,74.19,74.07
27.32,27.32,37.04,73.84,70.82
23.43,23.43,37.18,72.81,69.14
23.85,23.85,40.56,73.34,69.73
39.92,39.92,56.51,73.36,72.37
36.87,36.87,51.99,70.35,71.55
32.42,32.42,45.90,71.76,74.18
30.94,30.94,43.18,71.49,77.83
30.32,30.32,41.42,70.57,75.22
30.17,30.17,41.53,70.40,78.39
28.96,28.96,39.40,67.44,78.21
27.08,27.08,37.17,67.73,73.95
26.24,26.24,35.36,67.80,75.66
25.46,25.46,33.58,69.32,76.26
24.13,24.13,30.11,67.30,73.53
22.58,22.58,27.45,68.40,75.90
26.41,26.41,38.02,68.52,71.36
32.40,32.40,42.14,71.10,75.94
34.21,34.21,43.46,68.84,74.97
28.67,28.67,39.13,70.40,77.97
26.59,26.59,35.99,71.01,77.68
26.88,26.88,36.05,72.20,78.71
27.72,27.72,35.62,70.51,74.52
31.02,31.02,34.80,70.75,73.81
34.27,34.27,33.82,70.27,73.51
36.34,36.34,32.49,71.65,73.05
37.60,37.60,31.48,70.53,73.67
38.59,38.59,29.80,70.59,74.06
37.24,37.24,29.40,69.08,71.70
32.88,32.88,29.32,68.97,72.28
26.12,26.12,28.11,70.30,73.94
45.94,45.94,54.77,69.23,75.35
42.57,42.57,50.97,68.50,77.96
37.92,37.92,45.44,67.53,77.81
35.48,35.48,42.85,66.86,79.32
34.95,34.95,42.30,64.99,76.42
33.83,33.83,41.29,63.15,76.02
32.12,32.12,39.73,64.80,73.33
30.17,30.17,37.42,63.43,75.05
29.44,29.44,35.45,63.05,71.44
29.09,29.09,33.46,63.73,74.01
31.01,31.01,30.89,63.19,70.88
28.71,28.71,26.41,63.00,73.92
27.90,27.90,35.80,64.00,71.06
34.38,34.38,45.26,65.81,74.05
35.20,35.20,50.74,76.85,76.87
22.28,22.28,48.29,82.45,73.92
19.18,19.18,46.46,86.23,75.03
17.60,17.60,46.21,80.88,75.87
19.03,19.03,45.01,81.61,78.37
19.44,19.44,44.58,80.80,78.01
25.06,25.06,44.65,82.16,77.13
25.75,25.75,45.39,82.33,76.72
24.72,24.72,45.69,82.07,77.65
24.19,24.19,46.01,82.89,78.51
23.28,23.28,45.02,80.57,78.42
20.39,20.39,44.30,82.92,76.85
20.33,20.33,42.44,82.42,77.83
25.81,25.81,45.37,81.70,78.77
25.84,25.84,42.28,82.30,78.31
27.02,27.02,42.61,80.97,77.29
29.23,29.23,44.73,81.70,76.86
29.30,29.30,44.36,79.58,77.98
26.49,26.49,43.20,80.32,78.24
21.97,21.97,42.26,79.77,78.08
22.03,22.03,40.20,79.43,77.23
22.17,22.17,40.03,79.26,79.14
22.25,22.25,39.36,76.89,81.23
22.79,22.79,39.76,77.80,80.45
20.07,20.07,38.54,75.61,78.79
20.09,20.09,41.17,75.93,77.85
21.15,21.15,42.80,73.98,78.03
26.50,26.50,44.36,72.95,78.16
24.65,24.65,40.24,73.66,79.05
28.78,28.78,39.71,71.66,78.67
30.38,30.38,40.05,73.05,79.42
29.15,29.15,39.21,72.23,80.45
32.16,32.16,40.21,72.97,82.13
31.28,31.28,42.18,71.85,82.44
27.28,27.28,41.12,74.20,80.93
22.51,22.51,39.40,74.24,78.78
23.71,23.71,41.29,71.61,79.94
23.69,23.69,39.68,73.60,80.30
20.73,20.73,38.43,73.51,79.69
23.40,23.40,40.36,73.92,79.36
34.23,34.23,51.04,71.31,78.64
34.31,34.31,50.58,71.89,77.67
29.90,29.90,45.46,71.45,79.49
29.09,29.09,44.95,70.47,81.17
25.65,25.65,44.50,69.64,79.25
25.27,25.27,43.37,70.47,76.60
25.21,25.21,42.60,71.87,76.27
26.95,26.95,42.87,70.70,76.41
27.37,27.37,42.76,71.11,77.40
23.87,23.87,41.25,70.21,78.89
22.18,22.18,40.30,70.76,77.78
23.25,23.25,40.55,70.22,76.22
25.39,25.39,41.98,69.60,77.62
26.75,26.75,42.96,71.36,77.11
28.80,28.80,45.64,69.85,78.66
22.57,22.57,42.39,71.15,76.28
21.74,21.74,41.13,69.24,77.86
24.39,24.39,41.79,71.11,77.77
25.16,25.16,40.45,70.68,78.05
24.62,24.62,40.77,68.18,78.94
21.78,21.78,39.55,70.93,77.64
21.23,21.23,38.73,69.16,78.58
24.56,24.56,41.36,70.15,77.45
26.34,26.34,41.81,66.65,78.12
25.33,25.33,43.14,69.22,77.25
21.83,21.83,41.63,69.57,75.53
19.84,19.84,41.20,64.38,76.42
22.09,22.09,42.56,68.04,76.98
22.04,22.04,42.31,68.18,77.62
22.10,22.10,41.48,69.19,77.31
23.28,23.28,41.32,66.26,76.85
21.08,21.08,38.41,68.55,77.10
23.16,23.16,39.27,65.95,76.55
28.64,28.64,40.03,55.06,77.71
30.56,30.56,39.68,49.98,77.09
29.74,29.74,40.56,46.31,76.24
25.52,25.52,40.78,46.14,74.74
26.00,26.00,41.97,39.56,76.89
27.46,27.46,43.00,39.51,74.41
27.45,27.45,42.81,46.57,74.67
25.25,25.25,46.72,53.42,75.29
20.95,20.95,48.62,68.34,76.14
20.56,20.56,48.22,73.78,78.11
25.20,25.20,46.93,84.39,78.08
26.44,26.44,46.04,82.45,78.69
23.69,23.69,44.04,82.10,79.01
22.68,22.68,45.98,81.06,77.69
21.23,21.23,44.41,83.45,75.78
24.62,24.62,47.43,82.93,76.51
27.05,27.05,46.56,82.49,76.71
27.35,27.35,46.00,80.27,74.97
22.33,22.33,46.49,79.78,78.00
20.20,20.20,46.38,80.44,76.03
19.99,19.99,47.04,78.87,75.78
24.95,24.95,49.15,79.68,77.26
26.20,26.20,49.03,78.46,77.41
23.51,23.51,48.12,76.96,77.41
25.43,25.43,48.01,76.45,77.67
25.98,25.98,47.91,76.71,75.70
27.04,27.04,46.87,73.83,76.09
27.99,27.99,47.55,70.42,78.72
27.97,27.97,47.88,72.69,73.34
27.24,27.24,48.29,72.50,74.57
27.36,27.36,47.80,71.67,75.04
25.98,25.98,44.99,71.63,73.75
24.45,24.45,45.95,72.69,73.60
21.89,21.89,44.90,72.70,73.89
24.74,24.74,45.69,70.59,73.53
39.04,39.04,54.01,71.77,75.41
31.25,31.25,46.26,69.62,77.69
30.20,30.20,41.69,68.76,81.15
30.59,30.59,40.35,70.80,81.69
28.73,28.73,37.62,70.49,83.12
27.45,27.45,36.25,69.07,81.73
26.00,26.00,36.20,71.65,82.28
25.78,25.78,35.77,70.71,81.65
26.59,26.59,36.62,67.93,83.76
27.60,27.60,36.12,68.58,83.24
26.16,26.16,36.05,68.94,82.74
25.41,25.41,36.59,69.39,80.93
25.68,25.68,36.97,67.89,82.48
36.85,36.85,47.92,70.03,80.97
38.76,38.76,50.81,68.15,79.54
32.27,32.27,45.83,64.67,81.28
27.94,27.94,42.71,68.38,81.30
27.29,27.29,40.70,66.21,80.20
28.64,28.64,41.25,65.36,79.38
28.71,28.71,40.36,65.39,79.09
27.84,27.84,39.02,67.18,78.26
25.47,25.47,36.26,59.70,76.99
26.22,26.22,35.36,64.41,76.58
26.40,26.40,34.82,67.05,77.70
26.47,26.47,35.27,62.60,75.39
27.79,27.79,34.92,61.52,74.35
29.02,29.02,37.11,65.25,75.91
38.97,38.97,44.20,65.90,77.57
31.09,31.09,38.40,64.08,78.90
26.77,26.77,34.49,65.01,80.97
25.18,25.18,34.19,66.68,82.56
26.58,26.58,35.56,64.15,83.02
26.08,26.08,36.61,62.04,82.92
25.93,25.93,35.74,65.73,79.65
26.40,26.40,35.54,65.42,78.17
29.91,29.91,35.15,62.96,73.24
32.89,32.89,34.96,66.68,76.59
33.57,33.57,35.21,65.08,74.45
32.62,32.62,34.65,65.44,72.97
29.75,29.75,36.77,63.44,76.11
31.61,31.61,43.69,64.16,74.96
27.29,27.29,46.19,63.79,76.69
30.02,30.02,50.13,62.88,79.81
27.86,27.86,47.78,63.63,80.67
27.28,27.28,45.41,63.64,81.12
24.79,24.79,42.15,63.60,79.44
23.18,23.18,43.98,62.34,75.39
25.60,25.60,43.78,60.12,74.77
29.13,29.13,44.80,62.42,73.40
29.82,29.82,43.72,59.85,72.31
30.94,30.94,43.47,61.77,73.48
30.77,30.77,42.08,58.18,72.88
29.06,29.06,40.02,59.44,70.71
31.07,31.07,44.46,59.33,67.41
41.74,41.74,55.24,69.15,75.53
34.42,34.42,51.64,81.53,73.01
25.55,25.55,48.60,86.05,74.80
24.17,24.17,51.98,86.67,74.90
20.99,20.99,49.57,85.53,75.52
19.52,19.52,48.57,86.37,75.06
19.82,19.82,43.99,84.10,75.53
20.71,20.71,42.71,80.92,76.00
19.56,19.56,42.33,73.24,76.72
18.31,18.31,42.18,76.31,78.37
18.63,18.63,39.96,76.29,77.72
18.86,18.86,36.85,77.23,78.04
17.86,17.86,39.72,79.27,77.85
25.77,25.77,41.78,77.91,77.42
30.32,30.32,42.84,73.66,78.50
23.28,23.28,37.50,72.26,78.75
25.13,25.13,38.10,63.35,75.76
25.46,25.46,38.14,68.35,81.07
26.02,26.02,37.46,73.36,76.68
27.55,27.55,39.57,77.71,80.14
27.52,27.52,37.96,78.57,77.80
28.77,28.77,40.54,78.71,79.43
26.32,26.32,38.65,78.22,78.01
25.38,25.38,38.03,78.38,77.00
24.39,24.39,38.51,76.95,79.28
25.35,25.35,40.64,73.97,77.66
24.43,24.43,42.13,70.57,79.85
40.04,40.04,56.84,69.01,76.46
38.07,38.07,52.97,69.61,81.62
33.87,33.87,46.59,70.23,79.25
33.68,33.68,44.94,69.04,81.05
31.74,31.74,41.62,70.95,80.45
31.59,31.59,41.26,72.65,79.80
28.28,28.28,39.32,71.58,81.38
26.07,26.07,37.38,71.33,78.99
24.59,24.59,36.55,69.87,79.72
23.46,23.46,35.47,65.44,78.87
23.21,23.21,35.85,61.31,79.87
21.95,21.95,35.57,60.00,78.22
23.74,23.74,37.94,60.36,79.08
27.61,27.61,41.41,61.18,80.53
32.98,32.98,46.87,64.89,81.16
23.15,23.15,40.12,63.20,80.91
23.10,23.10,37.79,61.51,79.63
25.93,25.93,37.08,60.37,80.03
25.26,25.26,37.17,56.02,79.46
23.02,23.02,35.91,52.37,79.00
22.65,22.65,37.63,49.79,80.40
21.89,21.89,37.90,50.02,81.06
23.91,23.91,38.46,50.06,82.37
26.16,26.16,38.02,49.31,82.22
24.84,24.84,37.16,53.99,81.03
26.20,26.20,38.58,51.56,79.76
26.33,26.33,38.68,49.92,78.19
28.97,28.97,44.52,54.20,77.12
25.91,25.91,42.40,50.73,77.49
21.40,21.40,38.72,53.82,78.07
23.68,23.68,37.79,53.91,78.08
29.00,29.00,40.30,51.27,78.46
30.79,30.79,41.82,52.15,78.16
30.61,30.61,41.30,54.35,75.77
29.53,29.53,39.12,50.15,76.77
30.07,30.07,39.22,47.97,76.07
29.71,29.71,40.28,52.30,76.16
30.96,30.96,41.38,47.75,74.97
31.46,31.46,42.22,46.75,77.43
30.77,30.77,42.78,45.43,76.49
36.58,36.58,49.25,47.65,77.27
44.71,44.71,51.49,46.21,78.31
39.49,39.49,47.40,43.44,78.26
34.66,34.66,43.59,43.56,78.19
30.70,30.70,42.48,46.82,76.02
29.83,29.83,44.14,57.62,76.05
27.58,27.58,42.22,75.70,75.72
27.42,27.42,41.53,76.90,74.56
27.20,27.20,42.01,77.65,74.38
27.04,27.04,42.89,74.69,73.28
25.73,25.73,41.40,76.63,74.47
26.65,26.65,41.88,74.84,73.36
26.04,26.04,42.42,75.46,73.30
24.04,24.04,43.78,73.46,72.87
28.82,28.82,52.77,72.85,76.95
30.28,30.28,51.41,77.84,76.70
28.25,28.25,51.13,84.67,77.47
23.91,23.91,49.93,85.58,78.10
24.49,24.49,51.38,86.58,78.48
24.43,24.43,46.85,85.73,76.18
25.09,25.09,47.78,84.65,75.67
26.12,26.12,47.30,82.06,75.96
26.32,26.32,45.88,82.05,77.16
28.56,28.56,45.74,82.17,77.05
29.13,29.13,44.27,81.65,75.78
25.74,25.74,45.41,81.67,74.31
26.65,26.65,44.86,80.46,75.26
29.07,29.07,43.71,80.89,74.92
29.31,29.31,43.26,79.04,75.38
28.88,28.88,42.43,79.44,76.04
27.92,27.92,42.37,77.29,76.78
35.56,35.56,46.10,76.54,78.28
31.46,31.46,41.77,76.01,77.84
28.48,28.48,39.99,76.66,78.67
26.17,26.17,40.38,77.75,77.88
25.28,25.28,41.74,77.04,77.06
25.08,25.08,43.04,74.91,76.14
23.31,23.31,42.01,68.75,76.25
22.50,22.50,40.19,68.57,74.94
24.51,24.51,38.85,73.42,75.66
25.87,25.87,39.41,76.52,73.88
25.69,25.69,42.15,76.57,75.11
25.91,25.91,41.89,75.53,75.99
26.35,26.35,43.05,72.05,74.35
23.87,23.87,43.35,66.97,74.25
23.01,23.01,43.70,66.24,75.40
19.35,19.35,42.99,71.95,75.54
22.09,22.09,45.11,74.72,75.56
34.17,34.17,52.66,75.27,78.92
33.75,33.75,49.97,72.94,78.58
30.20,30.20,45.11,71.85,81.80
27.39,27.39,42.35,69.16,79.97
26.76,26.76,42.06,68.78,79.94
26.35,26.35,42.93,71.46,78.99
26.25,26.25,42.99,71.49,79.27
27.23,27.23,44.45,70.39,80.55
22.49,22.49,43.17,70.02,77.93
22.50,22.50,41.97,66.09,80.94
25.70,25.70,41.80,67.73,77.61
26.46,26.46,41.15,68.19,78.93
26.74,26.74,43.65,67.84,77.94
22.62,22.62,41.14,66.87,78.29
19.24,19.24,41.09,67.56,79.06
22.52,22.52,43.63,65.87,78.19
24.76,24.76,45.33,65.28,79.31
23.26,23.26,46.29,63.16,78.04
21.70,21.70,46.60,60.81,79.69
23.57,23.57,43.58,60.09,78.63
29.25,29.25,43.35,56.60,78.76
29.94,29.94,42.85,58.30,78.13
27.65,27.65,41.72,57.12,75.67
24.03,24.03,39.09,58.46,77.16
22.33,22.33,39.24,56.61,76.02
22.43,22.43,39.60,56.63,77.82
24.60,24.60,39.04,56.13,75.31
26.72,26.72,38.83,52.60,76.00
26.25,26.25,37.58,54.05,75.22
23.29,23.29,35.46,53.81,74.33
24.64,24.64,36.41,54.12,72.30
25.89,25.89,36.82,55.11,73.54
25.20,25.20,37.97,57.48,75.00
23.63,23.63,39.06,57.44,74.47
23.31,23.31,39.00,58.78,75.66
34.84,34.84,48.55,58.86,74.66
36.54,36.54,47.91,57.09,77.19
31.74,31.74,40.98,56.88,79.24
30.35,30.35,38.82,57.66,79.62
30.27,30.27,38.42,57.13,79.57
29.29,29.29,39.54,56.71,80.58
28.98,28.98,40.14,53.05,79.10
28.43,28.43,39.69,53.87,78.49
25.96,25.96,37.23,53.59,77.65
24.15,24.15,35.54,55.81,77.35
22.81,22.81,36.93,54.39,80.85
25.87,25.87,38.58,55.64,82.48
27.58,27.58,39.67,54.09,81.59
27.23,27.23,38.34,54.10,81.94
26.86,26.86,38.67,53.50,80.51
27.28,27.28,39.28,52.40,78.63
27.73,27.73,38.52,53.42,78.59
25.72,25.72,38.05,53.25,77.99
25.30,25.30,41.65,52.25,78.48
26.56,26.56,37.73,47.14,79.18
24.63,24.63,37.91,40.77,80.97
23.63,23.63,39.10,36.24,81.47
22.18,22.18,36.96,34.92,82.02
23.91,23.91,35.83,39.01,81.28
25.42,25.42,36.18,44.32,80.95
22.49,22.49,41.41,57.50,80.37
21.33,21.33,45.04,70.92,80.49
23.36,23.36,48.82,78.10,80.28
22.81,22.81,40.00,78.15,79.91
21.04,21.04,37.13,78.23,78.77
18.92,18.92,37.93,75.71,81.44
18.86,18.86,40.57,76.00,80.53
19.69,19.69,38.98,73.31,78.27
21.13,21.13,38.54,74.97,78.98
22.59,22.59,41.11,72.74,79.87
21.48,21.48,37.56,73.54,79.79
19.59,19.59,40.39,71.92,78.98
25.22,25.22,40.59,71.15,78.18
30.90,30.90,48.05,71.02,77.99
27.86,27.86,40.59,76.91,78.22
28.55,28.55,42.43,80.98,79.07
23.24,23.24,38.91,84.77,77.92
23.03,23.03,37.01,82.56,77.75
22.98,22.98,38.21,83.43,77.37
19.33,19.33,34.83,82.33,75.95
21.45,21.45,34.87,79.90,76.61
24.05,24.05,36.32,78.54,76.32
27.99,27.99,36.61,78.83,75.82
25.45,25.45,36.65,78.37,75.52
26.26,26.26,34.64,77.75,75.84
23.57,23.57,35.26,79.38,75.89
27.24,27.24,44.03,78.97,76.50
28.95,28.95,49.74,78.02,75.86
25.53,25.53,43.36,79.20,76.28
25.22,25.22,41.36,79.58,75.77
25.01,25.01,39.17,77.28,76.59
25.04,25.04,35.89,78.05,75.99
24.85,24.85,33.75,77.81,74.17
28.39,28.39,33.20,77.30,72.60
29.12,29.12,32.49,75.67,73.25
31.08,31.08,30.42,77.95,72.67
31.01,31.01,31.25,76.42,73.25
28.75,28.75,30.07,75.72,72.06
25.45,25.45,30.93,76.19,72.68
20.41,20.41,31.62,77.10,74.28
20.64,20.64,38.13,75.24,77.23
21.77,21.77,42.31,76.39,79.50
19.80,19.80,38.94,76.20,79.07
19.67,19.67,36.63,73.30,78.43
20.09,20.09,34.92,74.23,78.69
21.21,21.21,34.31,75.37,78.92
22.35,22.35,32.96,74.77,78.47
25.21,25.21,36.45,73.98,79.56
25.98,25.98,36.41,75.19,80.00
24.34,24.34,35.59,73.69,80.15
24.83,24.83,36.41,73.23,79.44
21.89,21.89,34.39,73.83,78.59
19.32,19.32,33.43,74.08,78.06
18.66,18.66,33.12,72.55,79.40
16.34,16.34,31.50,73.58,77.41
13.24,13.24,26.98,73.73,76.50
17.69,17.69,29.03,71.51,76.40
18.99,18.99,32.48,71.41,78.62
19.61,19.61,35.30,71.83,77.51
19.62,19.62,34.98,72.24,76.85
17.91,17.91,34.09,70.67,74.82
15.05,15.05,31.88,71.57,74.68
16.59,16.59,25.73,70.34,74.75
18.90,18.90,24.65,69.48,73.51
17.46,17.46,24.34,69.92,73.88
16.08,16.08,23.48,70.34,74.10
15.56,15.56,24.67,68.83,72.58
15.51,15.51,24.12,70.03,72.35
17.55,17.55,24.67,69.11,74.50
23.60,23.60,29.28,67.66,76.75
27.35,27.35,34.57,68.39,78.99
28.48,28.48,33.43,66.68,78.69
27.40,27.40,32.70,68.74,79.08
25.17,25.17,33.68,67.56,78.78
21.99,21.99,34.21,68.01,77.79
21.50,21.50,31.21,63.15,75.31
18.11,18.11,23.51,65.23,72.71
12.04,12.04,23.50,62.97,73.19
11.80,11.80,23.24,65.61,74.22
15.71,15.71,22.72,63.66,77.68
18.21,18.21,23.58,65.34,76.45
17.84,17.84,21.43,62.69,76.84
13.79,13.79,23.00,63.48,76.40
15.36,15.36,28.41,62.35,77.35
16.92,16.92,34.65,62.12,78.77
17.01,17.01,35.20,63.91,78.42
18.82,18.82,34.96,62.88,79.34
21.22,21.22,34.23,62.75,78.86
20.37,20.37,33.62,64.15,77.74
19.25,19.25,30.97,62.72,77.51
17.58,17.58,25.31,62.64,74.97
16.40,16.40,26.06,61.35,75.20
18.36,18.36,30.46,59.11,76.87
19.16,19.16,29.84,54.58,76.57
17.57,17.57,31.23,46.72,77.04
18.15,18.15,35.47,43.75,75.93
26.68,26.68,43.11,54.92,75.24
27.72,27.72,49.01,69.00,74.10
22.29,22.29,52.39,79.57,72.66
24.55,24.55,45.30,80.80,76.57
22.89,22.89,42.76,82.40,76.09
21.15,21.15,44.43,81.23,76.04
19.97,19.97,41.40,80.18,76.67
19.79,19.79,40.85,78.89,77.01
19.12,19.12,39.68,78.35,76.31
20.14,20.14,38.17,79.85,76.86
21.76,21.76,37.36,77.93,75.17
22.51,22.51,38.23,78.23,75.50
22.27,22.27,36.16,76.15,77.12
20.00,20.00,37.71,77.08,76.71
26.75,26.75,38.91,76.41,76.83
27.27,27.27,39.15,76.27,76.42
23.59,23.59,38.05,74.45,75.02
26.66,26.66,39.11,72.80,77.30
26.54,26.54,36.62,71.30,77.23
25.55,25.55,37.27,71.94,77.89
21.82,21.82,35.18,74.17,76.97
21.62,21.62,35.48,73.62,77.80
23.87,23.87,36.02,73.25,78.49
25.83,25.83,34.48,69.25,78.77
25.24,25.24,34.40,61.74,78.35
25.15,25.15,34.50,61.84,79.69
24.14,24.14,34.73,69.53,79.09
25.61,25.61,36.13,70.93,77.35
33.11,33.11,41.59,69.64,78.28
36.69,36.69,41.34,66.60,80.57
29.58,29.58,40.55,63.90,78.70
26.45,26.45,38.70,52.70,80.88
26.77,26.77,38.63,59.03,78.76
28.19,28.19,39.46,66.88,79.26
29.35,29.35,38.44,67.97,79.88
23.45,23.45,34.57,68.52,78.70
23.05,23.05,32.44,66.53,78.45
21.41,21.41,31.97,63.05,75.82
22.08,22.08,31.20,58.59,76.70
22.39,22.39,30.05,62.37,75.51
22.14,22.14,29.52,64.28,76.08
21.09,21.09,28.49,65.08,77.60
19.33,19.33,27.21,64.36,74.86
22.68,22.68,31.85,61.38,77.40
21.68,21.68,36.85,59.86,78.93
20.43,20.43,37.32,60.26,78.94
21.44,21.44,37.52,59.02,78.31
20.89,20.89,35.21,60.91,78.18
22.64,22.64,35.96,57.65,77.61
22.85,22.85,33.80,60.42,76.76
22.14,22.14,30.23,55.59,75.31
24.33,24.33,30.95,56.50,74.08
28.01,28.01,32.77,54.85,74.75
28.02,28.02,33.72,56.84,75.36
23.95,23.95,32.64,54.55,74.71
23.28,23.28,30.58,52.19,74.58
22.24,22.24,28.02,50.78,72.26
19.39,19.39,24.97,48.39,73.84
20.91,20.91,28.03,47.05,74.40
28.38,28.38,30.28,46.40,77.84
30.24,30.24,31.33,45.62,76.29
29.26,29.26,32.24,42.45,77.00
27.92,27.92,34.98,44.08,75.43
29.44,29.44,35.78,45.03,76.50
32.81,32.81,33.97,42.75,76.34
33.87,33.87,39.32,47.28,74.57
32.23,32.23,36.67,43.23,76.32
31.11,31.11,36.55,47.56,76.04
29.20,29.20,33.27,44.79,77.37
25.96,25.96,37.21,46.92,77.89
19.87,19.87,35.58,44.81,76.81
20.15,20.15,37.42,46.66,76.04
21.57,21.57,36.82,44.52,77.83
21.39,21.39,38.59,41.54,79.33
22.77,22.77,37.92,43.44,78.77
22.93,22.93,41.40,42.49,79.51
23.34,23.34,39.12,40.34,79.39
25.89,25.89,38.89,38.45,80.77
28.23,28.23,37.77,38.37,81.61
27.51,27.51,37.05,37.47,81.19
28.30,28.30,42.09,39.72,81.75
28.19,28.19,37.53,39.83,80.53
25.50,25.50,35.40,37.97,79.84
23.67,23.67,35.52,42.70,79.37
25.48,25.48,48.01,49.03,80.26
23.78,23.78,51.20,74.94,79.05
20.30,20.30,53.20,81.47,78.95
23.06,23.06,46.45,84.18,77.69
25.97,25.97,44.08,79.40,78.96
25.81,25.81,39.68,79.37,78.94
23.50,23.50,45.58,79.91,77.39
22.75,22.75,35.45,80.76,78.70
24.93,24.93,36.01,76.51,79.50
26.75,26.75,40.03,81.22,79.71
26.51,26.51,41.74,80.33,79.25
25.16,25.16,42.12,77.94,80.13
24.84,24.84,38.93,78.37,77.34
21.42,21.42,37.98,76.92,78.59
19.90,19.90,40.86,75.70,79.95
17.87,17.87,40.15,74.98,78.86
15.73,15.73,39.57,76.22,80.13
15.35,15.35,39.62,74.91,81.45
16.13,16.13,37.58,73.69,79.90
14.73,14.73,35.56,73.67,79.81
14.51,14.51,30.42,73.81,80.14
14.40,14.40,30.58,72.54,80.52
14.99,14.99,30.57,73.50,81.74
15.85,15.85,28.24,71.23,81.75
16.33,16.33,27.38,70.98,80.54
15.97,15.97,28.14,71.51,79.47
13.59,13.59,28.64,69.87,77.84
13.23,13.23,33.34,69.55,76.90
19.28,19.28,38.88,67.86,79.95
18.76,18.76,37.26,66.81,80.71
20.41,20.41,35.87,67.90,79.51
19.55,19.55,34.63,68.61,79.65
19.15,19.15,32.85,67.37,80.97
17.64,17.64,31.39,65.60,80.54
16.96,16.96,30.58,67.68,80.42
16.89,16.89,30.87,66.86,78.99
15.78,15.78,29.66,66.49,79.77
16.09,16.09,29.00,66.56,78.09
15.11,15.11,28.32,67.44,79.59
17.37,17.37,29.64,65.39,80.50
17.30,17.30,30.42,66.06,82.09
18.38,18.38,30.96,66.53,81.59
16.76,16.76,30.20,65.27,81.68
17.69,17.69,29.97,66.01,81.10
17.05,17.05,27.45,64.92,80.23
14.78,14.78,26.85,64.39,80.35
16.10,16.10,27.35,65.26,80.03
16.27,16.27,28.47,63.86,80.22
18.00,18.00,28.67,64.48,81.28
15.94,15.94,29.19,63.90,80.52
14.26,14.26,29.05,64.79,79.96
14.06,14.06,27.09,63.83,80.05
12.68,12.68,25.62,63.89,78.44
13.53,13.53,24.84,64.17,78.10
14.88,14.88,23.50,62.19,79.58
13.86,13.86,22.50,64.02,78.47
12.79,12.79,21.68,62.35,78.46
12.95,12.95,24.02,63.41,77.67
16.40,16.40,30.96,61.65,78.73
17.35,17.35,33.25,61.49,78.58
18.40,18.40,32.91,60.95,78.41
18.47,18.47,33.06,60.15,79.59
17.93,17.93,32.06,58.40,77.18
18.58,18.58,32.26,58.96,80.45
18.52,18.52,31.98,57.89,76.48
19.50,19.50,33.63,57.03,78.41
19.62,19.62,33.21,57.14,76.62
19.08,19.08,31.13,54.84,77.86
19.22,19.22,32.08,53.78,75.85
19.70,19.70,32.01,48.22,77.38
17.36,17.36,29.19,51.80,77.38
14.17,14.17,30.69,48.50,76.15
13.97,13.97,29.62,49.93,79.07
15.68,15.68,35.71,46.86,78.33
15.81,15.81,40.09,47.02,78.63
16.27,16.27,32.32,46.60,78.76
17.58,17.58,35.70,47.04,78.73
18.25,18.25,41.61,45.17,77.43
19.71,19.71,32.35,44.83,76.17
22.60,22.60,31.69,44.10,75.69
25.33,25.33,39.29,43.21,75.81
25.14,25.14,37.69,45.81,76.19
24.58,24.58,31.29,51.03,74.84
25.06,25.06,36.27,54.23,74.84
36.37,36.37,50.63,58.83,75.30
31.05,31.05,47.57,75.90,76.72
24.64,24.64,43.34,76.24,78.61
22.32,22.32,38.57,76.25,79.08
18.62,18.62,35.29,81.74,78.57
17.93,17.93,35.87,82.90,77.05
17.32,17.32,33.65,81.14,78.49
16.99,16.99,32.34,80.99,79.33
16.85,16.85,31.70,79.75,80.11
19.70,19.70,31.32,77.13,80.17
20.49,20.49,29.71,77.66,78.92
19.11,19.11,30.95,75.72,77.68
20.78,20.78,31.82,75.87,76.16
24.13,24.13,31.71,76.99,77.52
24.25,24.25,36.17,78.86,79.14
25.58,25.58,49.64,79.02,78.29
20.41,20.41,44.37,78.51,77.51
20.40,20.40,40.59,77.41,78.88
22.45,22.45,38.71,77.89,78.24
26.56,26.56,36.75,76.95,77.84
26.11,26.11,34.67,76.00,77.94
24.23,24.23,32.24,75.87,79.70
19.68,19.68,31.99,76.09,79.98
17.60,17.60,29.11,74.35,78.75
16.60,16.60,30.18,73.68,79.34
14.72,14.72,29.51,75.32,79.37
14.22,14.22,29.02,74.24,79.69
14.87,14.87,28.46,74.66,78.39
10.88,10.88,27.46,74.89,77.94
10.18,10.18,28.20,74.54,79.64
13.79,13.79,39.87,73.18,78.93
12.41,12.41,32.03,73.17,79.16
12.70,12.70,32.71,73.22,77.44
13.92,13.92,33.51,71.96,77.65
14.25,14.25,33.76,71.97,79.10
15.72,15.72,34.12,72.60,76.58
16.75,16.75,32.36,71.52,77.00
18.65,18.65,32.37,71.35,75.53
21.86,21.86,32.00,71.74,74.66
22.94,22.94,31.72,71.59,74.27
21.65,21.65,30.83,71.37,76.65
21.21,21.21,30.60,71.05,74.42
19.69,19.69,31.97,71.39,77.59
18.73,18.73,30.89,70.91,76.66
20.70,20.70,32.99,69.97,77.60
22.50,22.50,34.45,69.59,77.82
22.17,22.17,33.24,68.33,76.83
23.85,23.85,33.96,68.90,78.54
22.80,22.80,33.48,67.34,77.32
22.94,22.94,31.98,67.08,78.05
24.86,24.86,32.86,67.00,76.81
27.35,27.35,32.90,65.04,76.00
26.50,26.50,33.55,63.91,75.20
29.74,29.74,34.44,65.25,75.81
29.26,29.26,33.24,63.51,75.08
31.20,31.20,32.21,63.59,74.93
29.33,29.33,31.34,65.31,74.78
29.55,29.55,30.02,65.78,74.76
28.21,28.21,30.08,65.71,74.91
27.69,27.69,28.21,66.01,74.84
27.16,27.16,26.40,64.99,74.62
36.31,36.31,42.01,65.62,77.09
35.54,35.54,42.87,65.25,76.92
33.20,33.20,43.35,65.67,76.80
31.37,31.37,43.02,65.21,76.76
30.99,30.99,42.48,65.02,76.21
30.78,30.78,42.86,62.78,75.08
30.26,30.26,40.80,63.64,73.60
31.46,31.46,40.35,64.37,75.10
31.63,31.63,40.24,63.39,74.12
29.92,29.92,37.88,63.73,73.34
30.04,30.04,38.08,63.22,74.24
29.59,29.59,36.06,63.55,75.23
29.16,29.16,35.36,64.63,76.36
32.01,32.01,38.76,63.26,75.42
30.22,30.22,35.68,64.03,75.29
31.13,31.13,36.68,62.64,75.39
31.16,31.16,36.45,63.75,74.14
27.00,27.00,31.63,63.00,74.51
24.15,24.15,31.30,63.39,76.37
26.22,26.22,33.12,64.45,78.39
27.33,27.33,32.93,65.06,80.59
24.52,24.52,31.14,63.53,81.35
21.83,21.83,30.24,66.91,81.84
23.87,23.87,31.05,66.06,82.10
27.23,27.23,33.65,67.37,81.97
27.57,27.57,32.07,66.55,81.12
24.42,24.42,29.24,66.65,79.35
26.34,26.34,30.98,66.12,79.46
27.59,27.59,33.29,66.44,77.58
25.49,25.49,30.91,66.87,77.13
24.82,24.82,28.27,67.47,78.07
23.68,23.68,26.20,65.33,76.67
22.62,22.62,26.89,66.19,75.86
21.32,21.32,36.43,67.05,75.03
20.06,20.06,44.05,66.41,74.76
28.49,28.49,54.96,65.97,74.56
27.16,27.16,55.92,73.42,74.70
29.18,29.18,55.07,80.56,77.35
31.05,31.05,54.28,80.01,76.30
32.24,32.24,52.23,80.88,74.69
33.57,33.57,48.84,78.65,75.40
33.99,33.99,46.76,78.27,77.08
31.87,31.87,45.24,76.35,76.83
27.74,27.74,43.87,77.48,76.60
24.95,24.95,43.09,76.09,74.50
23.26,23.26,41.18,76.52,74.33
21.30,21.30,39.09,75.03,75.49
21.67,21.67,39.30,73.74,76.04
26.72,26.72,44.71,74.03,77.04
31.58,31.58,49.51,72.88,74.84
28.27,28.27,42.66,73.36,76.38
26.90,26.90,39.78,69.58,75.93
27.03,27.03,38.29,70.42,73.57
26.28,26.28,35.96,67.29,76.49
26.89,26.89,35.87,69.53,78.24
26.23,26.23,35.29,70.63,81.32
26.15,26.15,35.00,71.51,82.01
26.13,26.13,35.71,68.94,80.80
26.02,26.02,34.84,66.39,82.01
24.92,24.92,34.93,59.98,81.95
26.07,26.07,36.47,59.65,81.02
24.36,24.36,36.49,64.88,79.23
35.59,35.59,49.05,64.89,78.11
35.85,35.85,48.12,67.23,78.64
31.29,31.29,40.80,64.22,76.81
29.83,29.83,38.54,59.39,79.63
29.18,29.18,38.13,51.24,80.76
26.71,26.71,35.48,55.82,77.17
27.88,27.88,35.92,64.09,80.46
26.48,26.48,35.18,66.05,81.16
25.68,25.68,33.99,67.01,76.89
24.35,24.35,33.56,63.63,78.04
25.43,25.43,34.32,62.31,79.31
26.41,26.41,35.49,58.01,78.66
28.34,28.34,36.81,61.62,78.38
28.29,28.29,38.56,61.61,80.42
38.99,38.99,54.19,60.69,78.37
35.96,35.96,49.40,59.87,77.99
33.26,33.26,44.84,57.87,81.99
32.66,32.66,43.72,56.84,83.26
31.45,31.45,42.78,57.26,82.61
29.98,29.98,40.74,57.22,84.66
28.88,28.88,38.19,57.91,85.19
28.78,28.78,37.96,56.26,83.34
30.65,30.65,35.42,56.30,84.16
30.43,30.43,35.69,53.62,83.74
29.92,29.92,33.74,54.59,81.85
28.02,28.02,33.87,49.78,81.31
25.85,25.85,34.15,52.91,81.36
28.11,28.11,39.44,46.51,78.56
29.69,29.69,44.08,48.91,77.34
26.74,26.74,39.55,43.58,75.77
25.77,25.77,37.39,46.23,77.86
26.47,26.47,34.76,39.86,79.06
29.25,29.25,35.54,41.33,79.99
29.79,29.79,34.53,42.69,80.06
29.52,29.52,33.41,41.49,79.41
25.04,25.04,32.43,42.62,80.94
26.73,26.73,35.48,41.23,78.92
28.20,28.20,36.66,43.04,77.05
27.63,27.63,37.26,43.22,77.82
27.38,27.38,34.34,43.40,76.84
27.27,27.27,36.75,41.34,78.23
33.32,33.32,40.32,41.87,78.31
31.70,31.70,39.20,44.05,78.75
27.22,27.22,36.18,43.06,78.30
25.82,25.82,34.79,39.49,77.82
25.29,25.29,36.89,43.10,78.83
25.67,25.67,37.71,39.52,78.34
27.89,27.89,39.03,33.38,78.35
27.12,27.12,38.98,31.84,77.73
27.29,27.29,39.57,29.46,77.58
26.54,26.54,38.44,25.77,77.69
26.90,26.90,38.37,21.93,77.61
23.19,23.19,35.53,20.80,76.55
20.75,20.75,35.70,33.81,77.57
18.56,18.56,40.54,47.53,77.57
15.75,15.75,50.48,63.96,78.06
16.40,16.40,51.52,69.56,77.22
19.66,19.66,52.11,80.67,77.65
20.37,20.37,49.22,82.17,76.81
17.38,17.38,47.48,81.71,75.50
18.69,18.69,45.54,79.29,76.86
18.23,18.23,44.57,77.41,76.42
17.64,17.64,45.56,80.89,77.85
16.64,16.64,43.15,78.41,76.82
18.51,18.51,44.80,78.70,77.24
19.16,19.16,44.75,79.28,76.88
18.35,18.35,45.36,77.05,75.49
19.16,19.16,42.42,77.52,76.72
23.73,23.73,45.18,75.24,74.43
24.89,24.89,48.06,75.60,75.39
20.73,20.73,41.41,77.43,75.48
23.13,23.13,39.73,73.91,76.91
24.37,24.37,39.67,73.44,75.91
24.53,24.53,40.66,74.14,75.19
25.99,25.99,40.73,71.06,75.85
25.17,25.17,38.36,72.81,75.30
26.00,26.00,38.82,72.61,76.22
25.82,25.82,38.21,69.10,75.81
24.68,24.68,37.54,68.37,77.02
24.15,24.15,38.41,70.54,78.23
22.07,22.07,39.56,71.08,77.50
21.79,21.79,40.63,69.62,76.48
34.11,34.11,53.56,65.80,77.10
29.72,29.72,48.25,65.56,76.08
26.37,26.37,42.78,69.16,75.80
25.95,25.95,42.06,69.45,79.99
25.80,25.80,41.50,66.95,78.40
22.73,22.73,38.73,61.49,78.60
22.16,22.16,37.52,61.11,77.21
21.73,21.73,36.93,64.30,76.91
22.73,22.73,37.03,66.88,77.37
21.77,21.77,37.26,66.03,76.82
23.29,23.29,37.58,60.27,76.43
21.88,21.88,37.14,60.11,76.79
21.38,21.38,38.51,60.33,74.98
25.34,25.34,45.31,57.73,75.98
33.08,33.08,54.73,57.92,74.96
28.83,28.83,49.23,55.96,75.31
27.51,27.51,45.54,58.88,74.21
25.89,25.89,43.88,58.38,74.40
23.31,23.31,41.25,58.72,74.53
22.16,22.16,40.13,60.70,75.90
23.42,23.42,40.32,59.41,76.54
22.87,22.87,39.64,59.60,75.34
20.36,20.36,38.38,61.58,74.55
20.48,20.48,37.30,60.88,75.26
22.12,22.12,37.65,59.09,74.35
21.85,21.85,37.82,60.56,75.65
19.76,19.76,37.52,60.20,75.63
24.95,24.95,43.03,58.78,75.12
25.56,25.56,43.21,58.20,76.15
22.58,22.58,41.46,58.79,77.43
25.04,25.04,42.10,58.39,76.78
22.58,22.58,39.26,58.15,76.99
22.45,22.45,39.24,57.15,75.93
22.44,22.44,38.46,58.75,76.33
19.51,19.51,37.82,58.10,77.12
21.99,21.99,38.71,58.28,77.21
24.55,24.55,38.77,58.32,77.92
25.90,25.90,39.28,59.45,76.41
23.65,23.65,38.57,58.05,74.95
25.23,25.23,38.43,56.89,74.99
22.75,22.75,36.55,58.37,77.71
23.30,23.30,39.97,56.26,77.27
21.20,21.20,37.51,52.12,79.91
20.72,20.72,37.53,55.44,79.58
20.73,20.73,37.78,54.03,78.66
20.89,20.89,38.15,55.05,75.59
23.16,23.16,39.03,55.28,76.16
24.06,24.06,38.28,54.17,74.99
26.42,26.42,36.93,53.63,75.12
25.84,25.84,35.69,53.70,76.49
24.84,24.84,34.76,50.78,74.57
28.93,28.93,36.75,53.10,77.28
28.74,28.74,36.64,53.30,77.37
26.79,26.79,38.24,48.27,74.88
24.13,24.13,45.40,59.22,75.67
18.12,18.12,56.16,70.68,77.13
18.60,18.60,51.24,80.68,72.90
18.35,18.35,49.22,85.89,74.90
17.70,17.70,45.68,83.02,78.27
17.14,17.14,47.07,84.09,76.17
16.53,16.53,45.89,80.82,75.26
20.85,20.85,45.89,82.36,76.28
19.83,19.83,46.83,83.89,76.79
16.25,16.25,42.87,81.36,74.83
16.28,16.28,43.23,79.27,75.36
18.44,18.44,42.71,79.51,75.81
18.75,18.75,42.72,81.71,74.85
16.29,16.29,41.41,78.73,74.33
20.44,20.44,50.52,81.19,75.48
19.69,19.69,52.54,80.54,77.10
20.91,20.91,50.46,77.46,78.70
19.43,19.43,50.58,80.51,78.68
17.75,17.75,50.17,78.52,78.53
15.04,15.04,46.58,79.64,79.13
16.39,16.39,47.64,78.51,78.22
16.01,16.01,46.45,78.95,77.22
19.23,19.23,46.19,79.06,78.17
20.87,20.87,44.28,77.70,78.08
20.06,20.06,43.10,78.26,77.61
19.43,19.43,41.98,78.03,78.98
21.71,21.71,40.63,78.00,78.37
22.72,22.72,43.48,75.16,79.77
30.48,30.48,54.79,77.73,79.12
25.76,25.76,48.64,76.55,80.22
20.78,20.78,43.93,75.14,78.13
19.21,19.21,42.33,76.80,79.62
18.42,18.42,42.46,72.97,78.77
16.92,16.92,40.90,74.96,80.23
16.09,16.09,39.35,72.03,81.55
18.71,18.71,41.35,72.93,77.28
20.48,20.48,39.06,73.57,78.06
20.43,20.43,38.68,72.76,78.35
18.48,18.48,39.38,72.04,80.32
17.63,17.63,38.77,70.16,79.73
17.48,17.48,39.66,71.91,77.80
25.93,25.93,46.50,70.00,79.44
31.14,31.14,51.43,70.30,79.87
24.44,24.44,46.17,69.43,80.68
21.61,21.61,43.70,70.49,79.61
21.17,21.17,42.29,70.48,80.04
21.11,21.11,41.71,69.36,77.98
19.61,19.61,40.26,70.30,78.93
18.42,18.42,38.76,70.67,78.97
18.69,18.69,38.69,69.86,78.90
19.15,19.15,37.90,67.13,78.41
17.26,17.26,36.47,69.68,76.05
17.06,17.06,36.45,69.03,77.81
17.85,17.85,37.25,66.54,77.21
20.83,20.83,39.57,67.99,78.52
24.46,24.46,45.93,66.88,77.59
22.76,22.76,45.35,68.55,77.54
21.36,21.36,40.88,65.09,77.89
19.22,19.22,37.32,68.65,77.49
19.30,19.30,37.01,67.96,77.37
20.29,20.29,36.57,68.26,77.09
20.92,20.92,34.97,68.27,75.05
20.50,20.50,34.63,67.24,76.02
21.14,21.14,35.84,69.44,74.60
21.44,21.44,36.11,69.12,74.90
18.41,18.41,33.98,69.70,74.84
19.28,19.28,34.57,68.25,74.37
18.78,18.78,35.22,68.78,74.58
19.12,19.12,36.25,70.14,75.77
24.80,24.80,44.28,68.32,77.90
21.64,21.64,41.07,69.63,77.62
21.46,21.46,38.36,69.18,78.51
20.25,20.25,36.78,70.61,78.08
19.02,19.02,35.98,68.80,77.44
17.56,17.56,35.00,69.26,77.60
18.58,18.58,35.90,69.80,78.10
20.03,20.03,36.20,67.31,76.27
20.26,20.26,35.12,69.07,76.46
20.26,20.26,34.78,65.30,76.55
18.59,18.59,34.42,57.92,76.27
17.95,17.95,33.87,44.82,77.11
16.83,16.83,34.65,47.60,78.25
25.00,25.00,44.26,59.55,76.88
34.74,34.74,53.68,71.46,77.14
34.71,34.71,53.65,77.77,76.23
33.64,33.64,48.46,80.06,76.77
30.80,30.80,46.85,84.99,77.18
28.73,28.73,44.07,83.25,73.32
26.42,26.42,42.78,83.77,76.61
25.11,25.11,42.36,83.21,75.16
25.62,25.62,40.63,81.70,74.71
25.43,25.43,41.44,79.06,75.89
24.28,24.28,39.57,78.98,76.72
24.28,24.28,38.70,79.71,74.79
28.30,28.30,39.44,77.70,74.90
31.43,31.43,42.51,79.69,74.39
31.70,31.70,49.52,79.72,74.54
32.93,32.93,49.88,78.18,75.90
35.96,35.96,49.93,80.15,74.95
35.73,35.73,48.44,80.00,75.44
36.46,36.46,47.65,78.35,74.69
36.04,36.04,46.83,76.98,74.24
37.05,37.05,46.22,78.73,74.96
36.50,36.50,45.99,78.43,74.48
34.39,34.39,44.75,74.94,73.66
32.22,32.22,43.28,77.33,74.30
29.69,29.69,42.48,77.31,74.27
26.67,26.67,41.19,76.18,74.14
26.11,26.11,42.37,77.00,71.65
24.65,24.65,46.22,77.93,74.04
29.28,29.28,54.35,76.16,77.44
23.82,23.82,47.43,75.41,79.44
24.42,24.42,42.48,76.34,79.77
25.94,25.94,41.02,75.85,81.73
24.45,24.45,38.76,73.89,79.42
25.50,25.50,39.47,76.73,80.16
26.70,26.70,39.46,75.46,80.65
29.31,29.31,38.88,72.81,80.39
28.11,28.11,37.69,74.09,79.80
23.65,23.65,36.28,74.45,78.93
22.94,22.94,37.66,73.62,77.52
23.83,23.83,38.65,73.72,77.45
20.85,20.85,39.55,73.48,77.39
28.65,28.65,50.36,72.60,80.04
26.56,26.56,52.07,72.25,79.78
20.80,20.80,44.08,73.44,78.42
23.61,23.61,42.94,73.06,77.63
23.84,23.84,40.38,69.78,78.49
23.09,23.09,39.64,70.90,77.71
22.71,22.71,37.53,71.87,77.92
26.25,26.25,38.19,71.24,74.37
27.53,27.53,37.45,70.81,75.25
25.86,25.86,35.53,68.64,75.24
24.51,24.51,33.47,65.77,74.24
22.80,22.80,31.19,68.36,71.94
22.93,22.93,32.64,69.20,72.16
22.50,22.50,35.53,67.77,72.22
36.88,36.88,55.87,66.63,74.07
31.90,31.90,52.50,68.25,77.43
28.47,28.47,47.81,68.12,77.66
26.54,26.54,44.98,63.53,76.91
26.08,26.08,44.04,65.62,76.31
25.24,25.24,41.52,65.24,77.02
27.26,27.26,41.27,66.06,77.61
31.04,31.04,43.68,64.27,78.99
28.17,28.17,41.57,65.95,80.04
24.25,24.25,40.92,63.13,77.53
21.05,21.05,40.42,63.33,76.92
20.09,20.09,39.41,62.60,76.67
20.91,20.91,38.84,62.36,78.57
24.37,24.37,41.84,62.57,77.90
28.13,28.13,44.33,61.13,77.68
23.71,23.71,43.22,60.21,78.64
22.75,22.75,41.95,58.14,78.39
21.89,21.89,41.47,59.86,78.30
22.21,22.21,39.74,58.76,77.77
23.05,23.05,37.65,58.74,79.05
21.31,21.31,38.14,57.33,79.39
22.35,22.35,38.64,57.70,78.53
20.85,20.85,38.42,56.38,77.43
18.74,18.74,35.91,55.30,75.46
17.48,17.48,35.71,52.54,74.73
16.57,16.57,34.96,51.22,75.55
15.29,15.29,37.37,52.47,74.42
31.00,31.00,51.00,58.07,73.56
34.31,34.31,55.80,72.80,72.85
27.74,27.74,50.66,81.23,72.89
25.16,25.16,47.53,84.72,73.60
21.57,21.57,45.70,84.17,72.54
19.59,19.59,47.20,82.20,74.29
18.12,18.12,44.48,79.82,72.52
20.62,20.62,44.18,78.36,71.18
21.85,21.85,43.98,79.98,74.13
21.68,21.68,43.35,81.37,71.88
23.07,23.07,43.13,82.73,73.81
24.92,24.92,43.40,81.04,72.29
26.43,26.43,44.37,80.16,72.00
27.14,27.14,45.85,80.08,74.23
36.55,36.55,56.06,77.95,74.98
28.72,28.72,48.41,80.75,74.50
27.53,27.53,46.15,79.04,74.56
25.96,25.96,45.03,79.95,73.27
25.60,25.60,45.37,79.69,74.11
27.81,27.81,46.69,78.39,73.30
30.45,30.45,47.02,79.61,74.82
27.62,27.62,45.66,77.54,75.64
22.80,22.80,44.02,79.31,76.96
21.78,21.78,43.94,78.22,76.00
23.08,23.08,45.13,78.21,73.31
23.27,23.27,45.05,78.27,74.08
23.01,23.01,45.85,76.36,74.74
23.41,23.41,49.34,77.53,74.18
28.79,28.79,54.11,76.59,77.32
31.09,31.09,50.10,76.10,78.11
31.40,31.40,46.63,76.92,78.85
30.63,30.63,45.81,74.93,78.75
27.51,27.51,43.27,76.35,77.14
25.30,25.30,42.42,74.00,77.12
24.42,24.42,41.32,75.85,76.67
30.52,30.52,43.34,74.29,74.36
34.02,34.02,44.36,72.44,75.49
33.67,33.67,44.52,73.75,76.06
32.61,32.61,44.52,72.25,75.33
28.41,28.41,43.35,72.16,76.14
26.63,26.63,43.42,69.15,75.59
29.90,29.90,46.10,70.94,74.66
30.35,30.35,46.68,70.87,75.61
28.77,28.77,44.34,67.59,74.22
27.30,27.30,42.71,68.72,73.10
25.86,25.86,42.41,66.85,74.57
30.48,30.48,43.26,66.71,74.71
35.00,35.00,43.77,63.52,74.19
35.56,35.56,43.96,66.56,73.45
31.73,31.73,42.68,66.43,76.19
28.17,28.17,41.33,63.34,75.24
30.54,30.54,43.11,64.54,74.09
30.84,30.84,43.03,63.18,71.99
29.23,29.23,42.26,61.84,76.44
26.87,26.87,43.81,62.67,74.05
27.92,27.92,47.27,60.15,76.07
29.48,29.48,46.29,59.99,74.52
28.21,28.21,45.71,57.47,74.56
28.75,28.75,44.58,59.18,76.06
27.87,27.87,44.55,56.32,76.69
26.71,26.71,44.49,58.12,77.34
26.96,26.96,45.93,59.36,75.60
26.33,26.33,44.25,58.27,74.39
26.64,26.64,44.96,57.14,74.33
25.39,25.39,45.12,59.49,74.66
23.79,23.79,42.90,58.38,75.59
25.09,25.09,42.82,56.73,74.41
23.88,23.88,42.67,60.48,73.38
25.07,25.07,45.25,56.78,76.26
23.35,23.35,42.35,59.22,78.39
21.83,21.83,42.04,58.72,79.34
23.59,23.59,41.48,56.18,77.49
24.99,24.99,43.75,61.48,78.18
24.94,24.94,44.39,59.37,76.82
23.51,23.51,42.70,53.60,76.54
22.91,22.91,42.29,41.95,76.86
25.16,25.16,43.02,37.06,77.02
28.70,28.70,45.10,37.64,77.49
27.25,27.25,44.48,34.52,77.37
22.26,22.26,43.38,38.19,76.89
18.75,18.75,42.46,43.46,77.13
17.10,17.10,43.99,51.46,77.44
22.84,22.84,52.12,58.13,78.22
22.96,22.96,52.77,76.94,76.62
19.79,19.79,50.44,83.60,77.44
19.46,19.46,46.93,82.52,76.31
24.28,24.28,50.59,82.10,76.99
26.31,26.31,50.25,80.04,77.32
24.59,24.59,47.66,81.82,79.20
25.83,25.83,46.99,80.98,81.10
18.34,18.34,45.12,82.92,79.88
20.47,20.47,46.48,79.50,78.14
21.57,21.57,47.39,76.83,76.43
24.69,24.69,46.35,81.28,76.30
22.01,22.01,43.19,79.73,77.46
20.61,20.61,46.13,79.43,74.96
23.05,23.05,45.30,76.52,80.37
23.95,23.95,44.98,78.02,77.80
23.01,23.01,44.26,77.07,79.01
20.01,20.01,44.75,76.99,77.42
16.69,16.69,43.56,78.46,76.14
19.44,19.44,43.83,77.38,75.49
20.98,20.98,45.41,77.09,75.87
20.63,20.63,45.46,75.96,77.33
18.11,18.11,43.46,78.72,76.82
19.16,19.16,43.99,76.85,76.80
20.04,20.04,43.64,75.56,77.46
22.45,22.45,44.23,77.16,77.51
24.73,24.73,44.17,75.97,77.48
32.75,32.75,46.54,76.57,77.32
33.52,33.52,47.37,74.71,79.88
25.73,25.73,45.53,74.92,80.09
28.73,28.73,45.89,74.21,79.29
29.25,29.25,45.60,72.42,78.61
30.39,30.39,44.66,73.14,79.99
32.53,32.53,44.22,72.53,79.34
28.31,28.31,43.83,72.49,78.54
27.56,27.56,43.97,69.36,79.19
26.09,26.09,45.19,72.03,79.99
25.51,25.51,45.46,70.05,78.12
23.09,23.09,45.14,70.33,78.78
24.84,24.84,44.99,70.29,78.74
23.56,23.56,44.48,68.44,78.54
26.54,26.54,47.69,70.07,79.91
30.57,30.57,45.55,69.24,78.42
24.52,24.52,44.99,70.45,78.71
28.29,28.29,45.43,68.19,78.22
29.83,29.83,45.13,70.05,79.15
31.87,31.87,46.27,69.33,78.42
28.77,28.77,45.99,67.06,77.71
25.26,25.26,45.62,67.40,77.91
24.26,24.26,44.27,67.88,79.12
30.37,30.37,43.56,68.20,78.89
25.29,25.29,45.81,65.14,77.67
21.48,21.48,43.47,66.66,77.23
23.30,23.30,41.85,65.89,77.20
23.91,23.91,44.84,65.09,77.06
26.99,26.99,47.88,66.97,75.97
27.45,27.45,46.32,66.59,76.98
26.03,26.03,44.52,67.50,76.66
25.19,25.19,43.93,66.22,77.45
26.40,26.40,43.05,69.25,76.53
25.00,25.00,41.55,66.42,76.72
23.80,23.80,40.46,67.13,76.02
22.51,22.51,39.80,67.85,75.94
21.64,21.64,39.05,66.96,74.68
21.80,21.80,36.73,67.80,73.68
21.38,21.38,33.63,67.60,73.57
20.33,20.33,33.40,68.66,74.49
21.64,21.64,36.76,66.56,73.76
38.49,38.49,50.42,68.90,76.17
37.81,37.81,49.68,68.57,75.75
32.00,32.00,43.19,67.13,77.34
31.46,31.46,40.77,67.42,77.58
30.35,30.35,39.00,67.51,77.89
28.48,28.48,38.02,68.03,77.83
29.40,29.40,39.42,66.87,77.94
28.19,28.19,37.83,67.99,77.02
28.43,28.43,36.51,67.00,77.75
26.92,26.92,35.04,64.86,77.68
25.08,25.08,33.39,60.80,77.78
26.23,26.23,34.75,50.21,77.89
23.25,23.25,36.39,46.56,76.73
20.90,20.90,37.75,50.11,76.68
23.73,23.73,49.79,62.10,75.42
31.90,31.90,54.86,76.48,78.83
26.18,26.18,46.81,78.50,75.75
20.73,20.73,43.21,78.91,78.06
22.38,22.38,41.86,80.85,76.48
23.57,23.57,40.00,78.50,76.17
22.32,22.32,39.72,76.56,76.58
23.55,23.55,40.07,73.06,75.56
24.89,24.89,38.78,66.87,74.25
25.69,25.69,39.94,70.83,73.64
26.21,26.21,39.99,74.33,72.52
24.20,24.20,38.77,75.30,72.12
23.20,23.20,38.27,77.16,72.42
37.65,37.65,51.68,74.73,76.74
30.08,30.08,44.39,76.26,76.01
28.40,28.40,41.02,72.35,76.04
30.28,30.28,39.52,67.29,76.88
29.29,29.29,39.35,60.36,75.94
27.02,27.02,37.92,60.15,74.69
26.08,26.08,38.14,63.72,75.39
25.45,25.45,37.72,68.36,75.12
26.24,26.24,37.22,70.59,74.74
25.65,25.65,40.06,70.65,74.95
26.17,26.17,38.97,70.30,74.86
28.83,28.83,39.95,71.56,74.47
28.89,28.89,38.69,69.84,75.56
31.66,31.66,42.83,69.11,75.38
35.52,35.52,53.90,66.04,78.03
32.53,32.53,49.05,64.14,78.21
27.66,27.66,44.68,61.72,78.61
25.35,25.35,42.82,58.86,79.28
24.32,24.32,41.64,53.50,80.16
23.20,23.20,38.17,56.74,77.49
23.18,23.18,37.72,59.88,78.70
23.48,23.48,36.96,59.29,78.98
25.98,25.98,37.55,61.57,76.91
22.75,22.75,37.05,61.41,76.03
20.49,20.49,38.33,57.75,76.87
19.04,19.04,36.93,53.97,76.66
19.68,19.68,36.37,41.52,74.76
19.02,19.02,36.28,40.44,75.84
19.70,19.70,40.66,49.89,74.44
19.82,19.82,43.62,49.08,75.41
16.26,16.26,39.88,48.89,74.62
16.23,16.23,37.28,47.84,75.39
18.68,18.68,38.01,46.15,74.23
16.39,16.39,38.53,40.85,73.37
16.74,16.74,39.02,36.77,74.47
18.41,18.41,38.89,39.38,74.99
21.17,21.17,39.12,34.51,74.05
20.90,20.90,41.07,43.25,74.84
19.05,19.05,39.36,40.86,73.68
23.05,23.05,39.21,32.46,73.58
22.13,22.13,41.38,40.29,75.29
20.70,20.70,40.15,35.85,74.39
22.52,22.52,42.10,36.04,76.62
20.64,20.64,40.97,36.27,76.46
16.07,16.07,39.46,35.19,76.26
16.97,16.97,41.29,37.13,76.35
17.43,17.43,41.70,35.31,76.21
18.35,18.35,42.86,39.27,78.89
14.38,14.38,41.67,37.27,76.77
14.57,14.57,39.41,35.97,77.53
16.69,16.69,40.29,35.03,78.10
18.45,18.45,40.67,36.13,78.45
19.32,19.32,43.16,37.10,77.83
18.37,18.37,43.69,39.54,76.27
15.24,15.24,40.29,36.87,77.40
14.80,14.80,43.00,37.06,77.89
14.86,14.86,41.08,35.90,78.18
17.35,17.35,39.29,29.64,79.89
19.96,19.96,39.85,26.70,79.45
24.55,24.55,43.86,24.73,79.11
25.36,25.36,45.55,33.80,81.19
23.65,23.65,43.30,26.46,82.31
22.05,22.05,43.49,28.06,80.25
21.85,21.85,39.37,19.05,80.23
17.05,17.05,40.20,27.52,80.39
23.04,23.04,45.39,31.71,79.81
30.11,30.11,51.38,28.21,81.91
27.64,27.64,46.03,40.10,81.04
24.92,24.92,45.12,45.89,80.61
27.75,27.75,46.75,66.94,83.86
33.47,33.47,47.12,79.21,83.77
36.72,36.72,48.67,77.05,83.71
36.13,36.13,46.06,79.00,84.60
31.82,31.82,44.44,78.86,84.14
27.49,27.49,43.13,74.88,82.05
27.82,27.82,43.06,73.68,82.09
27.15,27.15,42.61,67.78,82.21
23.97,23.97,40.47,67.91,82.22
21.20,21.20,41.70,71.93,82.78
24.23,24.23,43.02,73.85,80.18
26.36,26.36,44.50,75.57,79.73
30.36,30.36,43.29,74.20,78.74
30.15,30.15,41.12,73.89,76.78
21.45,21.45,41.04,71.98,77.03
14.45,14.45,40.67,65.01,78.42
11.26,11.26,40.37,59.52,78.28
12.77,12.77,39.67,57.48,77.82
14.39,14.39,41.19,63.63,77.11
14.01,14.01,43.11,67.89,76.88
16.50,16.50,44.57,69.76,76.80
22.43,22.43,43.62,70.56,75.22
23.33,23.33,42.55,69.38,75.38
16.88,16.88,42.43,70.42,76.22
14.33,14.33,43.08,68.63,78.31
15.17,15.17,42.62,69.23,76.99
15.27,15.27,42.03,65.40,76.79
14.19,14.19,41.29,64.49,77.78
14.94,14.94,43.32,60.52,76.74
13.62,13.62,43.10,54.31,77.36
12.23,12.23,42.86,50.30,77.49
19.35,19.35,42.78,49.18,77.54
19.43,19.43,42.21,55.72,77.10
13.70,13.70,41.06,57.45,76.92
13.18,13.18,41.58,59.85,77.19
12.90,12.90,39.98,57.87,76.17
15.04,15.04,41.43,56.67,76.99
13.54,13.54,40.45,53.18,75.76
12.29,12.29,38.66,46.10,77.56
14.49,14.49,40.34,42.35,78.10
13.69,13.69,42.03,47.32,77.62
17.27,17.27,42.16,48.07,77.83
20.15,20.15,43.92,45.04,75.15
19.79,19.79,42.15,48.22,76.52
15.86,15.86,40.96,47.13,76.65
14.86,14.86,41.28,38.22,76.66
16.12,16.12,39.28,38.73,76.71
15.98,15.98,39.87,40.16,76.63
15.04,15.04,40.61,38.89,75.69
15.15,15.15,42.47,39.56,75.41
20.08,20.08,41.67,37.45,74.85
23.67,23.67,42.24,42.79,74.39
22.85,22.85,40.87,36.52,75.08
19.09,19.09,39.98,34.26,74.77
16.59,16.59,41.64,29.49,74.25
17.03,17.03,39.37,32.05,74.44
16.67,16.67,43.76,39.25,76.32
16.26,16.26,41.69,37.84,75.85
14.86,14.86,41.56,39.53,75.86
19.13,19.13,42.42,38.86,76.41
22.29,22.29,41.35,38.31,75.50
21.67,21.67,45.27,36.35,75.40
20.37,20.37,42.72,38.49,73.17
21.40,21.40,40.27,36.85,72.93
23.36,23.36,39.69,39.93,71.73
26.13,26.13,41.23,30.46,71.71
24.02,24.02,39.05,37.22,73.20
21.54,21.54,37.47,41.93,73.72
23.47,23.47,41.12,50.45,75.70
20.64,20.64,40.17,47.47,78.61
21.62,21.62,35.06,45.18,80.46
23.14,23.14,37.71,44.54,82.43
21.42,21.42,38.64,37.30,82.10
20.55,20.55,39.73,41.06,82.22
21.89,21.89,40.83,38.69,79.27
21.81,21.81,47.46,35.66,77.38
24.37,24.37,45.90,35.91,79.00
29.13,29.13,48.26,35.42,78.06
25.99,25.99,43.90,39.16,78.09
22.60,22.60,45.83,41.62,77.31
18.69,18.69,43.52,45.07,78.17
24.07,24.07,49.84,56.57,76.96
30.52,30.52,56.15,77.85,82.00
25.06,25.06,47.69,82.05,83.74
25.22,25.22,43.90,80.74,83.27
25.96,25.96,43.85,69.54,83.36
26.53,26.53,45.12,71.65,82.97
26.98,26.98,42.60,73.21,81.72
28.16,28.16,40.43,73.75,80.54
28.26,28.26,40.41,69.61,76.77
28.31,28.31,38.37,66.41,73.32
28.67,28.67,36.97,65.64,72.26
28.84,28.84,35.77,72.15,70.45
28.20,28.20,35.71,70.56,71.78
28.80,28.80,37.30,64.07,74.06
42.56,42.56,51.81,65.56,74.93
39.13,39.13,47.67,62.88,75.01
35.70,35.70,41.49,67.38,74.82
34.32,34.32,40.38,67.67,74.27
32.68,32.68,38.84,64.70,74.92
30.59,30.59,34.03,66.19,74.75
31.15,31.15,33.64,64.58,74.57
31.58,31.58,35.27,63.13,74.00
30.73,30.73,33.11,64.02,73.18
29.22,29.22,31.56,65.53,72.86
26.85,26.85,29.30,64.51,72.21
24.28,24.28,28.48,64.55,72.13
21.43,21.43,31.86,65.78,69.98
23.38,23.38,38.18,61.95,70.05
34.14,34.14,55.36,60.19,77.66
33.22,33.22,50.04,61.11,80.78
33.12,33.12,47.15,58.73,81.71
32.67,32.67,44.25,60.18,81.52
32.92,32.92,42.13,62.90,80.36
32.76,32.76,40.97,63.79,80.52
32.14,32.14,38.72,59.63,79.36
32.62,32.62,37.01,60.54,78.00
31.12,31.12,35.19,58.04,76.82
29.98,29.98,33.95,56.93,75.26
29.11,29.11,32.39,54.49,76.04
28.41,28.41,32.07,48.86,75.38
27.57,27.57,34.96,49.06,74.63
35.97,35.97,43.19,47.75,75.73
38.43,38.43,44.87,48.96,77.88
35.42,35.42,42.20,53.96,76.56
32.77,32.77,38.96,50.36,76.60
31.97,31.97,37.74,48.38,75.92
31.37,31.37,37.36,47.84,75.02
31.30,31.30,36.47,53.50,75.46
29.51,29.51,34.69,53.34,74.52
28.80,28.80,33.81,49.05,73.91
28.95,28.95,32.38,43.34,74.11
28.53,28.53,31.44,44.83,72.41
26.89,26.89,30.02,48.87,72.46
24.12,24.12,30.38,47.30,72.00
19.93,19.93,33.37,42.74,72.95
36.79,36.79,53.59,43.07,72.58
36.13,36.13,51.61,44.82,72.38
33.59,33.59,45.80,45.99,71.40
32.39,32.39,43.06,41.44,72.19
30.86,30.86,40.06,45.65,72.17
28.10,28.10,36.56,44.85,71.61
26.58,26.58,35.37,45.78,72.04
25.41,25.41,36.45,45.83,70.99
25.05,25.05,34.98,44.44,69.16
24.24,24.24,34.89,44.44,70.15
23.22,23.22,31.65,45.46,69.35
22.13,22.13,35.61,44.71,70.09
22.41,22.41,36.14,47.21,70.87
28.97,28.97,43.71,46.57,72.33
42.77,42.77,54.93,44.18,71.31
34.69,34.69,45.33,41.73,69.97
37.45,37.45,42.73,45.50,72.13
36.93,36.93,41.06,44.68,72.60
33.08,33.08,39.12,45.34,71.60
28.10,28.10,37.64,45.24,71.11
29.12,29.12,43.07,51.00,71.99
33.79,33.79,49.48,58.81,80.63
34.63,34.63,48.83,57.89,82.41
34.54,34.54,49.18,55.42,78.55
33.86,33.86,46.15,50.55,77.70
31.07,31.07,44.79,49.74,78.48
27.41,27.41,44.86,53.78,77.68
27.62,27.62,51.92,63.42,78.32
27.92,27.92,54.59,79.96,80.47
27.13,27.13,52.36,81.78,82.31
27.12,27.12,51.03,75.46,82.46
26.35,26.35,49.94,75.27,82.98
25.70,25.70,49.53,77.87,81.60
25.66,25.66,49.45,78.54,80.04
26.35,26.35,49.07,72.54,78.40
27.37,27.37,47.59,77.21,76.65
28.26,28.26,46.12,80.38,74.02
29.76,29.76,45.91,78.59,74.31
30.64,30.64,44.66,76.78,74.50
31.03,31.03,43.49,79.23,73.72
29.16,29.16,39.46,78.45,73.16
42.93,42.93,53.76,75.40,74.35
41.69,41.69,50.97,76.44,75.16
38.55,38.55,44.44,76.27,74.49
39.55,39.55,44.07,72.54,74.68
43.16,43.16,44.53,73.96,75.03
44.16,44.16,42.67,70.92,72.91
42.91,42.91,41.29,73.41,72.35
41.07,41.07,40.16,72.80,72.79
40.97,40.97,38.31,70.45,69.94
41.24,41.24,38.05,72.04,71.40
39.50,39.50,36.72,70.51,70.00
36.96,36.96,36.27,71.73,71.64
35.59,35.59,37.62,73.37,72.30
36.67,36.67,42.23,70.97,74.01
39.03,39.03,51.44,72.78,81.61
31.59,31.59,46.68,72.66,80.16
29.79,29.79,44.98,71.55,77.11
29.36,29.36,43.53,72.62,76.22
29.43,29.43,42.27,70.55,75.74
27.93,27.93,39.66,72.48,76.53
27.57,27.57,37.47,71.70,75.97
28.33,28.33,36.94,69.44,76.00
29.55,29.55,36.23,71.84,76.25
29.96,29.96,35.10,69.29,75.46
29.63,29.63,33.78,69.06,74.25
30.17,30.17,34.33,69.42,75.65
31.96,31.96,36.55,68.16,75.60
41.88,41.88,50.20,70.01,76.87
43.96,43.96,52.70,70.62,77.33
39.88,39.88,46.81,69.49,76.18
37.60,37.60,43.91,71.53,75.52
36.53,36.53,42.28,69.36,75.74
34.92,34.92,39.61,71.15,77.21
33.49,33.49,37.77,70.57,76.29
31.56,31.56,35.39,69.13,76.03
31.58,31.58,34.09,70.60,75.88
31.39,31.39,32.72,68.79,74.81
30.89,30.89,31.37,67.83,74.83
28.79,28.79,29.85,65.89,74.95
27.95,27.95,31.85,65.90,74.00
29.09,29.09,37.58,67.94,73.74
40.89,40.89,56.72,66.63,71.21
35.24,35.24,49.48,66.63,69.79
34.35,34.35,45.02,68.24,70.29
34.69,34.69,42.97,66.40,69.61
34.93,34.93,41.62,67.90,68.96
36.77,36.77,38.87,66.43,68.66
39.16,39.16,36.29,64.72,67.69
39.58,39.58,34.79,67.10,67.57
40.16,40.16,32.85,64.38,68.70
40.84,40.84,32.53,64.79,68.62
39.74,39.74,31.00,65.54,67.37
37.31,37.31,31.50,61.68,68.31
33.42,33.42,35.97,64.06,67.64
37.14,37.14,45.02,61.47,70.23
47.00,47.00,56.17,60.53,75.14
41.98,41.98,48.49,62.12,73.48
40.66,40.66,44.57,60.98,73.65
42.01,42.01,43.95,60.93,75.10
42.92,42.92,43.09,60.75,74.94
41.93,41.93,41.11,58.52,73.28
40.96,40.96,38.71,60.96,74.77
39.93,39.93,37.38,58.52,74.14
38.60,38.60,35.33,59.77,71.35
38.23,38.23,33.56,58.85,73.31
36.79,36.79,32.27,57.96,73.99
35.94,35.94,35.65,58.19,69.71
37.33,37.33,43.90,59.47,73.38
41.30,41.30,55.24,70.08,73.68
36.51,36.51,53.98,84.12,73.59
32.51,32.51,46.17,85.09,70.88
35.38,35.38,45.94,79.57,77.03
37.55,37.55,43.46,74.39,73.15
37.00,37.00,41.63,73.75,75.83
37.00,37.00,39.94,75.38,75.18
37.00,37.00,38.34,75.14,71.87
36.98,36.98,37.61,71.11,74.71
35.47,35.47,33.75,62.54,70.73
34.99,34.99,33.57,70.33,74.68
33.91,33.91,33.49,69.64,69.51
34.36,34.36,36.66,70.61,74.56
34.77,34.77,38.65,71.33,73.54
47.44,47.44,53.71,60.97,73.03
40.68,40.68,45.02,65.93,73.21
38.56,38.56,41.47,69.30,71.72
34.06,34.06,39.38,69.58,72.00
31.50,31.50,37.90,68.93,71.80
31.21,31.21,35.84,68.04,72.16
32.32,32.32,35.29,64.19,70.84
31.28,31.28,33.58,64.90,71.41
30.70,30.70,31.86,63.45,70.12
29.22,29.22,30.10,68.50,69.55
27.84,27.84,28.21,67.39,68.12
23.88,23.88,26.29,66.41,68.24
21.29,21.29,29.25,64.90,64.49
27.99,27.99,46.14,59.47,70.66
30.98,30.98,53.63,58.53,81.17
28.12,28.12,48.12,66.59,80.92
29.50,29.50,45.05,65.34,81.09
31.38,31.38,42.75,64.63,81.42
32.49,32.49,40.59,63.71,80.97
33.27,33.27,38.61,58.66,79.65
34.12,34.12,36.72,55.89,79.50
33.36,33.36,33.71,57.02,76.37
32.56,32.56,33.00,62.53,76.13
31.45,31.45,31.25,60.51,74.28
30.65,30.65,31.52,55.57,74.26
31.63,31.63,31.20,53.75,74.89
33.03,33.03,33.75,55.88,74.01
42.96,42.96,43.34,54.31,77.00
39.32,39.32,41.15,51.99,77.09
35.90,35.90,37.24,50.53,77.08
35.60,35.60,35.20,49.17,76.76
35.56,35.56,34.51,51.54,76.18
34.82,34.82,36.51,52.82,76.67
34.20,34.20,36.27,51.11,77.01
33.49,33.49,33.06,50.91,75.65
31.57,31.57,30.59,44.35,75.47
29.98,29.98,29.35,46.19,74.96
28.76,28.76,28.77,49.24,74.49
26.71,26.71,30.75,52.16,73.16
23.48,23.48,30.79,49.75,73.12
25.84,25.84,39.61,44.20,73.39
33.10,33.10,54.62,47.88,76.39
30.90,30.90,49.55,52.45,76.81
31.76,31.76,46.96,47.94,76.72
32.23,32.23,44.86,49.08,76.47
33.14,33.14,43.40,50.36,76.16
33.02,33.02,41.55,52.21,76.61
32.68,32.68,40.74,53.27,75.79
31.41,31.41,40.11,57.23,75.24
30.34,30.34,39.73,54.17,73.82
28.81,28.81,39.53,50.84,74.06
27.27,27.27,37.92,50.50,72.84
26.07,26.07,37.97,51.49,72.87
25.07,25.07,40.27,49.99,72.15
37.25,37.25,50.44,47.62,72.45
41.95,41.95,51.14,46.53,73.06
37.92,37.92,43.51,49.46,74.49
35.42,35.42,41.29,48.87,74.55
32.33,32.33,41.05,47.38,72.88
27.99,27.99,38.78,46.67,72.45
25.04,25.04,41.21,48.60,72.30
33.83,33.83,49.24,55.81,74.98
34.73,34.73,50.11,59.81,82.07
31.79,31.79,47.81,57.86,80.59
32.14,32.14,47.68,53.57,76.88
33.76,33.76,49.82,51.08,77.04
31.09,31.09,48.33,53.73,77.02
27.65,27.65,48.26,57.17,77.43
31.91,31.91,58.21,67.34,80.79
30.31,30.31,57.97,74.60,84.41
33.56,33.56,55.09,83.37,81.30
34.54,34.54,53.92,86.85,79.37
30.96,30.96,51.34,84.77,80.33
29.19,29.19,50.19,82.90,80.12
28.04,28.04,49.70,80.33,79.33
27.74,27.74,49.24,78.23,76.44
27.61,27.61,48.23,75.51,74.98
28.01,28.01,46.32,74.02,72.76
28.12,28.12,45.35,78.46,73.93
24.03,24.03,44.78,81.88,75.27
21.32,21.32,43.62,83.04,72.96
28.71,28.71,47.54,82.47,72.57
42.29,42.29,56.13,83.18,71.27
37.75,37.75,49.69,79.85,72.38
36.51,36.51,45.75,75.36,71.64
39.68,39.68,46.29,68.63,74.82
41.85,41.85,45.46,68.30,72.07
41.49,41.49,43.89,75.45,73.41
41.15,41.15,42.73,78.48,72.10
39.79,39.79,39.84,79.36,70.97
40.34,40.34,38.19,78.87,69.54
40.80,40.80,37.18,76.84,70.70
38.83,38.83,36.25,78.69,70.13
35.58,35.58,35.05,75.54,69.54
35.67,35.67,36.53,74.68,71.80
39.09,39.09,47.74,71.74,75.01
38.71,38.71,48.27,65.45,84.88
36.13,36.13,42.13,66.12,88.20
35.40,35.40,41.04,57.98,87.21
36.57,36.57,40.63,60.05,86.43
36.57,36.57,39.52,67.97,86.15
35.36,35.36,37.82,69.27,85.91
34.76,34.76,36.41,72.63,85.51
34.68,34.68,35.24,70.04,85.00
35.36,35.36,35.89,68.49,85.47
33.80,33.80,35.08,65.15,85.03
32.41,32.41,35.53,62.60,85.09
31.13,31.13,37.40,57.41,84.23
30.00,30.00,37.64,60.74,83.07
42.78,42.78,55.92,62.99,82.52
38.62,38.62,49.86,65.43,81.15
35.94,35.94,44.93,64.47,80.95
36.29,36.29,43.90,64.52,79.30
36.19,36.19,42.18,60.81,79.82
35.06,35.06,39.11,59.19,78.82
33.23,33.23,36.54,55.30,77.46
31.96,31.96,34.94,54.86,77.66
30.83,30.83,32.07,54.61,76.40
28.79,28.79,31.96,56.56,75.97
27.39,27.39,31.88,56.64,74.84
25.77,25.77,32.46,56.86,74.32
24.52,24.52,34.10,54.71,74.34
34.59,34.59,47.16,55.29,72.92
41.88,41.88,55.90,52.91,71.58
36.24,36.24,47.15,51.58,70.74
36.39,36.39,45.11,54.87,71.13
35.43,35.43,42.42,53.43,71.21
34.19,34.19,40.48,51.14,70.34
32.82,32.82,38.17,53.98,71.50
29.78,29.78,36.10,55.34,69.58
29.48,29.48,34.51,52.95,70.41
30.36,30.36,34.43,51.97,68.93
30.15,30.15,36.30,51.53,69.79
29.92,29.92,34.52,50.86,68.72
29.67,29.67,34.41,49.64,68.91
29.09,29.09,37.26,47.66,70.32
42.16,42.16,54.90,48.73,74.05
44.48,44.48,54.95,45.88,73.23
40.00,40.00,47.73,43.63,74.57
40.83,40.83,46.09,43.17,74.28
42.00,42.00,45.57,44.26,74.16
42.34,42.34,44.51,44.90,74.23
40.84,40.84,42.15,39.93,76.52
40.10,40.10,40.22,42.26,74.97
38.68,38.68,38.59,39.83,72.80
36.30,36.30,37.78,42.10,74.76
34.59,34.59,36.43,42.27,72.76
33.17,33.17,35.01,43.61,71.47
34.25,34.25,40.34,49.15,73.40
34.24,34.24,48.19,54.42,73.45
38.39,38.39,58.27,69.31,74.65
33.45,33.45,52.44,85.45,72.89
33.01,33.01,46.91,83.05,74.05
34.83,34.83,44.38,75.87,76.34
35.93,35.93,43.41,71.99,72.09
36.14,36.14,42.92,75.16,77.84
36.73,36.73,41.80,77.20,71.84
35.94,35.94,39.55,75.23,74.55
35.80,35.80,37.70,67.78,73.78
35.38,35.38,35.90,66.04,71.60
34.15,34.15,34.21,69.00,75.60
33.09,33.09,34.08,71.21,71.82
33.40,33.40,36.96,70.02,75.48
40.26,40.26,46.17,67.28,72.80
45.59,45.59,53.22,59.93,75.51
39.47,39.47,44.90,67.28,71.34
39.74,39.74,44.23,68.10,73.30
37.97,37.97,41.91,69.24,73.38
35.30,35.30,38.95,69.90,71.18
34.55,34.55,36.97,63.69,71.81
32.62,32.62,34.73,63.45,70.78
31.68,31.68,34.03,61.92,67.53
31.13,31.13,32.90,66.29,70.56
29.70,29.70,30.75,64.79,68.17
27.46,27.46,28.72,67.71,69.44
26.69,26.69,30.82,65.23,67.49
27.50,27.50,34.75,61.56,70.18
36.56,36.56,52.83,58.34,77.82
34.72,34.72,50.66,63.43,80.73
35.07,35.07,46.80,65.32,78.61
32.08,32.08,42.91,65.24,76.76
32.09,32.09,42.49,61.52,76.94
30.08,30.08,40.49,61.73,75.46
29.02,29.02,37.51,57.84,73.81
26.93,26.93,34.92,55.64,75.59
27.58,27.58,34.24,58.32,75.91
28.30,28.30,33.86,55.35,75.53
29.04,29.04,31.67,55.52,74.02
29.47,29.47,30.87,53.14,74.87
32.04,32.04,32.87,53.50,74.00
32.98,32.98,38.89,53.65,74.60
40.95,40.95,47.20,49.48,74.97
37.55,37.55,43.34,50.66,74.18
34.43,34.43,40.01,53.52,75.03
34.36,34.36,37.04,52.18,73.96
32.62,32.62,37.67,50.30,72.82
32.99,32.99,38.47,50.66,73.61
31.05,31.05,37.37,50.90,72.82
29.10,29.10,41.07,50.29,72.48
29.31,29.31,34.84,51.32,71.67
30.37,30.37,39.50,46.77,71.15
29.88,29.88,34.81,47.34,70.24
25.61,25.61,36.36,48.96,71.83
26.11,26.11,37.61,47.84,71.53
33.58,33.58,48.72,47.13,74.32
33.74,33.74,53.06,47.75,79.57
30.85,30.85,49.36,52.11,80.23
31.28,31.28,47.61,46.61,81.67
30.39,30.39,44.33,48.64,81.16
29.70,29.70,43.68,56.58,79.78
29.54,29.54,43.58,53.61,79.04
29.04,29.04,43.62,51.84,78.07
28.77,28.77,40.63,46.82,75.51
29.70,29.70,40.41,46.92,74.51
29.66,29.66,39.95,45.56,73.94
29.85,29.85,40.87,43.85,73.28
30.51,30.51,38.12,47.44,72.20
32.82,32.82,39.78,46.94,71.44
39.19,39.19,56.44,44.31,75.31
36.49,36.49,49.61,39.81,75.29
36.10,36.10,46.35,41.31,73.48
35.93,35.93,44.92,38.24,74.18
33.45,33.45,43.07,37.30,75.16
32.16,32.16,41.02,38.18,73.57
32.11,32.11,41.67,37.70,73.93
32.01,32.01,37.69,33.99,73.51
32.32,32.32,40.17,33.70,73.74
32.30,32.30,40.79,30.38,72.45
32.05,32.05,34.51,30.93,72.62
28.47,28.47,33.13,35.85,72.59
23.44,23.44,33.64,45.28,73.28
25.62,25.62,43.22,51.80,73.94
32.47,32.47,56.61,70.41,77.61
23.42,23.42,53.60,82.23,80.27
23.61,23.61,48.13,80.38,80.39
22.59,22.59,43.77,83.78,81.73
24.25,24.25,43.60,82.14,81.25
23.02,23.02,45.91,82.23,80.09
24.55,24.55,44.93,84.30,78.49
26.31,26.31,45.15,83.33,78.96
27.11,27.11,44.35,83.68,77.30
27.13,27.13,42.29,81.89,74.80
26.43,26.43,39.48,81.56,73.91
27.08,27.08,33.22,80.41,71.60
28.21,28.21,33.61,78.42,72.90
41.02,41.02,49.99,79.03,75.16
42.89,42.89,50.88,75.34,78.82
37.32,37.32,45.05,76.31,76.27
35.17,35.17,42.41,72.11,76.03
36.53,36.53,44.59,73.10,75.78
35.37,35.37,43.14,68.31,74.37
33.37,33.37,40.13,65.97,75.35
34.47,34.47,39.27,71.44,74.37
33.26,33.26,38.03,64.25,75.64
33.30,33.30,36.33,72.06,72.25
32.28,32.28,35.57,64.78,74.19
29.32,29.32,33.99,67.65,71.93
27.15,27.15,37.26,68.89,73.47
25.32,25.32,39.97,61.43,72.23
31.90,31.90,50.57,65.13,77.03
30.46,30.46,48.35,60.66,78.33
28.27,28.27,46.55,64.39,76.97
29.26,29.26,45.78,62.16,77.62
30.27,30.27,44.63,59.38,76.19
31.96,31.96,43.37,63.77,77.20
31.73,31.73,40.80,58.83,75.51
31.87,31.87,40.00,66.06,75.44
32.02,32.02,37.94,60.63,72.79
32.34,32.34,36.86,66.48,73.25
32.37,32.37,37.37,63.36,73.45
32.08,32.08,35.80,59.24,72.44
32.44,32.44,36.53,62.29,72.21
37.61,37.61,43.29,60.21,71.54
38.60,38.60,46.07,61.47,73.57
35.86,35.86,42.50,59.13,73.39
34.20,34.20,39.64,60.18,72.57
34.36,34.36,39.30,60.25,73.20
33.90,33.90,37.23,61.10,72.82
32.80,32.80,37.18,61.49,72.66
33.31,33.31,35.52,59.61,71.41
33.22,33.22,35.07,59.66,72.78
32.44,32.44,31.86,58.23,72.11
31.83,31.83,31.97,57.68,71.57
32.62,32.62,29.21,57.71,70.45
32.53,32.53,31.44,55.77,70.78
31.88,31.88,34.87,56.01,70.73
41.12,41.12,48.11,55.59,74.26
38.70,38.70,46.29,57.03,75.19
36.49,36.49,40.82,57.24,72.25
35.26,35.26,37.71,56.23,72.81
36.24,36.24,37.47,55.86,71.68
36.76,36.76,37.41,54.62,71.84
36.33,36.33,34.59,53.94,70.93
36.13,36.13,32.88,54.86,69.64
35.74,35.74,31.61,56.05,69.14
35.92,35.92,33.40,55.43,69.18
35.89,35.89,31.29,54.74,68.60
33.98,33.98,31.75,54.96,67.91
32.30,32.30,35.63,54.96,68.14
33.43,33.43,40.59,55.14,67.00
45.01,45.01,56.89,56.03,74.14
43.09,43.09,52.45,56.52,73.26
39.67,39.67,46.27,55.48,74.44
38.86,38.86,43.42,54.54,73.42
38.75,38.75,41.36,55.43,72.54
37.94,37.94,40.07,56.69,72.99
37.28,37.28,39.98,57.27,72.12
36.19,36.19,37.41,57.75,70.36
35.46,35.46,36.46,57.78,69.33
33.49,33.49,39.86,57.60,70.11
31.49,31.49,34.24,57.98,69.29
26.95,26.95,31.22,58.59,69.82
29.45,29.45,36.20,59.37,71.47
31.46,31.46,44.59,62.79,73.86
35.03,35.03,49.83,79.33,78.92
25.54,25.54,41.83,81.79,81.00
27.81,27.81,38.82,80.01,79.71
28.93,28.93,39.22,66.53,80.99
29.95,29.95,39.67,73.50,80.47
29.85,29.85,36.21,74.35,80.36
30.31,30.31,34.19,71.40,79.15
32.10,32.10,33.77,67.64,78.37
33.56,33.56,32.43,66.45,76.92
32.66,32.66,31.18,68.32,74.87
34.04,34.04,32.31,71.23,72.93
34.77,34.77,33.67,69.53,71.90
33.30,33.30,34.13,66.43,73.34
45.23,45.23,52.66,66.23,72.43
43.49,43.49,50.53,61.53,74.86
39.75,39.75,45.68,67.17,72.62
38.37,38.37,43.19,68.68,73.11
37.57,37.57,42.33,63.38,69.97
36.06,36.06,39.59,68.40,72.16
36.18,36.18,38.93,63.47,70.56
35.98,35.98,37.22,62.43,70.54
34.23,34.23,34.85,64.41,71.29
33.16,33.16,32.99,65.45,67.56
31.96,31.96,31.34,63.59,70.03
29.88,29.88,30.65,66.51,68.12
27.32,27.32,31.60,66.04,67.29
28.11,28.11,36.38,62.03,68.52
35.93,35.93,46.05,63.50,77.64
35.01,35.01,44.16,60.96,81.29
33.85,33.85,42.68,57.94,82.56
32.42,32.42,40.90,55.16,81.14
32.12,32.12,39.73,60.15,80.24
33.97,33.97,40.02,63.00,79.47
32.60,32.60,38.23,57.72,79.69
32.05,32.05,36.73,56.60,79.50
29.61,29.61,35.50,57.41,79.04
28.60,28.60,36.16,56.30,79.33
27.69,27.69,37.64,53.40,79.15
26.20,26.20,37.81,52.71,79.51
25.10,25.10,38.36,52.14,79.95
32.67,32.67,49.55,53.81,76.97
33.62,33.62,51.87,50.66,76.73
28.79,28.79,45.97,50.08,77.09
28.84,28.84,44.79,46.09,75.75
29.51,29.51,43.03,45.86,76.49
26.14,26.14,39.86,47.44,76.55
24.75,24.75,38.19,47.72,75.96
22.34,22.34,36.40,46.09,75.54
21.71,21.71,35.44,44.17,75.98
22.50,22.50,34.73,40.95,75.58
21.99,21.99,34.87,40.55,73.95
20.45,20.45,35.40,49.90,73.71
20.99,20.99,35.23,44.68,74.53
23.25,23.25,36.46,42.63,73.73
25.06,25.06,39.66,41.67,73.89
22.47,22.47,36.55,42.63,74.02
26.17,26.17,38.29,42.89,74.05
27.78,27.78,38.45,43.91,73.39
27.07,27.07,35.81,44.62,72.29
26.35,26.35,37.68,45.68,72.30
25.58,25.58,37.71,45.78,70.91
28.65,28.65,38.08,46.17,71.01
26.61,26.61,36.10,46.25,70.82
25.94,25.94,39.40,46.31,69.51
27.73,27.73,37.68,47.80,70.38
25.33,25.33,36.57,47.67,68.92
25.24,25.24,36.62,46.72,69.61
26.53,26.53,41.86,47.09,69.55
31.42,31.42,44.91,47.24,72.45
33.16,33.16,40.48,45.73,72.82
30.50,30.50,39.71,44.62,72.83
27.67,27.67,39.52,47.06,73.41
26.82,26.82,37.13,46.76,73.04
27.39,27.39,40.13,45.60,72.32
25.69,25.69,39.82,46.03,72.16
26.17,26.17,38.52,45.60,71.65
27.79,27.79,37.52,46.63,71.57
26.71,26.71,39.23,46.90,72.84
26.37,26.37,39.32,47.35,73.33
25.83,25.83,38.09,47.47,73.17
25.30,25.30,39.18,44.08,72.56
36.09,36.09,47.11,47.28,72.94
40.43,40.43,46.82,45.98,73.47
34.82,34.82,39.54,46.10,73.56
33.85,33.85,36.97,46.77,72.15
34.37,34.37,36.95,45.82,71.99
33.11,33.11,37.11,45.26,71.67
32.76,32.76,34.94,45.48,71.30
33.56,33.56,36.69,44.36,69.79
32.84,32.84,35.27,44.91,70.89
32.35,32.35,34.85,43.75,70.54
30.73,30.73,38.98,43.52,72.42
31.26,31.26,37.65,44.40,71.59
34.03,34.03,39.71,43.60,72.69
38.12,38.12,44.22,41.89,74.51
41.52,41.52,56.90,42.21,76.29
36.31,36.31,49.12,41.47,75.32
34.86,34.86,45.88,39.01,76.60
34.05,34.05,43.72,40.92,77.11
33.60,33.60,42.06,41.03,76.91
33.68,33.68,40.82,41.07,76.15
32.39,32.39,39.76,40.57,75.71
30.36,30.36,40.48,41.67,74.68
31.20,31.20,38.98,40.86,74.86
33.01,33.01,37.66,40.57,74.44
33.41,33.41,38.38,39.60,74.48
33.56,33.56,38.20,38.84,73.66
32.45,32.45,37.63,38.17,74.21
37.94,37.94,45.81,40.32,74.30
44.54,44.54,53.79,40.18,73.41
40.85,40.85,47.77,35.89,73.38
38.82,38.82,44.57,37.11,73.04
37.76,37.76,42.99,37.64,72.68
37.26,37.26,41.02,38.28,72.10
35.03,35.03,39.46,35.56,70.58
34.69,34.69,37.43,37.20,71.54
33.00,33.00,37.16,35.97,70.76
34.58,34.58,35.25,32.29,71.42
34.91,34.91,33.10,29.17,70.70
31.72,31.72,35.50,35.92,68.78
32.13,32.13,34.14,34.87,70.74
27.00,27.00,33.93,32.85,69.16
39.20,39.20,54.91,35.33,73.19
36.51,36.51,51.65,34.06,73.39
33.46,33.46,45.00,29.87,74.63
33.85,33.85,44.48,28.71,72.58
33.11,33.11,42.29,25.41,72.60
33.46,33.46,40.31,32.79,70.97
34.07,34.07,38.86,31.80,70.80
33.71,33.71,37.38,27.20,71.74
32.20,32.20,39.98,26.48,68.93
31.99,31.99,37.74,27.50,70.82
30.85,30.85,34.02,27.85,69.35
32.65,32.65,36.36,27.37,69.89
30.67,30.67,36.64,30.08,69.38
33.34,33.34,41.86,33.21,70.20
39.87,39.87,48.14,29.00,72.60
37.98,37.98,45.65,30.83,72.60
34.94,34.94,40.31,23.81,72.35
34.43,34.43,38.27,28.79,72.96
33.96,33.96,40.49,25.70,71.71
34.48,34.48,37.04,26.03,71.78
35.41,35.41,38.23,24.82,71.66
35.02,35.02,36.30,23.29,71.58
33.68,33.68,36.34,24.88,71.76
32.52,32.52,37.27,22.78,70.79
33.38,33.38,36.42,20.86,71.24
32.90,32.90,34.26,24.90,71.29
36.53,36.53,38.37,27.13,72.82
42.70,42.70,49.28,30.68,75.46
45.04,45.04,51.48,27.39,76.23
37.76,37.76,43.46,28.32,75.96
38.04,38.04,42.53,23.83,74.63
38.70,38.70,41.93,20.98,75.50
37.36,37.36,38.98,23.71,75.49
36.18,36.18,38.06,24.42,74.70
34.85,34.85,37.05,17.72,74.23
33.43,33.43,37.99,24.07,74.12
38.60,38.60,40.56,24.90,73.04
38.37,38.37,36.14,24.71,75.30
32.82,32.82,33.84,32.29,73.73
30.01,30.01,33.40,42.74,73.74
28.85,28.85,42.78,51.07,74.43
36.70,36.70,53.25,67.80,73.84
31.91,31.91,51.86,83.15,76.77
25.30,25.30,44.12,85.24,78.05
25.47,25.47,41.86,79.57,79.38
22.54,22.54,41.01,72.14,79.08
22.70,22.70,40.11,72.49,78.85
19.73,19.73,38.47,75.17,77.14
20.11,20.11,38.01,74.27,76.86
19.43,19.43,37.45,69.74,77.40
18.15,18.15,35.68,58.69,77.45
18.65,18.65,35.72,70.60,77.67
18.46,18.46,35.88,70.21,77.82
18.45,18.45,36.18,71.13,79.16
26.95,26.95,41.82,70.55,79.16
40.94,40.94,50.96,62.26,77.87
32.37,32.37,41.64,66.03,76.32
32.66,32.66,39.52,69.77,76.81
29.95,29.95,37.17,70.17,76.52
26.03,26.03,35.02,69.81,77.35
25.24,25.24,35.38,68.81,76.55
23.31,23.31,34.88,65.74,77.09
21.36,21.36,34.14,61.34,77.01
21.73,21.73,34.45,64.75,77.10
22.35,22.35,33.82,68.42,77.27
22.57,22.57,34.40,69.03,78.62
25.73,25.73,39.28,64.05,77.79
23.16,23.16,39.36,63.00,78.50
27.86,27.86,51.55,62.95,78.55
26.23,26.23,52.43,61.59,80.11
28.70,28.70,47.92,63.58,79.46
28.34,28.34,46.70,66.12,81.56
25.90,25.90,44.45,62.97,80.74
23.33,23.33,43.77,59.58,78.67
20.87,20.87,41.59,56.27,79.54
19.59,19.59,41.91,58.48,77.45
19.97,19.97,41.06,58.16,79.01
21.07,21.07,41.16,58.00,77.75
22.15,22.15,41.33,54.80,79.41
23.32,23.32,39.52,54.58,79.96
23.15,23.15,38.95,53.16,79.29
25.93,25.93,41.28,55.09,77.24
26.50,26.50,45.20,54.39,79.03
23.86,23.86,42.07,53.00,78.19
27.00,27.00,42.30,51.79,76.82
26.76,26.76,40.86,51.08,77.70
25.47,25.47,39.62,53.79,77.15
26.24,26.24,39.85,50.46,77.77
24.14,24.14,40.06,49.97,77.58
22.45,22.45,38.22,49.53,76.66
23.13,23.13,40.50,49.97,75.98
23.69,23.69,38.96,48.29,75.50
24.99,24.99,39.81,50.88,76.35
25.60,25.60,39.34,49.99,77.98
25.70,25.70,40.41,48.20,76.16
33.49,33.49,50.79,44.27,73.93
35.68,35.68,52.86,45.51,73.78
29.44,29.44,45.62,47.66,75.30
29.26,29.26,43.62,46.76,73.67
28.33,28.33,41.53,41.87,76.82
25.80,25.80,39.27,40.42,74.36
24.22,24.22,38.26,40.97,75.17
23.44,23.44,37.47,43.48,74.48
22.61,22.61,36.69,43.72,72.76
21.68,21.68,35.56,41.90,74.25
18.12,18.12,30.94,40.82,72.30
16.33,16.33,28.89,42.35,73.54
19.30,19.30,32.42,37.84,74.54
24.84,24.84,39.63,38.75,74.18
41.48,41.48,55.61,37.05,75.25
33.04,33.04,45.54,38.32,76.19
32.83,32.83,43.96,32.69,75.18
31.17,31.17,40.86,35.55,77.08
30.08,30.08,39.16,39.33,76.41
26.95,26.95,36.06,39.36,75.42
25.80,25.80,33.84,37.33,76.37
22.06,22.06,31.87,33.48,76.02
25.17,25.17,36.08,32.29,77.31
26.93,26.93,36.88,33.30,77.51
26.00,26.00,32.76,39.85,79.11
24.81,24.81,33.59,43.08,77.18
24.33,24.33,35.42,52.13,77.83
21.84,21.84,42.23,59.08,76.60
18.43,18.43,44.54,81.88,76.87
21.36,21.36,42.95,85.42,77.28
24.40,24.40,44.11,78.86,79.62
29.63,29.63,43.92,79.08,78.49
27.34,27.34,44.18,82.09,78.11
27.89,27.89,42.46,79.93,77.35
24.11,24.11,42.80,77.49,75.47
21.20,21.20,41.60,80.09,76.94
27.06,27.06,40.96,81.56,75.46
31.13,31.13,40.57,79.27,78.28
25.00,25.00,41.29,79.68,78.03
20.62,20.62,39.89,79.85,77.83
19.90,19.90,38.89,78.93,76.81
31.39,31.39,45.47,77.17,77.13
26.29,26.29,43.66,78.33,78.14
22.88,22.88,41.49,77.18,77.14
24.90,24.90,41.97,76.90,77.68
26.37,26.37,42.16,75.73,78.34
25.87,25.87,41.96,76.71,79.00
26.17,26.17,41.29,74.99,78.55
25.89,25.89,39.75,70.31,79.79
25.47,25.47,39.88,74.16,75.90
23.93,23.93,39.68,73.33,78.31
24.83,24.83,41.30,70.97,78.82
23.11,23.11,40.00,72.41,79.75
22.80,22.80,39.00,73.92,79.90
27.54,27.54,46.00,72.18,76.93
27.94,27.94,49.53,69.48,80.46
25.65,25.65,45.84,72.59,78.97
25.85,25.85,46.51,70.66,79.64
26.87,26.87,45.48,68.06,78.56
26.50,26.50,44.46,70.46,78.19
24.19,24.19,41.34,71.87,79.75
25.91,25.91,42.07,69.71,80.04
25.27,25.27,40.93,68.30,78.62
24.11,24.11,40.57,69.84,77.86
21.87,21.87,38.92,69.97,78.13
20.02,20.02,39.05,67.71,76.55
22.74,22.74,40.47,66.83,76.59
28.00,28.00,41.44,66.93,75.62
40.48,40.48,56.43,63.13,77.93
38.78,38.78,51.30,64.05,77.30
36.98,36.98,46.25,65.34,77.26
35.81,35.81,45.42,63.84,76.15
34.20,34.20,43.64,63.17,75.57
33.29,33.29,42.55,63.15,76.22
31.30,31.30,40.66,64.18,76.19
32.51,32.51,40.39,62.41,75.20
32.81,32.81,38.77,60.68,76.35
35.37,35.37,39.60,63.40,75.71
34.20,34.20,38.02,60.50,76.74
32.90,32.90,37.57,61.92,75.69
32.05,32.05,38.24,61.75,76.43
39.53,39.53,45.54,61.99,78.40
45.84,45.84,51.63,60.59,78.83
38.89,38.89,43.56,57.46,77.75
34.80,34.80,40.55,60.08,78.67
33.42,33.42,38.99,57.70,77.67
32.22,32.22,39.08,58.83,76.52
31.76,31.76,37.74,53.45,76.58
32.35,32.35,36.18,53.88,77.52
30.71,30.71,35.02,56.85,76.63
28.38,28.38,36.10,53.94,77.15
25.56,25.56,36.56,58.66,76.29
24.64,24.64,34.71,57.31,77.74
24.03,24.03,36.31,57.95,77.88
22.68,22.68,34.90,56.84,77.84
34.02,34.02,41.87,50.20,78.42
32.82,32.82,40.37,55.59,78.02
26.24,26.24,35.06,59.22,79.36
26.26,26.26,35.24,57.10,78.09
25.58,25.58,35.07,59.97,78.17
27.26,27.26,34.09,59.70,79.38
26.93,26.93,34.00,61.01,78.76
27.12,27.12,35.18,61.12,78.41
27.31,27.31,36.88,62.25,79.20
26.68,26.68,35.49,62.10,77.96
25.17,25.17,32.57,63.10,77.62
25.92,25.92,33.35,62.70,78.69
28.22,28.22,34.16,65.42,77.60
33.43,33.43,41.83,66.76,77.29
39.83,39.83,51.04,77.93,75.13
33.74,33.74,45.12,83.96,76.29
32.81,32.81,42.68,82.43,73.17
34.20,34.20,39.84,75.73,75.57
35.73,35.73,40.81,74.01,75.84
31.54,31.54,38.54,74.36,74.74
29.14,29.14,36.81,76.85,75.41
28.47,28.47,36.34,73.42,73.96
30.39,30.39,35.39,66.70,74.97
31.87,31.87,35.92,67.85,72.63
33.20,33.20,35.05,71.19,75.01
30.89,30.89,35.39,72.67,73.34
29.86,29.86,37.93,66.72,74.13
42.29,42.29,52.09,66.84,77.13
37.43,37.43,48.97,64.93,72.65
32.95,32.95,43.17,65.58,73.53
32.93,32.93,41.23,67.65,72.73
31.80,31.80,40.42,71.37,72.65
30.97,30.97,36.79,68.09,70.62
32.39,32.39,36.86,65.11,72.31
32.24,32.24,34.35,63.08,72.34
29.83,29.83,34.25,64.18,72.20
30.85,30.85,33.95,67.65,71.68
39.97,39.97,41.14,66.09,73.68
36.55,36.55,39.34,66.69,74.35
31.40,31.40,37.58,63.75,73.72
30.24,30.24,44.28,61.39,74.82
29.84,29.84,53.08,63.36,77.03
28.96,28.96,50.62,65.67,78.69
28.38,28.38,46.06,64.54,79.59
25.18,25.18,42.50,65.83,81.07
22.95,22.95,39.95,63.10,81.03
22.47,22.47,39.36,55.16,79.21
20.10,20.10,37.55,55.55,78.08
23.39,23.39,38.30,55.29,77.64
23.59,23.59,37.90,59.68,78.89
23.83,23.83,36.76,56.04,77.05
22.45,22.45,35.82,53.54,77.72
21.89,21.89,36.40,54.00,77.48
21.30,21.30,36.84,53.33,78.35
28.44,28.44,42.94,54.39,78.65
25.13,25.13,42.34,52.65,80.39
21.68,21.68,38.03,47.85,79.50
21.37,21.37,38.00,50.88,78.96
19.67,19.67,35.41,53.14,79.00
20.48,20.48,35.12,53.69,79.13
21.22,21.22,33.56,52.74,79.35
23.43,23.43,35.77,48.49,78.28
22.37,22.37,37.15,48.75,79.39
21.85,21.85,36.04,50.11,79.10
22.39,22.39,35.68,48.00,77.29
20.27,20.27,36.36,49.88,78.01
21.99,21.99,36.60,47.30,77.82
28.09,28.09,45.11,48.60,77.80
34.65,34.65,54.50,48.38,76.11
32.70,32.70,48.07,47.13,77.78
30.15,30.15,43.93,48.99,78.60
28.43,28.43,41.44,48.29,78.36
29.08,29.08,42.10,44.63,78.24
26.75,26.75,39.58,46.52,77.26
21.70,21.70,40.61,48.78,75.45
20.59,20.59,41.58,47.65,74.26
22.01,22.01,42.13,44.08,75.65
25.84,25.84,40.82,47.39,76.69
27.73,27.73,41.53,46.01,79.23
26.25,26.25,40.73,44.07,77.05
26.59,26.59,40.12,45.04,76.24
38.91,38.91,49.90,40.30,76.16
37.35,37.35,46.86,42.97,77.49
33.19,33.19,42.05,43.27,75.15
34.34,34.34,41.76,38.78,74.94
33.39,33.39,41.92,41.27,76.92
32.38,32.38,40.34,37.85,76.45
29.22,29.22,40.40,40.07,78.56
24.37,24.37,36.55,43.07,75.75
22.34,22.34,36.62,37.53,74.36
24.58,24.58,31.61,34.98,74.70
23.91,23.91,31.77,36.31,75.39
21.19,21.19,35.40,35.27,73.26
21.07,21.07,35.19,42.11,77.09
23.09,23.09,42.12,57.25,79.17
24.92,24.92,47.17,69.31,78.14
22.83,22.83,54.11,78.86,75.94
19.64,19.64,46.78,84.04,75.36
17.48,17.48,38.91,85.66,78.87
16.08,16.08,40.30,84.62,77.90
17.12,17.12,40.24,82.62,77.83
17.77,17.77,37.67,80.34,78.17
20.43,20.43,34.84,76.77,74.37
22.39,22.39,35.81,71.52,76.26
22.03,22.03,35.24,75.27,75.35
20.32,20.32,32.35,79.76,74.35
18.75,18.75,34.33,81.19,77.42
16.33,16.33,31.88,83.40,76.31
23.19,23.19,33.45,82.44,78.23
25.03,25.03,35.30,81.36,79.50
21.58,21.58,32.58,79.61,78.26
22.60,22.60,32.51,73.58,77.93
24.71,24.71,32.10,65.31,78.92
24.04,24.04,31.74,69.94,77.52
24.40,24.40,30.56,74.58,77.33
24.40,24.40,29.64,79.05,77.87
25.58,25.58,28.68,78.61,77.91
25.83,25.83,27.96,79.98,78.10
23.94,23.94,28.74,78.72,76.08
25.87,25.87,39.65,76.49,76.66
23.74,23.74,37.28,76.94,77.35
25.90,25.90,33.76,73.98,75.41
33.61,33.61,41.05,71.93,77.02
30.71,30.71,39.58,68.31,77.37
28.48,28.48,39.54,63.86,79.68
28.09,28.09,38.91,61.06,81.11
27.90,27.90,38.81,67.42,79.94
24.75,24.75,36.66,70.52,79.71
24.85,24.85,35.42,68.58,78.59
23.71,23.71,33.13,69.71,78.23
22.35,22.35,34.50,70.85,79.16
23.37,23.37,35.77,68.86,78.43
21.73,21.73,35.35,64.44,78.15
21.15,21.15,35.05,58.96,77.60
24.79,24.79,37.06,59.35,79.35
35.27,35.27,48.77,58.45,78.91
38.50,38.50,53.11,64.07,77.85
36.60,36.60,47.83,64.70,78.81
35.72,35.72,43.87,65.78,77.38
35.89,35.89,42.33,63.47,76.56
35.90,35.90,40.71,62.67,76.84
33.75,33.75,39.28,60.81,78.42
31.27,31.27,37.24,57.33,78.09
30.85,30.85,38.10,54.99,77.14
29.16,29.16,38.15,58.97,78.91
27.61,27.61,37.79,60.87,75.84
27.38,27.38,38.91,61.01,76.06
26.31,26.31,38.98,58.10,77.13
29.57,29.57,40.90,58.02,75.86
39.62,39.62,51.92,56.59,77.76
36.64,36.64,46.03,55.98,78.00
33.05,33.05,40.44,52.99,76.50
32.45,32.45,39.68,52.32,77.02
29.89,29.89,39.15,54.12,76.29
29.26,29.26,38.47,53.79,76.35
27.77,27.77,38.45,52.30,76.68
25.94,25.94,38.64,51.03,77.19
25.47,25.47,39.36,50.30,75.78
23.15,23.15,37.64,49.85,76.17
24.04,24.04,38.54,47.87,76.07
24.20,24.20,37.69,47.52,75.10
24.36,24.36,39.91,49.81,74.37
29.74,29.74,43.66,50.10,76.97
34.46,34.46,44.25,44.93,78.74
29.71,29.71,39.36,48.29,76.66
26.74,26.74,39.39,47.11,77.86
27.25,27.25,39.23,46.96,77.63
29.02,29.02,39.72,44.34,77.75
29.89,29.89,40.14,46.71,77.89
28.85,28.85,38.93,43.40,78.42
28.68,28.68,39.14,45.66,79.37
32.32,32.32,38.57,43.16,79.16
31.82,31.82,37.21,44.48,78.22
32.30,32.30,40.08,44.22,78.15
29.69,29.69,38.64,46.84,78.24
30.50,30.50,45.62,57.26,79.38
35.12,35.12,57.51,67.49,77.73
34.22,34.22,53.17,85.53,76.04
32.37,32.37,47.16,82.58,77.41
33.87,33.87,44.75,79.25,75.02
34.16,34.16,44.26,73.00,75.04
33.74,33.74,43.14,75.28,75.98
32.79,32.79,41.68,75.52,75.91
32.61,32.61,40.62,75.95,68.88
31.54,31.54,39.20,71.11,74.43
31.62,31.62,37.76,66.11,73.80
31.12,31.12,36.88,68.27,72.64
28.51,28.51,36.03,70.08,73.07
28.33,28.33,39.86,71.74,71.64
35.76,35.76,46.99,68.91,74.54
42.29,42.29,54.63,65.23,74.48
36.17,36.17,46.58,68.81,74.32
35.90,35.90,44.56,65.43,72.89
35.41,35.41,43.40,71.50,73.19
31.89,31.89,40.30,69.82,74.04
29.48,29.48,36.93,64.71,73.02
30.01,30.01,33.40,64.23,73.31
30.56,30.56,33.12,65.55,73.35
29.02,29.02,32.46,63.97,76.67
25.36,25.36,30.43,66.58,77.30
24.29,24.29,32.96,67.35,76.17
22.10,22.10,33.54,66.67,76.38
20.88,20.88,34.92,63.11,78.58
33.05,33.05,51.53,63.30,77.97
31.11,31.11,48.10,65.82,81.51
29.38,29.38,44.36,66.54,81.34
30.38,30.38,43.21,61.13,81.60
29.86,29.86,41.18,62.88,80.22
26.45,26.45,39.90,59.51,79.82
26.32,26.32,37.87,52.24,81.46
27.31,27.31,38.16,54.99,80.74
29.90,29.90,36.07,59.80,80.15
30.23,30.23,37.25,57.41,78.00
29.40,29.40,36.12,58.82,77.78
27.48,27.48,36.75,55.05,77.18
23.59,23.59,36.46,53.77,77.94
25.33,25.33,40.17,56.55,78.77
26.11,26.11,42.33,56.60,77.53
26.15,26.15,40.11,53.90,77.89
25.41,25.41,37.86,52.97,76.46
26.17,26.17,37.06,55.43,77.36
25.87,25.87,36.82,53.80,76.86
26.02,26.02,35.77,51.35,76.41
25.58,25.58,35.36,52.64,77.12
26.41,26.41,37.06,53.35,76.53
27.23,27.23,38.19,51.48,76.73
29.80,29.80,37.72,52.26,77.14
30.06,30.06,39.29,53.07,76.59
28.61,28.61,36.63,54.04,77.63
27.95,27.95,40.10,51.50,77.14
26.82,26.82,53.33,51.59,78.19
23.16,23.16,48.73,48.96,80.24
20.54,20.54,43.53,50.12,80.36
21.19,21.19,42.99,52.78,79.16
21.45,21.45,42.11,50.84,80.88
20.83,20.83,42.20,49.25,79.67
19.67,19.67,42.71,49.38,79.07
19.94,19.94,39.42,47.62,79.98
21.31,21.31,40.39,46.59,77.36
24.27,24.27,39.06,46.60,77.57
25.98,25.98,38.22,47.58,78.08
25.75,25.75,40.94,48.09,78.17
25.28,25.28,40.45,46.30,77.03
29.78,29.78,47.73,46.57,77.40
36.68,36.68,51.59,46.96,77.94
29.15,29.15,45.01,47.19,78.75
26.79,26.79,41.48,43.90,76.93
27.94,27.94,41.13,46.89,78.91
25.79,25.79,39.61,45.97,77.36
24.11,24.11,40.40,41.63,77.08
23.25,23.25,41.27,45.26,76.64
22.80,22.80,39.09,47.43,76.80
23.17,23.17,39.60,45.25,76.86
24.64,24.64,36.75,43.57,76.45
23.50,23.50,39.73,40.53,75.86
22.12,22.12,34.28,39.73,74.60
22.06,22.06,39.40,48.08,75.58
25.50,25.50,49.29,60.45,76.87
18.86,18.86,53.48,77.41,77.53
16.82,16.82,48.29,82.76,77.78
16.90,16.90,44.79,80.74,78.79
15.78,15.78,40.30,84.37,78.52
17.73,17.73,39.44,81.16,78.35
19.94,19.94,41.69,83.10,76.05
20.90,20.90,36.43,83.65,74.91
22.82,22.82,39.46,83.50,74.91
23.23,23.23,44.09,82.93,75.61
23.10,23.10,40.42,81.46,77.71
21.56,21.56,38.75,82.55,78.18
20.89,20.89,35.28,79.46,77.01
27.39,27.39,41.86,78.77,77.54
36.21,36.21,51.30,76.32,77.05
33.46,33.46,47.24,76.18,78.78
30.01,30.01,43.40,75.44,79.42
25.77,25.77,39.63,72.79,80.34
26.08,26.08,38.91,73.54,78.70
28.17,28.17,39.49,66.69,78.55
27.92,27.92,38.45,73.04,79.38
25.72,25.72,35.51,68.41,79.05
25.07,25.07,31.99,66.57,78.55
24.40,24.40,31.60,71.21,77.96
25.65,25.65,31.67,61.95,77.54
25.28,25.28,31.85,68.74,77.88
25.33,25.33,36.12,63.52,78.66
31.39,31.39,42.00,67.00,78.04
34.34,34.34,43.79,68.58,77.59
33.61,33.61,41.62,61.97,77.01
30.87,30.87,40.29,63.56,78.01
29.37,29.37,39.09,58.07,77.42
28.09,28.09,38.57,62.88,76.65
25.75,25.75,36.44,58.91,76.59
27.09,27.09,36.37,62.78,76.25
27.69,27.69,34.49,59.66,77.19
28.99,28.99,34.86,57.27,76.67
28.96,28.96,33.97,62.86,75.39
27.11,27.11,32.60,57.09,76.81
27.61,27.61,32.13,63.39,76.11
29.50,29.50,36.22,61.21,75.37
33.54,33.54,42.44,61.74,77.13
32.82,32.82,40.05,60.52,76.71
29.39,29.39,34.85,60.04,76.72
30.66,30.66,36.87,60.30,75.84
28.83,28.83,34.25,58.52,76.07
28.20,28.20,32.22,60.35,75.41
27.52,27.52,31.78,61.45,76.29
27.44,27.44,33.59,60.20,76.84
27.92,27.92,32.46,59.03,77.32
26.26,26.26,31.78,57.56,76.19
26.88,26.88,32.51,59.16,74.52
27.17,27.17,35.93,55.10,74.94
26.23,26.23,34.86,54.62,75.29
33.39,33.39,43.60,55.29,75.27
35.73,35.73,44.74,53.88,76.61
32.35,32.35,41.17,55.40,74.54
27.75,27.75,40.34,56.41,75.05
27.46,27.46,37.17,57.40,75.44
27.87,27.87,37.36,57.40,73.50
29.02,29.02,37.95,56.16,75.89
27.57,27.57,34.35,56.24,75.08
28.42,28.42,37.17,56.91,76.58
30.58,30.58,31.40,57.14,76.38
35.34,35.34,33.37,57.05,76.87
37.47,37.47,34.75,56.35,76.28
33.89,33.89,37.63,55.67,74.37
29.96,29.96,43.52,55.17,74.84
43.26,43.26,57.59,57.56,72.95
40.20,40.20,53.28,57.87,73.94
36.85,36.85,46.93,56.45,73.47
35.99,35.99,45.05,55.84,72.65
35.80,35.80,44.21,55.94,74.27
35.01,35.01,42.15,56.01,73.43
33.84,33.84,41.08,56.49,74.43
30.66,30.66,37.45,57.79,73.10
27.88,27.88,39.43,56.77,74.61
29.62,29.62,40.39,55.60,77.11
30.53,30.53,37.87,56.94,76.79
31.78,31.78,38.42,56.89,75.09
32.30,32.30,41.09,57.00,73.19
40.55,40.55,49.80,59.53,74.95
42.02,42.02,51.83,78.90,76.74
34.22,34.22,42.13,82.95,76.41
35.93,35.93,42.11,77.87,77.14
35.20,35.20,41.64,68.10,76.55
35.77,35.77,42.06,72.05,75.26
36.10,36.10,40.71,74.72,74.33
35.44,35.44,41.06,72.32,73.90
35.89,35.89,40.76,69.47,75.34
36.14,36.14,40.94,65.90,74.48
35.61,35.61,39.88,68.68,72.42
34.40,34.40,39.62,70.70,72.89
33.74,33.74,40.52,69.40,73.38
33.66,33.66,41.12,66.35,74.48
43.41,43.41,55.56,68.11,74.14
40.46,40.46,50.97,65.88,74.23
36.88,36.88,46.20,68.01,72.82
35.40,35.40,44.73,68.99,74.27
34.08,34.08,43.80,64.43,72.11
34.02,34.02,41.68,67.78,71.62
36.36,36.36,42.08,65.35,72.40
38.40,38.40,41.97,61.17,72.00
38.74,38.74,40.30,63.36,71.26
37.69,37.69,40.08,63.57,68.87
35.94,35.94,40.32,63.83,70.61
33.31,33.31,38.97,64.00,68.20
29.83,29.83,38.35,65.90,67.20
35.05,35.05,45.67,62.90,71.54
34.32,34.32,46.78,60.84,76.87
31.80,31.80,42.50,61.38,76.01
30.53,30.53,41.34,59.19,75.33
25.32,25.32,35.52,62.09,76.02
27.08,27.08,38.11,62.42,74.44
26.79,26.79,39.50,56.69,75.52
28.95,28.95,37.72,55.51,74.41
30.93,30.93,38.36,56.39,75.71
30.55,30.55,37.64,55.86,76.31
30.76,30.76,37.98,56.51,73.93
31.54,31.54,39.33,55.18,76.56
29.40,29.40,39.62,52.14,74.79
28.45,28.45,41.62,53.74,76.98
37.27,37.27,55.03,55.58,76.75
32.57,32.57,48.77,52.59,77.45
29.31,29.31,45.24,48.99,75.71
26.79,26.79,41.21,47.79,76.42
27.70,27.70,40.19,48.41,77.27
27.24,27.24,40.01,50.31,75.06
27.29,27.29,40.26,50.16,75.94
25.91,25.91,39.86,48.18,75.45
27.95,27.95,39.44,44.56,75.79
30.78,30.78,38.51,40.17,74.74
31.75,31.75,39.69,39.78,74.45
31.46,31.46,38.42,45.97,75.67
30.25,30.25,36.93,47.27,74.89
29.80,29.80,39.03,48.69,75.49
29.36,29.36,39.75,47.87,73.27
29.29,29.29,37.81,47.56,75.67
28.62,28.62,38.15,47.48,73.66
29.89,29.89,36.64,47.57,75.55
30.92,30.92,37.80,44.47,74.87
31.70,31.70,38.08,44.77,73.67
30.89,30.89,37.24,45.61,74.56
31.43,31.43,38.93,45.55,72.42
30.77,30.77,38.40,44.61,73.47
30.58,30.58,38.38,45.60,73.20
30.50,30.50,37.60,43.54,73.53
29.55,29.55,37.32,46.51,71.31
29.32,29.32,37.03,46.02,73.00
32.10,32.10,44.35,46.61,74.27
30.94,30.94,42.10,46.39,74.27
28.59,28.59,38.57,46.31,73.66
30.49,30.49,41.51,45.84,74.76
31.39,31.39,41.19,45.53,73.93
30.28,30.28,38.02,46.80,74.23
29.40,29.40,37.25,47.56,72.95
30.86,30.86,41.31,45.74,74.10
32.20,32.20,41.87,46.49,73.92
32.54,32.54,38.85,45.85,73.61
30.76,30.76,38.59,45.30,73.85
29.68,29.68,37.52,45.92,74.10
26.92,26.92,37.53,46.44,73.83
33.23,33.23,43.06,46.86,74.95
38.54,38.54,46.25,44.14,74.85
34.18,34.18,42.96,44.03,73.73
32.11,32.11,37.70,44.70,74.59
34.34,34.34,36.93,44.29,74.62
33.11,33.11,37.78,45.28,73.92
33.71,33.71,36.68,44.03,73.85
35.02,35.02,36.66,43.15,72.57
35.96,35.96,37.99,44.65,74.14
34.62,34.62,36.69,43.93,72.69
35.58,35.58,36.13,43.44,73.17
34.68,34.68,37.06,43.53,72.02
35.33,35.33,39.14,40.31,73.40
39.97,39.97,40.49,42.35,73.83
44.00,44.00,55.19,40.02,73.87
41.29,41.29,51.09,40.22,74.05
38.89,38.89,45.28,42.64,75.44
38.39,38.39,44.23,40.90,75.33
37.17,37.17,42.43,43.06,74.24
36.27,36.27,43.22,40.79,75.47
35.28,35.28,41.03,41.96,74.34
36.87,36.87,40.55,41.94,74.18
35.88,35.88,40.33,40.34,72.96
35.92,35.92,41.84,41.30,73.16
33.68,33.68,39.58,40.24,72.46
33.85,33.85,39.66,39.40,72.29
32.66,32.66,43.47,40.20,72.51
37.77,37.77,46.87,41.86,72.17
44.51,44.51,55.23,41.35,73.03
40.97,40.97,49.40,35.91,71.80
37.84,37.84,45.66,38.17,71.62
35.34,35.34,43.48,38.06,72.43
35.76,35.76,41.90,34.84,70.87
33.63,33.63,40.51,37.16,70.85
31.55,31.55,37.75,35.44,69.87
32.05,32.05,37.27,34.45,69.77
33.14,33.14,36.01,33.67,70.21
35.33,35.33,37.45,32.72,69.61
34.75,34.75,36.14,35.50,70.38
31.52,31.52,39.36,32.91,69.63
28.15,28.15,38.98,34.86,67.83
37.58,37.58,54.75,37.53,71.16
36.44,36.44,52.43,31.66,72.30
33.69,33.69,46.22,33.18,70.70
34.21,34.21,44.82,26.56,69.23
33.27,33.27,43.23,31.97,70.54
32.94,32.94,41.08,30.47,69.23
35.73,35.73,39.53,31.63,69.90
34.39,34.39,38.92,32.03,67.96
33.52,33.52,36.20,28.94,69.03
32.18,32.18,35.46,24.19,67.75
34.73,34.73,39.55,27.98,66.01
33.14,33.14,38.90,29.76,66.16
29.62,29.62,41.87,35.77,67.55
29.73,29.73,43.83,35.52,66.55
35.97,35.97,50.23,30.38,71.81
33.81,33.81,46.90,28.23,71.46
32.50,32.50,42.60,27.03,71.36
32.02,32.02,40.29,24.24,71.07
33.12,33.12,39.75,29.96,71.36
34.62,34.62,40.89,29.89,71.20
35.10,35.10,39.85,20.65,71.51
34.19,34.19,37.97,18.93,71.15
31.46,31.46,36.41,22.98,70.97
30.97,30.97,37.32,28.52,71.25
30.23,30.23,35.63,26.35,69.79
28.35,28.35,35.70,29.86,71.15
29.25,29.25,37.40,31.26,72.36
39.57,39.57,51.05,29.79,73.66
38.68,38.68,50.66,29.42,74.04
32.22,32.22,45.20,25.02,76.40
33.14,33.14,43.95,29.77,78.52
31.37,31.37,41.61,28.21,76.64
30.53,30.53,40.00,23.60,76.30
28.05,28.05,39.77,25.66,76.19
23.91,23.91,36.45,22.40,73.83
23.00,23.00,37.35,28.94,74.92
20.74,20.74,37.92,20.62,76.86
19.18,19.18,34.94,21.03,77.13
21.96,21.96,38.54,28.17,77.02
18.58,18.58,35.37,35.42,79.03
21.30,21.30,38.94,53.00,79.75
31.41,31.41,43.56,67.50,77.92
31.41,31.41,43.26,75.76,75.99
25.92,25.92,42.78,81.59,75.35
25.08,25.08,43.47,85.90,76.81
28.13,28.13,45.87,80.27,76.75
27.20,27.20,45.23,78.61,75.60
30.31,30.31,45.33,83.14,75.88
26.31,26.31,42.35,83.28,74.21
29.58,29.58,43.49,83.72,77.54
26.36,26.36,41.80,79.60,75.17
28.03,28.03,42.20,81.61,75.29
30.03,30.03,41.23,81.49,75.75
30.26,30.26,41.17,80.00,76.83
34.35,34.35,42.63,80.74,81.11
36.20,36.20,41.91,79.72,82.78
31.05,31.05,43.47,79.94,83.28
25.58,25.58,42.27,78.30,82.78
22.75,22.75,41.91,79.85,80.10
23.33,23.33,41.60,78.03,76.16
24.09,24.09,40.43,75.31,77.02
25.37,25.37,40.44,76.06,75.47
28.98,28.98,43.42,73.45,73.17
31.04,31.04,42.85,74.00,74.57
33.07,33.07,42.47,69.88,77.25
33.40,33.40,43.27,73.45,78.41
31.38,31.38,41.35,72.27,79.32
29.93,29.93,44.14,70.23,78.51
36.20,36.20,49.90,73.33,76.59
30.81,30.81,47.27,71.75,76.32
29.42,29.42,44.44,68.75,76.83
29.71,29.71,43.37,72.56,78.08
29.20,29.20,41.72,72.21,76.56
31.64,31.64,41.32,69.21,77.79
32.43,32.43,39.75,72.09,77.30
32.25,32.25,40.21,70.64,78.15
32.89,32.89,40.46,68.99,76.74
31.76,31.76,39.40,68.16,76.90
27.66,27.66,38.08,69.07,76.03
29.85,29.85,41.02,70.87,76.73
31.70,31.70,43.79,66.65,75.04
39.44,39.44,51.13,68.61,77.42
41.70,41.70,52.82,68.36,78.36
38.04,38.04,46.13,66.55,77.46
35.74,35.74,43.23,66.89,77.04
34.56,34.56,42.34,66.99,76.25
33.89,33.89,42.01,67.89,76.31
30.16,30.16,41.98,64.94,79.15
29.19,29.19,41.74,68.35,78.10
29.23,29.23,42.31,68.30,74.93
28.23,28.23,41.14,65.11,76.69
27.41,27.41,42.08,68.68,77.24
24.98,24.98,39.34,69.47,78.15
25.25,25.25,37.64,68.23,78.14
27.32,27.32,39.16,68.71,77.27
31.89,31.89,41.95,69.14,78.19
27.29,27.29,40.78,68.33,79.03
23.36,23.36,40.03,65.41,80.57
24.67,24.67,41.73,66.82,78.62
26.39,26.39,42.23,66.41,78.66
26.14,26.14,40.76,64.59,81.25
26.12,26.12,40.60,68.21,82.29
22.54,22.54,39.85,68.58,82.82
22.66,22.66,38.15,66.01,81.47
24.77,24.77,38.90,67.91,80.91
28.13,28.13,41.17,66.83,79.87
29.66,29.66,39.99,65.43,81.78
27.51,27.51,38.74,64.83,82.16
29.16,29.16,39.16,64.87,78.41
28.28,28.28,41.13,66.80,77.70
24.06,24.06,40.53,62.75,81.21
23.07,23.07,41.89,66.35,83.12
24.61,24.61,39.05,64.11,83.69
24.47,24.47,38.05,63.57,82.15
27.18,27.18,38.27,64.78,82.58
27.66,27.66,38.59,62.44,83.44
28.56,28.56,40.78,60.63,84.14
26.23,26.23,40.05,55.20,84.39
24.06,24.06,36.94,53.85,83.32
26.06,26.06,40.14,50.63,82.03
26.28,26.28,43.67,49.04,80.84
22.34,22.34,44.06,52.13,79.74
18.76,18.76,45.70,65.46,80.34
19.77,19.77,46.50,79.64,81.72
21.99,21.99,45.84,81.67,79.75
24.17,24.17,47.82,82.92,80.12
23.29,23.29,47.80,81.56,80.29
21.39,21.39,44.74,77.36,79.94
23.98,23.98,44.24,82.82,80.86
24.97,24.97,43.73,81.58,80.64
23.59,23.59,42.58,81.67,82.40
24.11,24.11,44.51,80.41,78.72
21.51,21.51,41.90,80.55,80.71
21.76,21.76,40.95,81.79,80.55
23.39,23.39,41.77,81.16,81.54
27.02,27.02,44.62,82.40,80.52
26.60,26.60,45.48,80.77,81.16
21.26,21.26,46.58,80.43,82.25
21.15,21.15,47.64,80.15,74.93
20.78,20.78,46.67,79.89,79.50
20.97,20.97,47.35,80.22,77.54
21.03,21.03,48.23,78.43,77.83
22.21,22.21,46.91,79.61,76.78
24.50,24.50,48.06,77.90,75.77
25.79,25.79,47.69,77.01,77.04
27.26,27.26,47.61,77.05,75.84
29.21,29.21,46.88,75.03,76.65
24.63,24.63,46.40,75.76,76.47
22.97,22.97,46.27,72.98,73.34
35.64,35.64,54.91,73.21,74.27
32.22,32.22,51.21,71.16,79.22
26.57,26.57,45.01,71.91,78.78
26.76,26.76,43.95,71.65,80.02
27.71,27.71,42.55,69.62,79.76
26.31,26.31,39.28,71.56,79.78
26.43,26.43,39.26,71.38,78.88
25.26,25.26,37.85,72.94,79.57
27.50,27.50,39.05,71.71,79.33
26.32,26.32,39.39,71.90,78.42
27.17,27.17,39.36,72.11,81.65
27.58,27.58,39.10,71.33,78.27
31.56,31.56,41.71,71.48,80.47
35.74,35.74,47.87,71.75,80.08
42.65,42.65,55.62,69.72,78.46
38.49,38.49,50.02,66.82,76.27
35.00,35.00,45.82,70.24,78.88
33.21,33.21,43.88,68.81,80.48
32.38,32.38,42.37,67.96,78.18
32.45,32.45,40.76,68.99,80.36
32.55,32.55,40.57,69.88,80.29
30.44,30.44,38.28,69.79,80.52
29.90,29.90,38.76,68.59,77.38
31.32,31.32,39.73,69.10,78.09
31.91,31.91,39.92,67.43,78.16
32.44,32.44,40.85,71.01,75.65
33.13,33.13,42.25,70.75,77.69
41.73,41.73,46.65,69.85,77.00
39.78,39.78,44.82,70.19,77.22
33.17,33.17,38.10,69.61,77.47
29.50,29.50,36.66,70.49,80.31
27.45,27.45,34.73,68.03,82.04
26.23,26.23,34.61,69.51,82.39
25.42,25.42,33.89,69.81,82.88
24.37,24.37,33.32,67.63,83.38
24.62,24.62,33.22,67.28,82.48
26.14,26.14,33.72,69.27,80.41
28.31,28.31,33.19,68.85,78.34
26.06,26.06,33.87,63.66,78.08
25.88,25.88,37.57,67.63,75.21
31.07,31.07,41.71,66.95,75.98
33.65,33.65,45.54,64.83,76.92
27.68,27.68,44.80,66.51,79.24
31.10,31.10,49.13,65.45,80.95
28.74,28.74,47.27,65.58,82.01
28.57,28.57,44.98,64.09,81.09
23.78,23.78,41.43,67.23,79.07
21.74,21.74,42.66,66.60,74.42
25.32,25.32,43.32,63.31,72.32
27.32,27.32,42.57,67.58,74.41
30.01,30.01,42.78,65.39,73.24
30.57,30.57,41.00,66.78,73.22
29.41,29.41,40.37,64.00,71.18
26.98,26.98,44.26,64.26,71.33
37.87,37.87,53.70,67.80,74.88
38.42,38.42,54.45,82.48,73.10
29.79,29.79,44.20,85.43,75.78
30.58,30.58,43.90,87.45,72.77
31.04,31.04,42.44,85.05,73.06
31.19,31.19,43.29,85.68,75.10
32.13,32.13,43.43,82.80,72.68
31.51,31.51,41.44,79.71,72.32
32.25,32.25,40.48,71.04,72.51
32.74,32.74,39.11,76.18,75.19
32.88,32.88,38.97,74.13,73.95
33.07,33.07,36.33,79.17,76.11
33.12,33.12,35.07,78.37,74.04
36.94,36.94,35.90,78.69,73.88
46.30,46.30,39.51,74.18,77.20
38.78,38.78,35.58,67.69,77.04
33.51,33.51,34.46,66.44,76.15
32.06,32.06,34.95,70.35,78.55
30.85,30.85,36.18,74.56,76.33
27.37,27.37,35.41,77.03,75.20
28.78,28.78,35.28,79.01,76.52
30.08,30.08,35.54,78.87,75.29
33.48,33.48,36.34,77.80,77.96
36.01,36.01,37.49,78.38,80.16
36.75,36.75,37.53,77.29,80.55
37.48,37.48,39.53,73.82,82.27
34.84,34.84,40.03,73.09,81.89
39.16,39.16,50.08,70.30,81.43
40.11,40.11,51.06,71.55,81.00
36.53,36.53,44.50,69.55,80.80
33.86,33.86,42.79,69.87,78.53
31.20,31.20,44.30,70.91,80.71
29.57,29.57,41.60,72.74,77.58
29.41,29.41,38.85,73.19,79.90
29.75,29.75,37.26,70.07,76.95
28.44,28.44,35.78,68.67,78.75
27.76,27.76,34.18,66.37,76.66
26.39,26.39,31.46,59.17,77.86
23.87,23.87,29.72,55.90,78.55
25.30,25.30,35.30,62.04,76.28
27.01,27.01,37.73,59.79,81.16
40.25,40.25,47.74,62.62,76.32
32.27,32.27,42.08,64.84,81.87
29.30,29.30,39.12,59.77,78.94
30.09,30.09,38.07,55.00,77.43
29.29,29.29,37.21,54.32,82.60
29.64,29.64,35.51,52.57,76.42
29.09,29.09,35.13,55.11,83.35
30.26,30.26,35.42,53.86,77.42
32.34,32.34,38.25,55.84,81.78
29.86,29.86,35.46,53.33,78.83
29.73,29.73,36.77,53.89,78.91
24.67,24.67,36.69,55.12,78.75
25.02,25.02,36.82,53.69,75.94
28.97,28.97,43.45,54.52,79.40
29.71,29.71,44.31,55.68,74.84
29.09,29.09,41.04,53.27,81.10
26.52,26.52,36.80,52.39,75.58
25.76,25.76,36.67,54.39,78.81
26.51,26.51,34.63,52.75,75.53
24.72,24.72,35.51,53.31,78.89
24.05,24.05,35.61,54.66,73.80
24.82,24.82,35.54,53.89,75.24
24.68,24.68,39.47,53.52,72.76
24.30,24.30,41.99,53.55,74.20
23.69,23.69,37.32,52.35,71.12
23.53,23.53,37.32,53.14,73.71
28.85,28.85,42.72,50.28,72.59
47.47,47.47,56.65,51.16,74.28
44.51,44.51,52.77,47.88,72.34
40.14,40.14,46.18,42.14,73.36
37.66,37.66,44.05,40.21,73.00
34.82,34.82,43.28,46.10,70.90
31.19,31.19,41.94,66.73,74.83
29.74,29.74,40.51,76.99,77.34
30.24,30.24,40.70,79.72,79.79
32.25,32.25,41.70,78.94,80.92
30.50,30.50,38.70,78.08,78.30
27.02,27.02,35.84,74.25,76.62
28.31,28.31,37.19,72.21,75.17
26.12,26.12,39.79,64.62,75.56
26.46,26.46,48.93,66.22,76.78
23.58,23.58,53.82,74.95,78.05
25.65,25.65,54.05,82.27,79.04
25.24,25.24,52.51,85.21,76.13
23.10,23.10,51.14,86.17,74.99
23.23,23.23,50.77,84.78,76.02
24.74,24.74,50.36,84.22,73.63
24.40,24.40,48.03,82.15,74.78
26.96,26.96,46.61,81.29,76.18
27.74,27.74,44.62,82.62,74.86
26.17,26.17,43.34,81.72,77.06
23.08,23.08,41.06,82.04,75.60
17.81,17.81,38.93,81.38,77.04
20.32,20.32,41.56,81.61,76.95
36.75,36.75,51.45,80.02,75.74
33.40,33.40,44.49,78.98,78.69
31.86,31.86,41.35,77.70,75.16
32.70,32.70,40.84,76.50,78.16
31.50,31.50,38.50,76.24,77.73
32.09,32.09,38.89,77.09,78.57
32.64,32.64,39.01,78.24,79.44
30.64,30.64,36.92,77.14,77.14
30.22,30.22,37.87,76.09,79.83
28.91,28.91,38.07,72.02,75.36
28.93,28.93,38.66,69.61,77.54
26.95,26.95,38.41,72.26,76.07
25.96,25.96,38.85,74.34,74.63
33.16,33.16,49.29,76.37,75.58
38.34,38.34,55.02,76.85,79.08
36.04,36.04,50.84,73.51,80.63
32.47,32.47,46.24,68.66,79.64
30.84,30.84,44.80,68.35,80.22
29.16,29.16,43.13,69.71,80.05
28.48,28.48,41.60,73.55,80.13
27.56,27.56,41.14,74.87,77.41
26.57,26.57,38.76,74.47,77.78
25.70,25.70,36.27,72.15,77.02
25.99,25.99,35.75,68.83,80.59
24.79,24.79,35.73,70.07,77.91
25.73,25.73,37.95,70.64,81.64
25.12,25.12,38.95,71.41,78.18
33.14,33.14,42.98,71.63,81.86
28.99,28.99,40.90,69.51,81.22
27.64,27.64,38.99,68.51,80.05
26.11,26.11,37.97,68.67,81.64
27.35,27.35,39.02,68.10,80.10
27.99,27.99,38.67,68.01,83.38
26.72,26.72,38.76,68.23,80.75
26.76,26.76,38.07,68.44,81.86
26.81,26.81,37.74,67.58,79.82
25.24,25.24,36.48,65.62,83.24
23.34,23.34,36.71,64.85,78.00
22.15,22.15,37.99,62.66,80.40
22.41,22.41,40.28,61.68,78.87
30.94,30.94,49.08,63.25,80.81
40.58,40.58,56.20,60.40,80.53
37.67,37.67,50.59,60.66,80.06
34.70,34.70,45.45,58.78,81.38
31.85,31.85,43.85,58.18,79.51
30.01,30.01,43.69,54.36,80.81
28.31,28.31,42.55,55.78,78.01
26.88,26.88,40.80,55.95,78.88
24.74,24.74,40.40,55.22,75.37
23.95,23.95,38.44,54.50,74.83
25.80,25.80,37.95,55.31,77.58
25.58,25.58,37.14,54.89,73.24
24.49,24.49,38.02,54.68,77.07
25.48,25.48,44.49,53.58,75.11
35.95,35.95,51.49,51.62,75.12
35.05,35.05,46.22,46.86,76.99
32.12,32.12,41.69,43.84,74.62
32.45,32.45,39.45,42.69,75.96
31.00,31.00,38.78,47.76,76.52
29.95,29.95,41.07,62.07,74.96
27.78,27.78,42.44,72.97,74.76
25.29,25.29,40.80,78.33,77.76
23.51,23.51,36.96,78.46,76.43
22.66,22.66,38.84,77.67,77.95
21.42,21.42,41.32,75.46,73.99
21.88,21.88,36.83,75.25,75.01
22.79,22.79,38.82,74.84,75.44
29.60,29.60,46.59,75.91,79.54
39.27,39.27,55.57,74.56,75.08
33.35,33.35,48.59,79.19,80.84
29.54,29.54,45.70,83.72,81.61
30.33,30.33,43.89,82.56,83.00
28.70,28.70,42.67,83.05,84.01
27.55,27.55,41.78,80.35,84.23
27.73,27.73,39.71,78.96,84.26
28.61,28.61,41.17,81.80,84.63
27.58,27.58,38.79,80.36,83.77
27.03,27.03,36.73,81.82,81.13
26.69,26.69,38.44,82.13,79.87
23.38,23.38,38.61,79.93,78.24
22.90,22.90,42.18,80.23,78.93
34.62,34.62,52.00,79.87,79.28
32.23,32.23,47.91,80.11,77.35
28.26,28.26,43.00,78.30,79.38
28.34,28.34,43.70,78.18,78.69
26.29,26.29,41.81,77.59,76.89
27.86,27.86,41.42,78.30,76.68
27.03,27.03,40.11,77.99,76.38
26.81,26.81,39.49,77.40,74.57
25.45,25.45,38.52,73.29,75.74
25.51,25.51,37.70,75.53,75.13
25.98,25.98,36.94,71.91,74.15
23.91,23.91,35.66,74.71,74.46
23.35,23.35,37.62,70.49,74.91
26.99,26.99,43.67,71.73,74.85
35.64,35.64,56.00,73.59,74.68
32.80,32.80,50.72,72.93,75.71
32.44,32.44,47.34,71.50,81.20
29.94,29.94,44.03,67.48,79.35
27.21,27.21,43.13,71.18,78.95
26.70,26.70,42.24,70.05,79.10
26.06,26.06,40.90,71.93,77.17
25.78,25.78,38.93,69.45,78.99
24.34,24.34,37.51,68.93,77.22
22.18,22.18,36.59,69.20,78.97
21.37,21.37,37.00,70.94,74.62
21.40,21.40,37.40,68.61,77.08
21.55,21.55,38.22,69.29,76.79
29.14,29.14,51.04,66.24,78.00
27.24,27.24,49.34,67.46,76.30
25.33,25.33,44.81,66.49,78.03
22.93,22.93,42.08,66.04,77.26
22.00,22.00,41.03,67.05,76.43
23.01,23.01,39.69,66.85,73.96
20.55,20.55,38.78,69.74,76.98
21.77,21.77,39.50,67.74,75.88
21.63,21.63,39.10,70.08,77.50
21.07,21.07,36.85,68.30,75.49
22.11,22.11,36.27,68.84,76.92
21.79,21.79,37.28,69.12,74.46
21.91,21.91,39.10,69.23,76.35
26.98,26.98,43.58,67.70,75.64
36.74,36.74,56.35,68.15,76.84
33.30,33.30,50.23,67.64,76.94
29.88,29.88,45.64,67.57,79.81
28.81,28.81,43.40,67.00,79.18
27.68,27.68,42.58,66.35,81.31
27.15,27.15,41.19,65.59,79.46
25.42,25.42,38.69,66.08,81.95
23.01,23.01,36.73,65.68,83.48
21.25,21.25,35.76,64.55,81.95
21.39,21.39,36.31,63.31,81.88
17.64,17.64,32.09,57.32,81.48
18.08,18.08,34.08,54.79,81.09
20.10,20.10,36.94,52.00,77.93
36.02,36.02,51.12,48.65,80.15
37.74,37.74,51.19,44.04,79.59
33.10,33.10,44.71,38.56,81.16
32.65,32.65,44.14,40.95,80.72
30.66,30.66,42.47,43.26,80.09
26.96,26.96,40.84,57.02,80.23
24.24,24.24,39.86,69.33,79.93
21.73,21.73,37.91,77.98,79.82
23.59,23.59,36.61,79.84,78.46
23.87,23.87,35.77,79.12,75.97
23.78,23.78,34.04,76.24,71.08
23.71,23.71,32.98,76.88,71.04
23.59,23.59,36.73,77.73,71.59
24.73,24.73,41.36,76.60,72.85
37.00,37.00,57.22,71.52,72.97
26.60,26.60,48.97,82.55,75.02
24.09,24.09,47.35,82.96,77.43
24.52,24.52,46.48,84.77,79.22
23.66,23.66,45.23,84.64,78.46
23.69,23.69,41.88,84.10,78.95
21.86,21.86,41.25,79.18,76.46
21.21,21.21,40.73,73.76,76.76
20.71,20.71,41.40,74.95,75.99
21.11,21.11,43.72,75.02,77.88
16.21,16.21,41.21,76.39,77.20
16.52,16.52,38.38,77.71,75.82
17.38,17.38,38.74,76.88,77.10
32.03,32.03,51.25,74.95,78.67
37.42,37.42,54.79,72.26,79.14
33.23,33.23,50.18,71.54,76.17
29.24,29.24,46.29,69.42,75.51
27.66,27.66,44.12,70.04,75.78
26.41,26.41,42.61,73.07,79.80
23.73,23.73,40.36,70.54,81.22
22.51,22.51,39.08,71.80,79.98
22.64,22.64,38.17,70.95,81.70
21.76,21.76,36.68,70.49,80.30
18.87,18.87,34.74,72.05,80.03
17.28,17.28,34.13,71.86,82.97
15.78,15.78,35.96,71.04,79.69
17.32,17.32,41.55,71.07,78.51
27.59,27.59,53.85,70.12,79.10
21.98,21.98,47.13,70.61,78.14
18.91,18.91,43.89,68.43,79.66
18.17,18.17,42.39,71.17,81.22
19.47,19.47,41.58,69.69,82.46
19.38,19.38,40.62,70.06,83.58
18.66,18.66,38.01,68.27,81.11
15.03,15.03,33.79,69.51,81.55
13.82,13.82,30.04,67.53,78.59
12.01,12.01,27.28,66.08,77.38
12.07,12.07,26.04,65.08,80.22
13.86,13.86,26.67,66.27,76.81
13.20,13.20,26.88,66.62,79.26
31.05,31.05,46.22,66.48,78.18
40.84,40.84,54.50,66.20,79.09
34.87,34.87,47.80,65.06,78.62
31.52,31.52,44.40,63.16,81.86
30.92,30.92,43.82,66.04,82.17
29.47,29.47,43.16,63.02,79.69
28.08,28.08,42.05,63.62,81.09
26.97,26.97,41.45,61.43,75.57
24.93,24.93,39.15,61.80,75.36
23.01,23.01,37.46,61.30,74.33
21.25,21.25,34.79,59.04,74.64
18.20,18.20,29.97,58.41,72.23
20.55,20.55,33.34,58.78,75.12
21.98,21.98,38.72,58.17,72.86
30.15,30.15,46.20,59.66,76.45
25.20,25.20,41.99,63.00,77.71
20.93,20.93,38.82,60.78,80.58
20.25,20.25,37.16,58.82,82.52
19.81,19.81,37.82,58.63,81.04
16.74,16.74,36.37,58.67,81.88
18.12,18.12,35.69,58.99,79.50
19.98,19.98,35.53,58.53,77.96
20.21,20.21,33.35,59.12,75.12
22.52,22.52,35.18,62.00,73.26
25.19,25.19,37.33,62.11,72.00
25.70,25.70,44.83,59.93,72.98
25.48,25.48,45.26,58.00,72.48
29.76,29.76,46.77,63.04,74.46
30.98,30.98,50.66,55.88,77.17
23.77,23.77,44.31,56.61,79.10
24.02,24.02,42.44,54.51,79.38
23.60,23.60,41.66,52.42,82.83
20.55,20.55,40.02,62.87,83.09
17.70,17.70,38.78,81.94,81.54
17.13,17.13,42.57,83.43,79.01
16.16,16.16,42.28,84.70,75.30
17.11,17.11,33.41,85.87,75.71
19.20,19.20,38.41,84.36,74.36
19.81,19.81,42.21,80.45,74.13
18.45,18.45,49.95,77.86,73.63
20.93,20.93,47.95,71.17,72.11
33.11,33.11,53.41,68.77,73.01
28.49,28.49,52.84,80.24,76.93
25.80,25.80,48.07,83.06,77.94
23.81,23.81,45.27,84.70,78.13
27.18,27.18,47.10,85.42,79.64
30.38,30.38,47.30,84.78,78.83
26.98,26.98,46.58,84.80,78.21
21.85,21.85,46.53,82.82,77.27
23.10,23.10,46.43,80.77,77.21
22.27,22.27,45.02,80.77,76.02
21.68,21.68,44.47,80.93,75.95
19.60,19.60,43.81,78.64,75.96
17.69,17.69,42.95,80.88,76.94
19.43,19.43,44.32,82.67,76.31
22.60,22.60,44.80,79.99,79.03
24.28,24.28,44.67,80.76,77.47
23.77,23.77,43.63,81.59,79.57
25.94,25.94,43.34,80.69,77.37
27.26,27.26,45.76,78.37,78.17
30.85,30.85,47.85,80.04,78.69
29.59,29.59,47.44,78.97,77.94
24.70,24.70,45.79,78.04,78.84
20.85,20.85,43.10,78.95,78.62
19.85,19.85,45.41,80.03,79.47
18.41,18.41,43.30,77.73,79.27
16.20,16.20,42.15,79.61,79.35
15.05,15.05,40.44,79.67,74.98
28.07,28.07,49.43,77.54,78.86
31.26,31.26,48.88,78.58,80.65
27.82,27.82,44.52,79.08,78.12
26.98,26.98,43.37,77.82,79.65
25.45,25.45,42.36,77.01,78.65
24.22,24.22,41.78,77.53,77.48
25.57,25.57,41.28,77.48,77.63
26.25,26.25,38.78,75.18,75.71
25.93,25.93,36.37,77.26,74.48
23.70,23.70,36.04,76.56,76.12
21.91,21.91,36.56,76.02,73.37
18.46,18.46,36.69,76.91,76.96
21.97,21.97,38.54,76.94,77.15
27.76,27.76,44.26,74.54,76.96
37.24,37.24,51.27,74.89,77.60
32.52,32.52,43.46,76.61,77.07
31.60,31.60,41.40,76.18,75.07
30.01,30.01,39.62,74.36,77.66
27.52,27.52,39.10,74.77,77.32
24.76,24.76,37.03,74.11,77.40
24.83,24.83,35.88,72.81,77.28
24.28,24.28,35.24,73.21,76.63
23.30,23.30,35.84,74.07,72.90
22.99,22.99,35.88,73.33,76.62
20.40,20.40,34.76,73.04,73.93
19.72,19.72,35.74,73.99,76.40
18.38,18.38,39.35,71.43,73.40
33.45,33.45,54.17,72.20,74.26
28.32,28.32,48.84,70.87,74.61
26.98,26.98,44.88,71.09,73.21
27.05,27.05,42.65,70.82,72.09
27.05,27.05,41.68,71.64,73.04
24.91,24.91,37.56,68.68,72.99
24.04,24.04,35.69,68.47,71.48
23.16,23.16,34.68,66.89,72.82
22.07,22.07,33.65,68.35,72.06
22.35,22.35,33.43,67.96,74.45
21.70,21.70,32.40,63.27,73.50
20.41,20.41,31.30,55.93,73.97
21.65,21.65,33.42,52.06,73.62
29.36,29.36,42.29,47.91,71.92
37.47,37.47,53.83,45.88,73.04
32.14,32.14,47.52,43.36,71.54
29.77,29.77,44.68,46.16,72.36
26.36,26.36,42.82,47.07,72.54
22.83,22.83,39.80,57.75,72.07
22.35,22.35,42.05,74.02,70.62
23.25,23.25,41.06,74.95,71.16
21.48,21.48,40.31,80.27,70.66
19.78,19.78,37.35,83.75,69.91
21.72,21.72,37.64,81.98,71.47
21.62,21.62,34.61,81.18,72.69
20.76,20.76,34.29,80.03,72.74
19.46,19.46,36.95,80.39,71.17
33.00,33.00,47.93,78.99,73.89
36.29,36.29,49.66,80.14,75.82
36.24,36.24,48.76,82.18,73.74
35.23,35.23,47.49,81.15,74.50
34.55,34.55,47.12,83.15,76.47
33.21,33.21,46.10,81.88,75.47
32.13,32.13,45.36,82.75,75.83
31.37,31.37,44.25,81.41,73.46
31.72,31.72,45.38,81.18,76.75
31.94,31.94,44.74,81.29,76.69
31.06,31.06,44.38,81.38,72.72
30.76,30.76,42.63,79.98,73.94
31.70,31.70,41.62,79.77,75.14
35.62,35.62,46.69,79.16,74.77
49.03,49.03,56.96,78.70,71.40
44.23,44.23,51.10,78.84,71.30
40.74,40.74,47.34,75.86,72.24
40.34,40.34,46.91,77.24,73.69
38.87,38.87,45.97,77.48,72.55
37.67,37.67,44.74,76.63,72.42
37.15,37.15,43.21,77.35,74.04
37.91,37.91,41.84,77.00,74.69
36.26,36.26,39.10,75.75,72.58
35.60,35.60,36.95,76.62,73.45
34.62,34.62,36.69,74.49,72.62
32.95,32.95,37.20,75.27,72.32
34.41,34.41,43.15,75.74,74.03
37.09,37.09,50.69,71.95,71.33
34.58,34.58,48.30,73.06,74.63
27.84,27.84,40.05,74.26,77.02
29.07,29.07,40.27,71.88,76.90
29.31,29.31,40.91,74.00,75.77
29.34,29.34,39.54,74.65,75.92
30.78,30.78,39.11,73.24,75.83
30.16,30.16,36.85,74.10,74.08
29.58,29.58,35.42,74.52,76.14
28.79,28.79,36.62,73.63,75.97
30.69,30.69,37.95,74.37,74.62
27.60,27.60,36.13,73.03,70.30
24.48,24.48,36.71,73.24,69.10
29.05,29.05,41.04,73.07,70.78
41.45,41.45,54.39,73.09,72.17
37.70,37.70,50.53,71.90,72.99
33.13,33.13,45.56,70.42,73.97
30.34,30.34,42.36,70.33,78.04
30.03,30.03,42.17,68.64,75.64
29.56,29.56,41.44,70.31,78.35
28.13,28.13,39.15,67.85,77.56
27.07,27.07,36.97,67.67,72.63
26.23,26.23,35.03,68.68,76.76
25.62,25.62,33.15,68.68,75.62
23.92,23.92,30.48,65.94,74.01
23.39,23.39,29.44,68.11,74.76
25.73,25.73,38.63,68.43,71.78
33.30,33.30,44.13,70.35,74.87
31.53,31.53,43.46,68.68,76.13
26.06,26.06,38.23,70.09,77.40
25.40,25.40,35.99,71.35,77.63
26.86,26.86,36.01,71.23,76.96
29.00,29.00,34.64,70.97,74.87
31.81,31.81,34.72,70.46,74.04
34.89,34.89,34.15,71.00,73.06
36.82,36.82,32.63,72.16,73.47
37.14,37.14,31.20,70.65,73.94
37.68,37.68,30.35,70.81,72.93
36.75,36.75,29.84,70.10,72.25
32.24,32.24,28.25,69.74,72.64
28.33,28.33,29.11,70.68,74.34
45.68,45.68,54.25,67.60,74.68
42.16,42.16,49.95,66.06,78.40
37.63,37.63,44.46,67.93,77.13
36.18,36.18,43.14,66.81,79.80
34.36,34.36,42.16,65.55,76.80
33.07,33.07,41.18,64.06,75.86
31.64,31.64,39.86,62.13,73.54
29.56,29.56,36.45,64.13,73.86
28.22,28.22,34.09,62.00,71.87
29.47,29.47,33.22,64.52,73.65
29.19,29.19,30.97,63.90,71.69
27.22,27.22,29.22,64.10,72.96
27.13,27.13,38.28,63.18,71.67
34.63,34.63,46.48,63.86,74.41
32.04,32.04,51.37,77.11,76.72
20.37,20.37,49.27,83.41,74.50
19.30,19.30,48.49,84.83,75.13
21.54,21.54,46.85,81.48,75.82
19.76,19.76,46.48,80.22,77.80
20.83,20.83,44.59,82.95,77.98
25.19,25.19,46.70,81.36,76.69
24.86,24.86,47.43,83.65,76.42
23.37,23.37,44.13,82.28,78.71
23.37,23.37,40.77,81.23,78.46
23.21,23.21,42.35,82.49,78.82
21.76,21.76,46.14,81.52,77.16
22.81,22.81,46.27,83.31,78.80
28.42,28.42,44.75,81.36,78.46
30.09,30.09,44.45,82.27,79.01
28.69,28.69,46.56,81.49,77.15
28.38,28.38,45.52,80.31,77.52
28.45,28.45,42.45,80.97,78.39
25.05,25.05,40.98,79.12,77.71
21.44,21.44,40.10,80.67,78.26
21.98,21.98,39.70,78.58,76.71
22.91,22.91,39.26,78.30,79.82
22.66,22.66,39.82,78.19,79.99
24.11,24.11,38.38,76.98,80.65
19.91,19.91,37.82,77.92,79.32
18.22,18.22,39.52,74.59,77.67
21.48,21.48,43.06,75.37,79.15
26.89,26.89,42.41,72.64,77.46
27.23,27.23,38.90,73.70,78.84
30.45,30.45,38.81,72.78,78.15
32.36,32.36,39.73,73.76,79.72
29.47,29.47,39.13,73.11,81.01
30.73,30.73,40.60,69.28,82.53
29.06,29.06,40.33,73.11,82.55
25.83,25.83,40.24,73.99,80.86
25.74,25.74,40.26,74.65,78.16
27.83,27.83,41.62,71.33,80.00
26.80,26.80,40.76,73.99,79.83
23.85,23.85,39.37,73.09,80.51
23.86,23.86,42.27,72.33,79.43
36.21,36.21,53.16,72.77,78.66
34.85,34.85,49.18,71.62,78.58
31.47,31.47,46.28,71.81,79.44
29.32,29.32,45.18,67.92,81.67
26.12,26.12,43.97,71.41,78.88
25.02,25.02,43.43,70.30,76.59
23.45,23.45,42.20,70.31,77.30
25.84,25.84,43.10,71.34,76.35
26.06,26.06,41.79,69.81,78.47
24.54,24.54,41.63,71.52,77.02
25.30,25.30,42.02,69.36,77.81
25.69,25.69,40.19,70.76,76.79
26.16,26.16,41.48,69.15,77.39
26.08,26.08,43.34,71.06,76.31
28.96,28.96,46.09,71.05,77.69
22.71,22.71,41.54,69.56,76.27
22.17,22.17,41.90,70.73,78.15
24.67,24.67,40.66,70.02,78.30
25.64,25.64,40.09,70.93,78.04
25.21,25.21,40.27,68.19,79.07
22.35,22.35,38.50,70.94,77.76
21.17,21.17,37.71,70.05,78.54
24.19,24.19,40.16,69.23,77.28
25.31,25.31,41.96,70.32,78.56
24.44,24.44,41.58,69.09,76.30
22.02,22.02,39.24,69.38,76.41
19.69,19.69,39.03,65.73,76.58
22.16,22.16,43.01,68.51,77.06
22.81,22.81,41.97,67.16,77.46
21.81,21.81,40.83,66.31,77.44
23.48,23.48,40.56,68.83,77.40
24.51,24.51,40.73,65.71,77.46
25.39,25.39,39.34,63.42,76.56
27.95,27.95,40.86,58.24,77.58
28.67,28.67,39.82,49.63,77.41
28.63,28.63,39.79,48.70,76.35
26.01,26.01,41.27,43.69,75.08
26.43,26.43,41.60,41.30,76.23
27.31,27.31,42.43,42.23,74.98
26.53,26.53,43.36,47.50,76.19
22.67,22.67,47.78,55.92,74.41
19.26,19.26,53.74,71.06,76.15
20.05,20.05,49.22,73.78,78.20
24.01,24.01,48.62,85.31,78.02
27.07,27.07,50.04,83.16,78.78
25.47,25.47,46.10,81.49,78.98
22.09,22.09,46.53,81.72,77.48
21.49,21.49,44.72,82.39,76.26
22.10,22.10,44.79,83.82,76.23
24.92,24.92,48.27,80.86,76.64
25.73,25.73,50.28,81.50,75.80
20.84,20.84,44.09,80.22,78.37
20.49,20.49,44.02,79.26,76.17
22.04,22.04,45.46,79.84,75.84
24.79,24.79,49.09,78.66,77.50
25.62,25.62,50.03,79.36,76.85
25.18,25.18,49.74,76.68,78.18
26.48,26.48,49.43,77.63,77.09
26.33,26.33,49.54,76.41,75.01
27.51,27.51,48.40,72.95,76.97
29.82,29.82,48.95,70.54,77.37
29.49,29.49,49.93,73.23,73.75
27.24,27.24,48.69,72.91,75.10
26.29,26.29,48.04,71.70,74.99
25.79,25.79,45.88,73.21,73.35
23.52,23.52,46.97,71.33,73.54
20.13,20.13,44.97,70.70,75.10
24.49,24.49,48.05,70.12,74.07
39.39,39.39,54.01,70.26,76.12
31.97,31.97,45.59,68.47,78.43
29.20,29.20,41.59,70.59,80.85
28.92,28.92,40.52,71.44,82.45
27.05,27.05,37.94,69.27,82.45
26.66,26.66,36.92,69.24,82.62
25.26,25.26,35.44,71.90,82.14
27.24,27.24,37.04,71.20,81.55
25.76,25.76,36.51,68.13,84.02
25.81,25.81,35.79,70.25,82.79
25.62,25.62,36.64,69.19,81.95
26.70,26.70,37.33,68.04,81.94
26.25,26.25,37.71,69.05,82.38
38.36,38.36,48.71,67.76,81.18
38.53,38.53,50.00,67.80,79.36
32.35,32.35,44.51,66.08,81.63
29.73,29.73,41.62,67.56,81.68
27.51,27.51,40.80,62.92,80.10
28.29,28.29,40.41,62.92,79.18
27.57,27.57,38.48,65.61,78.96
26.39,26.39,37.44,65.58,78.77
25.65,25.65,35.89,62.22,76.92
26.44,26.44,36.40,65.54,76.62
24.59,24.59,35.18,67.14,77.10
25.71,25.71,36.25,64.12,75.23
27.29,27.29,37.13,63.75,74.45
29.42,29.42,38.74,64.93,76.71
37.61,37.61,45.00,64.70,76.77
28.38,28.38,37.61,63.23,79.24
26.29,26.29,35.37,66.11,81.42
25.71,25.71,35.94,65.18,82.06
26.27,26.27,37.65,63.60,82.93
25.88,25.88,37.12,63.44,82.56
26.84,26.84,35.87,64.18,79.18
28.67,28.67,36.33,64.02,78.34
33.12,33.12,35.49,62.30,73.73
34.58,34.58,35.93,66.30,76.90
33.43,33.43,35.25,64.06,73.68
32.48,32.48,34.16,64.96,73.82
30.97,30.97,36.92,63.76,75.89
30.47,30.47,44.25,60.69,74.77
26.41,26.41,45.96,63.09,76.82
29.54,29.54,49.12,61.69,78.89
29.88,29.88,46.61,60.06,80.16
26.09,26.09,42.88,62.56,80.36
22.97,22.97,40.95,62.83,78.28
20.81,20.81,42.73,62.05,75.46
22.51,22.51,43.77,56.77,74.60
26.02,26.02,45.07,60.21,73.92
26.50,26.50,43.98,60.06,72.14
28.00,28.00,43.70,59.75,73.32
28.16,28.16,41.47,59.68,73.20
29.20,29.20,41.10,59.00,69.56
32.78,32.78,47.61,59.33,67.73
41.06,41.06,55.57,71.62,75.10
32.75,32.75,54.09,81.94,72.59
26.32,26.32,49.32,85.14,75.11
24.42,24.42,45.37,86.53,74.43
23.18,23.18,42.39,86.51,75.85
19.84,19.84,45.00,86.41,75.13
20.57,20.57,42.30,82.49,75.20
18.70,18.70,38.24,80.00,75.40
20.25,20.25,40.71,73.30,76.68
19.50,19.50,38.82,77.24,78.12
18.31,18.31,35.72,77.63,77.83
18.80,18.80,35.41,77.67,77.16
18.22,18.22,36.26,78.62,77.74
26.71,26.71,40.97,77.17,77.85
29.41,29.41,41.59,74.37,78.61
23.01,23.01,37.61,69.00,78.49
25.58,25.58,37.90,64.49,76.38
24.64,24.64,37.10,69.48,80.64
27.48,27.48,38.21,73.62,77.29
28.71,28.71,39.82,77.26,79.97
27.56,27.56,38.01,77.51,78.00
27.52,27.52,37.57,78.91,80.09
24.26,24.26,36.12,78.96,77.83
25.34,25.34,38.11,77.54,77.14
25.02,25.02,38.68,76.24,77.85
24.80,24.80,39.21,74.77,77.48
26.14,26.14,43.81,69.57,79.80
39.61,39.61,57.49,67.78,76.38
35.10,35.10,52.65,70.94,81.65
31.57,31.57,47.23,68.36,78.91
31.12,31.12,44.72,71.37,81.10
29.93,29.93,42.30,71.01,80.50
29.65,29.65,41.22,71.16,79.68
27.44,27.44,38.45,72.46,81.14
24.89,24.89,36.48,71.63,78.97
24.46,24.46,35.89,69.09,80.20
23.96,23.96,34.84,63.85,79.10
23.99,23.99,35.78,60.18,79.21
21.94,21.94,34.78,58.79,78.60
23.33,23.33,38.03,63.71,79.31
28.93,28.93,42.22,62.29,80.74
30.39,30.39,44.36,64.31,81.29
22.79,22.79,39.57,63.31,81.04
22.66,22.66,38.16,61.35,79.69
25.75,25.75,37.29,61.26,80.45
24.24,24.24,34.92,54.55,79.49
23.88,23.88,35.07,52.29,79.14
24.67,24.67,37.38,47.81,80.89
24.39,24.39,38.70,50.26,80.65
25.07,25.07,38.06,50.89,81.68
24.72,24.72,38.71,51.33,81.99
24.50,24.50,38.52,53.90,81.26
23.90,23.90,38.00,51.98,79.69
24.46,24.46,37.52,48.05,76.92
27.36,27.36,43.06,51.69,76.61
27.10,27.10,42.97,51.04,76.90
21.87,21.87,37.00,53.07,77.70
23.94,23.94,37.06,52.62,78.99
26.72,26.72,38.39,52.27,78.17
27.97,27.97,38.61,51.12,77.44
29.02,29.02,39.21,51.43,77.11
29.62,29.62,37.86,52.44,76.57
29.14,29.14,39.06,48.45,74.84
30.24,30.24,39.52,48.46,77.08
32.08,32.08,40.36,47.54,74.86
31.95,31.95,41.28,47.55,77.33
31.30,31.30,44.31,47.88,75.34
38.37,38.37,48.90,47.36,78.23
43.08,43.08,50.71,46.67,78.74
39.76,39.76,46.13,45.13,78.86
34.14,34.14,42.54,44.14,78.14
30.13,30.13,42.70,48.51,75.70
26.68,26.68,42.67,57.40,76.78
25.75,25.75,43.13,76.29,75.66
26.69,26.69,42.29,76.01,75.37
27.16,27.16,41.43,77.39,74.64
26.98,26.98,42.95,75.95,73.05
26.39,26.39,42.32,76.60,74.38
27.76,27.76,42.94,73.83,74.03
24.70,24.70,40.20,75.09,74.44
22.73,22.73,44.04,72.46,72.58
27.94,27.94,54.47,74.52,77.50
28.38,28.38,53.59,78.33,75.97
24.82,24.82,52.53,85.16,77.99
22.90,22.90,50.42,84.91,77.65
23.75,23.75,49.66,86.28,78.83
24.02,24.02,46.32,84.22,76.29
22.84,22.84,45.61,84.08,74.97
24.72,24.72,45.25,81.49,76.14
25.68,25.68,45.22,81.99,76.55
27.06,27.06,46.52,82.01,76.73
26.42,26.42,44.89,81.35,75.10
24.26,24.26,42.24,81.93,73.95
27.18,27.18,43.08,80.37,75.40
28.01,28.01,42.26,81.25,74.41
28.05,28.05,41.25,79.06,76.05
27.62,27.62,41.55,79.46,76.21
28.51,28.51,41.86,76.83,76.66
35.61,35.61,45.06,76.60,78.75
30.66,30.66,41.60,76.69,77.76
25.89,25.89,39.54,76.93,78.53
24.41,24.41,40.78,77.32,77.84
23.37,23.37,40.46,76.64,76.86
24.17,24.17,42.20,74.61,75.55
23.74,23.74,42.55,68.72,75.41
23.14,23.14,40.64,69.89,75.67
23.32,23.32,39.82,73.60,75.86
23.89,23.89,38.47,76.48,73.83
26.92,26.92,42.48,76.50,74.78
27.33,27.33,43.16,74.92,75.36
26.47,26.47,43.74,71.18,75.12
26.10,26.10,43.46,67.71,75.00
22.59,22.59,42.75,67.41,75.76
18.19,18.19,43.44,72.46,75.25
23.43,23.43,47.43,74.54,75.52
33.69,33.69,52.76,74.89,78.90
32.77,32.77,49.72,72.74,78.64
30.28,30.28,45.46,71.73,82.37
27.14,27.14,42.52,69.67,79.74
26.67,26.67,42.64,69.85,80.94
26.28,26.28,43.19,71.21,78.62
27.36,27.36,43.53,71.53,79.24
26.94,26.94,43.35,70.68,80.43
23.01,23.01,42.01,69.91,78.38
24.13,24.13,40.92,66.60,80.89
26.86,26.86,42.52,68.07,77.19
24.84,24.84,40.73,67.37,79.09
23.74,23.74,41.94,67.55,77.85
20.67,20.67,39.51,66.76,78.08
19.67,19.67,41.42,68.00,78.91
23.28,23.28,44.06,66.04,78.27
23.77,23.77,44.63,63.90,79.45
23.41,23.41,45.90,61.92,78.86
23.61,23.61,46.91,59.71,79.83
25.45,25.45,41.51,59.58,78.08
28.01,28.01,42.02,59.35,79.37
27.93,27.93,41.38,58.22,77.89
27.14,27.14,41.10,59.38,76.88
24.53,24.53,40.16,59.00,76.86
22.34,22.34,39.06,54.09,76.04
22.27,22.27,38.93,54.11,77.80
24.66,24.66,39.90,56.41,76.01
24.56,24.56,38.47,52.81,76.28
23.73,23.73,37.20,53.76,75.27
22.85,22.85,35.69,54.81,74.16
23.85,23.85,35.77,54.18,72.49
26.71,26.71,36.83,57.41,74.29
26.55,26.55,37.07,57.57,74.91
25.00,25.00,38.60,59.06,75.47
24.66,24.66,38.49,59.23,75.27
37.23,37.23,49.19,59.94,74.90
37.75,37.75,46.86,58.07,76.91
33.69,33.69,41.82,56.94,79.53
32.09,32.09,38.67,58.22,79.72
31.01,31.01,37.47,56.00,80.00
31.00,31.00,38.89,56.13,79.92
29.54,29.54,38.20,52.07,79.22
27.51,27.51,37.13,53.56,78.19
25.19,25.19,36.76,52.79,77.85
24.14,24.14,36.72,54.57,78.05
25.46,25.46,37.70,55.27,80.66
29.89,29.89,38.04,54.91,81.22
29.61,29.61,39.67,54.16,81.64
26.60,26.60,38.55,52.60,81.81
27.28,27.28,37.67,51.97,80.48
28.79,28.79,37.06,51.41,78.62
27.70,27.70,35.84,53.00,78.40
25.93,25.93,37.07,53.56,78.57
27.33,27.33,40.53,52.93,77.20
27.78,27.78,36.59,45.86,79.14
25.28,25.28,36.55,39.58,81.21
24.21,24.21,39.06,35.83,81.54
24.16,24.16,37.20,35.64,82.69
25.34,25.34,35.72,35.43,81.16
24.94,24.94,38.15,41.81,80.53
21.62,21.62,48.63,60.01,80.85
21.06,21.06,47.63,73.01,80.34
21.45,21.45,46.60,78.31,80.86
23.45,23.45,43.58,76.60,79.79
22.35,22.35,45.03,78.20,79.54
24.75,24.75,37.79,75.27,81.83
25.40,25.40,39.70,75.81,79.58
23.90,23.90,36.03,73.32,78.63
24.55,24.55,40.77,74.84,79.02
24.75,24.75,41.81,73.22,79.84
24.45,24.45,42.63,73.08,80.00
21.92,21.92,41.54,71.61,79.24
24.66,24.66,39.97,71.29,78.41
29.81,29.81,47.83,72.99,77.91
27.41,27.41,44.09,77.28,78.24
26.31,26.31,40.85,81.39,78.59
22.66,22.66,37.71,83.77,77.74
22.17,22.17,36.26,83.68,78.26
22.30,22.30,36.14,84.25,76.86
20.53,20.53,35.82,81.70,76.20
21.96,21.96,35.06,79.26,75.75
22.63,22.63,35.05,80.03,75.94
26.22,26.22,34.94,78.64,76.06
24.96,24.96,34.66,77.33,75.42
25.91,25.91,34.81,78.02,76.35
24.46,24.46,35.13,79.16,76.08
28.45,28.45,45.55,77.32,76.45
29.61,29.61,48.65,79.45,75.13
26.67,26.67,42.42,79.51,77.25
25.64,25.64,40.73,78.31,76.00
26.29,26.29,38.64,77.92,76.58
24.91,24.91,35.77,78.45,74.90
24.53,24.53,32.45,77.46,74.30
27.55,27.55,32.29,75.56,72.72
29.77,29.77,31.67,77.85,72.65
32.38,32.38,30.86,77.66,72.52
30.35,30.35,31.03,75.11,72.94
27.83,27.83,29.34,77.00,71.96
25.02,25.02,31.43,76.74,72.61
22.15,22.15,31.09,75.74,74.75
23.92,23.92,38.98,76.63,77.11
22.82,22.82,40.17,77.64,79.54
20.73,20.73,36.59,75.22,78.69
19.75,19.75,35.06,74.49,79.08
20.44,20.44,34.06,74.85,78.62
21.97,21.97,32.46,75.16,78.07
23.43,23.43,32.89,72.59,78.67
26.45,26.45,34.96,75.52,79.80
27.86,27.86,37.40,74.48,79.72
25.85,25.85,35.85,72.32,79.24
26.82,26.82,36.97,73.97,79.61
24.00,24.00,34.50,73.90,79.05
21.31,21.31,34.12,73.36,78.17
19.62,19.62,33.74,73.33,79.49
17.51,17.51,31.70,73.95,76.73
13.99,13.99,26.22,71.49,76.59
16.52,16.52,29.37,71.92,75.82
19.66,19.66,32.70,72.38,78.24
21.99,21.99,34.93,71.34,78.06
22.93,22.93,35.15,71.34,76.24
20.02,20.02,35.17,71.84,74.97
16.72,16.72,31.28,69.62,74.50
15.72,15.72,26.02,69.52,75.63
17.87,17.87,23.36,70.79,73.79
17.79,17.79,24.04,70.59,74.03
17.05,17.05,23.46,70.06,74.37
16.13,16.13,25.22,69.13,72.26
15.31,15.31,23.94,69.89,72.38
18.06,18.06,23.11,68.00,75.25
21.08,21.08,28.45,68.57,77.22
21.59,21.59,33.64,67.98,78.54
22.47,22.47,33.71,68.56,78.94
24.12,24.12,33.84,68.12,78.89
26.46,26.46,33.97,69.07,79.07
22.95,22.95,34.03,65.44,77.40
21.03,21.03,32.12,65.51,75.04
17.15,17.15,24.17,63.13,73.27
13.73,13.73,21.38,64.67,73.47
11.58,11.58,24.24,65.86,75.34
10.89,10.89,23.19,64.50,77.46
11.63,11.63,22.76,64.03,76.31
13.23,13.23,23.70,63.00,77.48
12.97,12.97,25.23,62.14,75.93
14.89,14.89,29.53,62.50,77.01
16.33,16.33,34.45,64.43,78.36
17.50,17.50,33.93,63.62,78.22
21.23,21.23,33.81,64.95,79.19
20.81,20.81,33.52,63.00,78.88
20.66,20.66,32.89,63.78,77.53
20.68,20.68,29.88,63.30,77.75
18.13,18.13,28.00,61.53,75.60
16.31,16.31,28.20,62.09,74.99
16.96,16.96,30.56,60.46,76.86
18.21,18.21,30.57,49.41,76.89
14.35,14.35,31.39,47.28,77.00
14.56,14.56,32.61,44.19,74.87
24.06,24.06,45.05,52.62,75.51
26.01,26.01,50.45,70.80,73.79
22.34,22.34,52.33,79.49,73.33
25.07,25.07,44.36,81.46,76.66
22.51,22.51,44.87,83.15,75.38
20.94,20.94,41.78,81.09,76.42
19.06,19.06,38.81,79.90,76.58
20.11,20.11,38.58,78.27,77.11
19.57,19.57,38.44,78.60,76.35
21.62,21.62,37.52,79.58,77.16
22.23,22.23,35.93,77.64,75.21
21.88,21.88,36.27,77.53,75.95
21.04,21.04,34.31,76.40,76.69
19.81,19.81,36.07,77.58,76.88
28.19,28.19,39.96,76.06,77.05
27.44,27.44,38.47,75.33,76.17
24.63,24.63,35.86,73.55,75.85
24.92,24.92,36.37,72.51,76.61
23.75,23.75,35.42,71.87,77.25
23.32,23.32,35.69,72.16,78.01
19.83,19.83,33.82,73.17,77.09
22.28,22.28,35.42,73.38,78.15
26.14,26.14,35.75,73.01,78.28
26.81,26.81,34.15,68.62,79.29
26.70,26.70,33.45,59.41,77.38
24.07,24.07,33.81,64.48,79.30
22.54,22.54,35.14,69.00,77.69
25.31,25.31,37.28,70.43,78.64
34.77,34.77,41.87,69.17,78.36
36.97,36.97,41.36,67.49,80.95
28.44,28.44,41.26,63.86,78.39
26.43,26.43,40.65,53.06,79.95
25.82,25.82,38.74,60.78,79.30
28.90,28.90,39.33,66.01,79.87
28.48,28.48,38.75,68.65,79.59
23.09,23.09,34.39,69.09,78.93
23.29,23.29,31.75,66.58,78.49
22.38,22.38,30.72,61.72,75.79
21.01,21.01,28.66,59.14,76.43
21.81,21.81,29.57,63.02,75.23
21.23,21.23,28.74,65.34,76.85
20.44,20.44,27.23,64.89,77.10
19.06,19.06,26.30,64.05,74.94
21.60,21.60,33.32,61.36,78.18
21.55,21.55,36.63,59.38,78.47
20.95,20.95,36.27,60.91,77.82
22.92,22.92,36.25,59.51,78.39
21.87,21.87,34.38,61.16,77.32
22.07,22.07,35.02,58.61,77.92
22.51,22.51,33.19,59.06,76.57
22.04,22.04,31.20,56.77,75.24
23.66,23.66,31.29,56.01,73.59
25.61,25.61,33.60,55.72,74.85
25.44,25.44,34.28,56.20,75.93
23.47,23.47,32.61,55.05,74.74
22.58,22.58,30.10,51.87,74.10
19.53,19.53,27.35,50.93,72.16
19.56,19.56,26.06,46.21,74.27
21.18,21.18,28.53,49.43,74.41
26.20,26.20,30.85,47.05,77.58
27.32,27.32,30.96,45.20,76.62
27.25,27.25,33.72,45.53,76.58
28.63,28.63,36.74,42.90,75.51
32.53,32.53,35.52,47.54,76.57
34.46,34.46,34.93,42.98,76.31
33.84,33.84,39.25,46.91,74.78
31.31,31.31,36.64,42.70,76.76
30.14,30.14,38.69,47.11,76.25
29.83,29.83,34.91,45.58,76.82
26.96,26.96,35.15,44.76,78.09
19.08,19.08,35.39,46.33,76.44
17.54,17.54,35.73,44.14,76.03
21.75,21.75,40.72,47.38,78.44
24.45,24.45,37.06,40.40,78.66
24.73,24.73,38.55,44.88,79.36
24.46,24.46,43.70,45.42,79.23
25.17,25.17,38.48,40.81,80.30
25.80,25.80,37.60,39.32,81.55
28.19,28.19,38.77,36.25,81.24
26.92,26.92,36.17,36.12,81.38
29.06,29.06,40.12,37.63,82.02
27.41,27.41,34.84,36.90,80.29
26.54,26.54,37.21,38.80,79.81
24.01,24.01,39.01,43.55,80.41
27.04,27.04,50.68,57.46,79.65
25.47,25.47,51.32,75.01,78.65
21.93,21.93,51.44,82.07,78.50
29.00,29.00,45.81,83.02,79.02
28.32,28.32,38.88,78.63,79.13
25.57,25.57,37.46,79.18,78.87
24.74,24.74,37.97,80.52,77.73
20.60,20.60,36.99,79.88,78.67
23.37,23.37,33.60,76.69,79.46
25.99,25.99,36.87,81.50,79.72
25.81,25.81,35.40,79.26,78.98
24.77,24.77,35.69,79.05,79.74
23.64,23.64,32.87,77.87,78.15
21.40,21.40,31.93,78.25,78.44
19.42,19.42,39.07,76.09,79.50
18.03,18.03,40.24,75.38,79.85
16.56,16.56,34.79,75.29,79.92
19.04,19.04,30.47,74.61,80.69
17.89,17.89,30.05,72.22,79.87
15.79,15.79,28.37,74.22,79.75
13.03,13.03,28.71,73.43,80.30
18.82,18.82,29.17,72.52,80.85
21.53,21.53,28.03,72.51,81.01
19.48,19.48,27.77,71.75,82.52
15.94,15.94,26.68,70.99,80.72
14.84,14.84,26.07,71.82,78.77
12.93,12.93,29.45,68.63,77.91
12.15,12.15,32.95,69.09,76.44
20.44,20.44,40.12,68.44,79.79
19.77,19.77,37.48,66.42,80.36
21.03,21.03,37.12,67.12,80.05
19.19,19.19,35.79,68.02,79.39
18.17,18.17,33.58,67.28,81.21
18.07,18.07,32.65,64.13,80.54
16.75,16.75,31.04,67.26,79.95
16.42,16.42,29.74,67.22,79.41
17.19,17.19,29.58,67.11,79.58
19.45,19.45,29.03,67.11,78.86
22.09,22.09,28.44,67.29,79.53
23.77,23.77,28.54,65.50,81.39
21.64,21.64,28.29,66.59,81.84
25.87,25.87,31.14,65.49,81.33
20.13,20.13,30.19,65.96,81.24
21.67,21.67,29.97,64.79,81.93
29.06,29.06,30.74,64.21,80.55
18.11,18.11,28.43,64.74,80.19
17.12,17.12,27.27,63.98,80.08
23.29,23.29,28.21,58.85,79.96
19.25,19.25,28.67,64.62,80.47
17.46,17.46,28.92,59.89,80.03
21.03,21.03,28.99,63.88,80.17
17.98,17.98,27.43,63.76,79.15
18.62,18.62,26.47,65.94,78.90
19.71,19.71,26.11,64.27,78.38
18.32,18.32,23.10,62.93,79.65
13.49,13.49,22.16,62.16,78.64
11.33,11.33,20.67,62.57,78.41
13.51,13.51,23.91,62.24,77.80
17.61,17.61,31.11,60.78,78.22
19.10,19.10,34.08,62.19,78.43
20.05,20.05,33.90,60.24,77.74
19.45,19.45,33.00,60.43,79.30
18.60,18.60,32.53,58.62,76.44
18.40,18.40,33.35,58.21,80.12
17.61,17.61,32.85,57.79,76.07
18.34,18.34,32.12,58.53,78.63
21.32,21.32,33.52,56.33,76.72
21.30,21.30,31.48,54.76,77.46
19.37,19.37,31.04,54.08,75.47
20.91,20.91,34.04,50.94,76.81
17.48,17.48,28.92,52.20,76.23
14.54,14.54,29.96,48.26,77.28
15.51,15.51,27.42,49.68,78.85
17.55,17.55,29.77,47.30,78.75
18.29,18.29,29.91,47.40,79.05
18.23,18.23,37.27,46.66,78.56
18.52,18.52,35.30,46.99,78.50
19.77,19.77,42.84,44.85,77.61
20.69,20.69,33.80,43.57,76.22
22.37,22.37,32.33,44.42,75.75
28.06,28.06,39.53,42.70,75.64
27.87,27.87,38.62,46.97,75.30
23.55,23.55,34.63,50.20,74.74
26.30,26.30,35.92,54.78,75.68
35.68,35.68,50.92,60.34,75.57
29.59,29.59,47.46,75.92,75.83
24.07,24.07,39.72,76.41,78.77
22.11,22.11,37.38,77.19,79.17
19.60,19.60,36.60,81.04,78.40
16.45,16.45,36.10,82.64,77.48
16.99,16.99,34.54,81.49,78.74
16.29,16.29,31.65,81.18,79.34
16.27,16.27,31.03,79.42,80.44
19.28,19.28,31.54,76.09,80.35
19.77,19.77,30.41,77.32,78.58
19.26,19.26,29.30,75.45,77.09
24.19,24.19,30.74,75.95,75.76
25.53,25.53,30.55,77.01,77.77
24.90,24.90,38.14,77.96,78.62
25.61,25.61,50.07,78.15,78.11
21.94,21.94,44.13,78.24,78.05
22.13,22.13,40.94,78.27,79.06
22.47,22.47,39.01,78.32,77.91
26.60,26.60,37.60,77.26,77.41
26.57,26.57,36.13,76.86,78.06
22.42,22.42,33.86,76.06,79.25
19.00,19.00,32.00,75.79,79.19
16.49,16.49,29.48,74.66,78.79
14.57,14.57,29.34,73.98,79.16
12.91,12.91,28.98,75.21,79.69
14.68,14.68,28.87,73.09,79.34
17.91,17.91,28.54,73.89,77.80
14.31,14.31,28.51,74.89,77.94
11.37,11.37,29.60,74.78,79.14
13.54,13.54,39.85,73.87,78.29
11.82,11.82,33.59,73.76,79.09
13.03,13.03,34.11,73.29,77.44
13.78,13.78,34.89,72.80,77.95
14.26,14.26,32.90,71.51,78.91
17.26,17.26,31.66,72.73,77.12
18.30,18.30,31.35,71.84,76.29
18.39,18.39,31.47,71.59,75.96
20.58,20.58,32.19,71.31,74.04
21.93,21.93,31.07,70.83,74.13
21.53,21.53,30.92,71.28,75.90
17.82,17.82,31.48,71.08,75.40
17.55,17.55,30.45,71.24,76.88
17.74,17.74,30.68,70.28,76.99
19.08,19.08,31.33,70.70,78.39
23.37,23.37,34.62,70.10,77.24
22.97,22.97,33.20,68.87,77.45
23.77,23.77,33.51,68.83,77.15
22.86,22.86,33.33,67.95,77.50
23.34,23.34,32.14,67.75,76.93
25.30,25.30,32.60,66.28,76.09
28.80,28.80,32.88,65.14,75.64
27.62,27.62,33.64,64.54,75.17
31.65,31.65,33.66,64.30,75.68
29.94,29.94,33.51,63.25,74.74
30.98,30.98,32.79,63.05,75.60
30.37,30.37,32.39,66.02,74.13
30.46,30.46,30.21,66.56,75.12
28.12,28.12,28.77,66.13,75.00
29.33,29.33,28.93,65.36,75.48
29.30,29.30,28.39,64.72,75.33
37.06,37.06,41.98,66.22,77.12
36.04,36.04,42.22,65.90,76.69
34.89,34.89,43.55,66.01,77.68
32.51,32.51,43.36,64.99,76.49
31.54,31.54,42.88,64.51,76.01
30.90,30.90,41.54,63.77,75.56
32.11,32.11,41.65,65.11,73.62
31.51,31.51,40.39,64.41,75.51
31.33,31.33,39.09,62.84,73.93
30.78,30.78,38.82,64.58,73.34
29.63,29.63,37.30,62.87,74.49
30.97,30.97,37.50,63.30,75.14
30.14,30.14,37.75,63.38,75.45
32.21,32.21,37.93,63.53,75.58
29.21,29.21,34.18,64.56,74.45
30.72,30.72,36.68,64.07,75.20
30.06,30.06,35.32,64.46,74.39
26.60,26.60,30.44,64.25,74.65
24.92,24.92,32.09,64.55,77.40
25.19,25.19,32.21,64.18,79.49
26.19,26.19,33.42,66.38,80.23
24.46,24.46,32.00,64.19,81.27
21.44,21.44,30.96,65.28,81.82
24.13,24.13,31.91,65.49,81.04
26.09,26.09,33.07,66.49,82.48
26.17,26.17,33.37,66.94,80.77
23.38,23.38,30.42,65.72,79.57
25.78,25.78,30.64,66.78,79.08
27.23,27.23,32.65,66.72,77.40
26.86,26.86,29.89,67.38,78.06
27.15,27.15,27.68,66.89,77.81
25.25,25.25,26.95,65.09,76.63
24.66,24.66,30.79,66.00,76.03
21.88,21.88,36.78,66.76,75.07
22.66,22.66,42.46,65.40,74.76
29.12,29.12,55.48,66.50,74.71
26.76,26.76,55.18,73.78,74.62
31.27,31.27,55.28,80.61,77.97
33.61,33.61,53.36,80.76,76.79
34.20,34.20,50.72,81.19,74.48
33.90,33.90,49.37,78.16,75.57
30.96,30.96,47.54,78.70,77.83
27.07,27.07,46.22,75.73,76.24
25.05,25.05,44.68,78.08,77.18
23.91,23.91,43.55,75.04,74.95
22.89,22.89,41.75,76.20,74.59
20.62,20.62,40.68,74.88,75.16
20.77,20.77,39.40,73.73,76.29
27.62,27.62,45.39,74.01,77.63
29.44,29.44,49.87,73.43,75.15
27.99,27.99,42.31,73.65,76.18
26.80,26.80,40.12,70.46,75.98
26.99,26.99,39.21,69.50,74.72
26.28,26.28,38.00,67.52,76.26
25.00,25.00,37.43,70.42,78.78
24.63,24.63,36.83,71.08,81.01
25.78,25.78,35.38,71.65,81.85
28.87,28.87,35.99,68.73,81.82
30.17,30.17,33.76,65.49,82.05
28.76,28.76,34.48,59.86,81.52
26.68,26.68,35.60,59.34,80.20
25.02,25.02,36.68,65.18,78.49
36.55,36.55,50.02,65.63,77.92
34.19,34.19,47.12,66.39,79.37
29.52,29.52,40.51,63.69,77.18
29.81,29.81,39.68,57.07,78.74
27.79,27.79,37.36,52.34,80.85
24.22,24.22,33.85,57.02,77.83
25.04,25.04,34.16,65.08,81.01
25.29,25.29,33.86,66.43,80.36
25.84,25.84,34.74,66.20,76.99
24.54,24.54,34.36,63.72,78.86
26.61,26.61,35.66,60.16,79.09
28.25,28.25,35.89,57.09,77.31
29.12,29.12,37.30,61.45,77.44
29.75,29.75,41.10,61.23,81.22
39.42,39.42,54.75,60.65,78.59
36.06,36.06,50.23,58.60,78.37
32.66,32.66,44.20,58.21,82.06
32.14,32.14,43.77,55.86,83.33
31.06,31.06,42.21,57.02,83.04
30.25,30.25,40.62,56.90,84.97
30.00,30.00,39.08,59.03,84.29
30.01,30.01,37.22,55.01,83.42
30.97,30.97,35.83,57.58,84.08
30.72,30.72,34.59,53.73,83.87
30.03,30.03,33.93,54.83,81.65
28.02,28.02,33.39,51.79,81.07
27.61,27.61,35.55,53.10,80.40
28.31,28.31,40.16,47.04,78.20
30.86,30.86,44.19,50.55,76.84
28.85,28.85,40.78,47.56,75.95
26.43,26.43,35.38,44.64,78.94
26.47,26.47,34.07,41.77,78.91
28.95,28.95,33.29,40.89,79.89
29.84,29.84,32.66,45.18,80.13
28.58,28.58,33.59,41.61,79.77
24.61,24.61,31.70,44.36,80.82
26.45,26.45,35.88,43.40,78.30
27.69,27.69,37.06,42.33,76.83
29.22,29.22,38.28,43.87,77.87
26.88,26.88,34.17,43.96,77.28
26.33,26.33,34.46,43.35,77.92
34.53,34.53,39.65,43.68,78.16
30.55,30.55,39.68,43.15,78.42
25.71,25.71,34.87,43.58,77.54
26.17,26.17,35.38,41.73,77.43
25.07,25.07,36.72,42.11,78.68
25.84,25.84,36.66,39.67,78.72
27.90,27.90,40.44,34.30,78.07
26.50,26.50,38.11,29.38,78.19
26.60,26.60,39.12,28.66,77.79
27.99,27.99,39.03,22.21,77.41
25.87,25.87,37.15,21.51,76.78
25.46,25.46,36.68,26.43,76.97
21.85,21.85,37.82,30.85,76.91
16.41,16.41,41.64,49.61,78.45
14.50,14.50,50.63,63.83,78.62
17.97,17.97,51.20,70.64,76.03
17.26,17.26,54.09,80.20,78.11
18.63,18.63,48.49,81.96,77.02
18.12,18.12,45.93,81.75,75.60
17.54,17.54,44.63,79.03,76.09
17.71,17.71,44.43,77.36,76.48
17.61,17.61,42.89,79.55,76.99
15.85,15.85,42.16,79.26,76.19
18.07,18.07,44.10,78.90,77.15
16.37,16.37,42.75,77.89,76.55
16.97,16.97,40.91,77.34,75.32
18.01,18.01,39.84,78.26,75.73
22.59,22.59,47.09,75.32,75.06
23.47,23.47,47.09,76.20,75.13
20.21,20.21,39.64,77.49,75.33
22.12,22.12,39.85,75.52,76.66
23.33,23.33,41.14,73.69,74.65
23.60,23.60,40.43,71.87,75.50
25.19,25.19,40.69,73.01,76.39
25.99,25.99,39.86,72.36,74.90
24.93,24.93,39.49,67.76,76.16
25.26,25.26,38.16,68.45,76.49
24.68,24.68,38.59,69.20,76.51
22.02,22.02,38.24,70.39,78.02
21.60,21.60,39.88,71.22,77.85
20.89,20.89,40.11,68.70,76.21
34.00,34.00,54.86,67.15,76.99
27.31,27.31,47.71,64.18,75.84
24.42,24.42,42.38,69.97,75.99
22.42,22.42,40.59,70.19,78.63
23.66,23.66,41.37,65.99,78.22
20.79,20.79,37.94,60.74,78.29
21.21,21.21,37.89,62.61,77.68
20.52,20.52,36.17,65.43,76.46
21.46,21.46,36.67,67.51,76.33
19.44,19.44,36.55,65.33,77.35
21.60,21.60,37.08,60.94,76.85
20.45,20.45,36.79,60.22,76.90
20.92,20.92,37.89,58.21,75.51
27.41,27.41,45.96,60.08,75.82
34.23,34.23,53.80,58.21,75.29
29.55,29.55,47.68,55.67,75.96
27.07,27.07,44.75,58.34,74.68
26.23,26.23,43.94,58.60,74.19
21.93,21.93,40.85,58.96,75.20
20.49,20.49,40.49,59.17,74.41
19.86,19.86,40.30,60.88,75.48
20.72,20.72,39.11,60.61,76.06
18.15,18.15,37.34,60.81,73.78
17.81,17.81,36.81,61.14,74.86
20.38,20.38,38.67,60.50,74.58
19.06,19.06,37.25,60.33,74.94
19.56,19.56,38.24,59.49,76.62
23.97,23.97,42.71,59.89,75.62
22.90,22.90,42.51,58.64,75.78
20.06,20.06,41.48,57.32,77.44
22.21,22.21,40.92,58.78,76.93
23.36,23.36,39.66,59.43,76.53
22.25,22.25,38.41,57.39,75.95
22.81,22.81,38.06,58.44,76.60
22.22,22.22,38.45,59.87,77.11
21.87,21.87,37.73,59.50,76.31
22.82,22.82,38.41,57.32,77.21
23.82,23.82,39.55,58.42,76.10
21.42,21.42,39.13,58.43,75.62
22.78,22.78,37.19,56.42,75.56
23.47,23.47,37.92,57.81,76.77
21.61,21.61,40.42,55.24,77.77
21.33,21.33,38.72,55.36,80.16
19.39,19.39,38.37,56.60,79.97
21.29,21.29,39.02,52.60,78.65
19.87,19.87,38.59,56.87,76.21
22.17,22.17,38.13,56.01,76.40
22.17,22.17,37.41,51.88,75.38
23.38,23.38,36.45,54.61,75.48
23.21,23.21,35.20,54.37,76.34
25.46,25.46,36.47,51.01,75.57
27.31,27.31,36.64,53.47,76.46
25.88,25.88,35.84,51.42,77.72
24.47,24.47,39.46,52.40,75.64
19.88,19.88,45.61,58.09,74.97
17.74,17.74,56.40,72.27,76.26
17.39,17.39,54.00,81.41,73.40
17.60,17.60,51.41,84.77,74.86
17.49,17.49,48.08,84.02,78.56
16.34,16.34,46.82,81.66,75.45
16.38,16.38,46.52,82.31,75.53
18.25,18.25,46.21,81.74,76.82
17.55,17.55,44.61,84.88,76.27
14.46,14.46,44.00,80.73,74.63
14.92,14.92,42.91,79.53,75.81
17.51,17.51,42.55,80.42,77.42
17.63,17.63,41.71,79.74,73.90
16.01,16.01,41.50,81.32,74.23
19.44,19.44,50.76,80.43,74.73
16.80,16.80,51.81,80.52,77.59
16.86,16.86,51.05,77.84,78.95
17.31,17.31,49.84,80.48,78.64
16.19,16.19,49.01,79.54,78.41
14.39,14.39,47.87,77.92,78.02
14.96,14.96,46.78,79.80,78.37
15.32,15.32,45.87,78.50,77.37
16.63,16.63,46.03,79.84,77.76
17.19,17.19,44.27,76.97,78.10
17.26,17.26,42.61,78.13,77.84
17.89,17.89,41.89,78.10,78.86
20.26,20.26,41.04,76.48,78.31
22.88,22.88,45.04,77.10,80.36
31.70,31.70,52.90,76.81,77.90
25.35,25.35,47.95,76.09,80.24
21.43,21.43,43.90,74.64,78.91
17.76,17.76,40.80,75.85,79.83
18.61,18.61,42.78,74.05,79.46
18.99,18.99,40.89,73.39,81.11
18.20,18.20,40.24,74.79,80.39
19.58,19.58,40.31,72.41,78.49
19.55,19.55,38.96,73.43,77.84
20.18,20.18,38.48,71.50,77.86
19.53,19.53,38.98,71.21,79.75
19.13,19.13,38.31,71.49,79.05
20.26,20.26,40.37,71.63,78.61
29.33,29.33,49.09,71.77,79.43
30.39,30.39,50.64,68.93,80.41
23.34,23.34,44.24,70.65,80.67
21.57,21.57,42.13,69.65,79.86
21.36,21.36,40.81,70.54,79.77
19.57,19.57,38.89,69.55,77.82
20.00,20.00,38.39,70.90,79.07
19.23,19.23,37.39,70.28,79.06
20.39,20.39,37.15,67.92,78.89
19.85,19.85,36.37,68.07,77.92
19.16,19.16,36.46,68.39,76.71
18.39,18.39,35.72,69.62,77.56
19.16,19.16,36.73,66.49,76.64
20.95,20.95,39.43,66.86,78.80
23.69,23.69,46.10,67.47,78.06
22.11,22.11,44.79,65.65,77.06
21.22,21.22,41.48,68.28,78.51
20.31,20.31,38.90,67.69,77.60
18.98,18.98,37.69,68.27,77.69
19.07,19.07,37.51,66.99,77.23
18.39,18.39,35.83,69.18,74.46
18.85,18.85,34.97,67.28,75.43
21.03,21.03,36.20,69.15,75.07
22.59,22.59,36.21,70.15,74.24
19.73,19.73,33.95,68.30,75.08
19.94,19.94,33.82,68.82,74.98
19.15,19.15,34.97,68.73,74.93
21.15,21.15,37.91,70.33,75.82
26.13,26.13,43.90,68.64,77.56
21.86,21.86,40.20,69.45,76.77
23.00,23.00,38.32,69.00,78.84
19.73,19.73,36.12,68.07,77.49
19.91,19.91,36.75,69.26,78.23
17.59,17.59,34.85,68.47,77.38
17.66,17.66,35.18,69.68,76.50
18.21,18.21,34.39,67.17,77.48
18.55,18.55,34.50,68.26,76.53
19.33,19.33,34.51,65.23,76.63
18.18,18.18,33.71,53.67,76.22
16.60,16.60,33.09,47.35,77.25
14.15,14.15,35.04,48.10,78.02
26.96,26.96,47.27,59.52,77.25
35.37,35.37,55.21,73.87,77.22
33.58,33.58,52.39,77.14,76.45
29.89,29.89,47.45,79.24,76.70
26.62,26.62,45.85,83.88,76.69
27.03,27.03,44.05,83.99,73.74
27.13,27.13,44.03,84.35,76.33
25.55,25.55,41.96,82.68,76.14
26.11,26.11,39.82,79.74,74.39
22.80,22.80,39.79,80.32,76.14
25.12,25.12,38.27,79.47,76.23
27.76,27.76,39.29,78.74,74.81
29.19,29.19,40.62,79.32,74.96
32.11,32.11,42.27,80.17,75.59
33.80,33.80,50.44,78.07,75.49
31.78,31.78,49.44,79.79,74.40
31.37,31.37,49.31,80.13,75.23
30.60,30.60,48.56,79.65,74.53
33.30,33.30,48.29,77.54,75.00
35.71,35.71,47.51,79.46,74.90
36.94,36.94,46.69,78.91,74.60
35.96,35.96,44.52,76.79,74.38
33.93,33.93,43.53,77.02,74.21
32.41,32.41,43.19,78.19,74.55
29.48,29.48,41.34,76.42,74.08
26.43,26.43,40.94,77.61,74.20
21.91,21.91,41.70,77.83,72.34
25.20,25.20,46.49,77.33,74.28
30.62,30.62,52.96,74.85,77.53
27.03,27.03,45.11,78.02,79.44
27.08,27.08,42.96,76.47,79.31
26.03,26.03,40.50,74.09,80.90
25.98,25.98,38.24,74.61,79.51
26.93,26.93,38.47,75.69,80.63
29.05,29.05,38.96,74.46,80.41
30.80,30.80,38.33,73.71,79.23
27.45,27.45,35.40,74.64,80.08
24.17,24.17,35.56,73.34,78.66
24.76,24.76,37.62,73.92,77.37
24.81,24.81,38.28,74.49,77.92
22.64,22.64,39.44,73.65,78.39
33.26,33.26,50.11,70.99,79.39
31.62,31.62,50.24,73.78,79.69
25.65,25.65,44.48,73.01,78.51
25.99,25.99,41.73,71.68,77.71
24.36,24.36,39.54,71.77,77.19
25.27,25.27,39.37,71.76,77.89
24.87,24.87,37.97,71.31,76.40
29.77,29.77,39.14,71.05,74.58
28.16,28.16,36.52,70.61,74.71
25.43,25.43,33.64,68.95,75.50
23.71,23.71,32.34,67.30,73.76
21.97,21.97,30.56,70.09,72.62
22.38,22.38,31.63,68.84,72.01
24.03,24.03,36.90,66.62,72.58
37.21,37.21,55.83,68.35,74.06
32.92,32.92,51.13,67.47,77.45
30.12,30.12,45.07,66.09,76.86
28.02,28.02,43.87,66.54,77.19
25.55,25.55,42.65,66.02,76.83
25.19,25.19,41.73,66.86,76.67
27.48,27.48,42.47,65.56,78.35
30.82,30.82,43.54,65.35,78.45
27.39,27.39,41.25,62.60,79.38
24.23,24.23,40.62,61.88,77.72
22.40,22.40,39.82,62.34,76.54
20.99,20.99,39.25,62.86,76.16
23.34,23.34,39.99,61.70,78.23
26.59,26.59,42.08,63.32,78.45
27.19,27.19,43.85,62.43,77.20
24.22,24.22,42.94,60.38,78.97
23.67,23.67,42.62,59.87,78.27
20.88,20.88,40.63,60.19,78.38
19.65,19.65,39.97,59.34,77.69
20.89,20.89,37.36,58.99,78.52
19.86,19.86,36.80,58.55,79.53
22.67,22.67,38.10,55.61,78.65
20.33,20.33,37.21,57.09,77.04
17.85,17.85,34.49,54.67,73.70
16.84,16.84,34.30,53.61,75.28
16.72,16.72,36.01,50.91,75.80
15.79,15.79,37.85,56.59,73.72
32.39,32.39,53.83,58.25,73.71
33.18,33.18,54.80,73.30,73.22
27.23,27.23,49.00,82.70,73.38
25.02,25.02,46.08,83.09,73.88
22.23,22.23,46.47,85.82,72.50
20.05,20.05,45.48,80.69,74.36
20.05,20.05,46.22,81.64,72.57
21.61,21.61,44.99,78.41,71.69
23.42,23.42,43.70,80.16,73.66
25.42,25.42,43.30,83.18,71.54
25.34,25.34,44.56,80.58,73.64
23.82,23.82,43.91,82.95,72.70
22.81,22.81,44.74,79.07,71.50
25.26,25.26,48.30,80.93,74.13
35.41,35.41,55.97,78.46,74.22
27.95,27.95,47.44,79.31,74.43
26.27,26.27,45.23,80.24,74.78
25.93,25.93,46.16,79.06,72.60
25.55,25.55,46.45,80.78,74.01
29.50,29.50,47.80,77.93,73.79
29.82,29.82,45.87,78.53,74.78
28.54,28.54,44.21,78.51,76.12
23.53,23.53,44.61,77.66,76.90
22.04,22.04,43.02,79.75,75.80
23.70,23.70,45.86,77.87,73.15
22.71,22.71,46.95,78.24,73.31
24.17,24.17,45.12,76.77,74.73
25.65,25.65,50.56,76.32,74.40
31.20,31.20,53.15,77.85,76.61
32.31,32.31,48.16,75.77,78.50
32.22,32.22,47.12,77.18,79.31
30.54,30.54,45.40,75.20,79.44
28.39,28.39,42.91,74.86,77.32
25.17,25.17,42.58,75.59,76.12
25.89,25.89,41.37,75.04,76.61
30.35,30.35,42.96,75.43,74.84
34.04,34.04,44.74,72.65,75.38
31.91,31.91,42.64,73.57,76.92
32.15,32.15,44.33,73.15,76.23
28.46,28.46,42.87,70.36,76.01
26.34,26.34,43.86,71.64,74.89
27.87,27.87,46.07,70.61,74.63
26.80,26.80,46.02,69.73,75.45
26.83,26.83,43.92,68.22,75.39
26.02,26.02,43.22,69.09,73.46
26.22,26.22,43.32,67.09,73.86
33.41,33.41,43.71,64.11,74.46
36.80,36.80,44.37,66.06,73.31
34.27,34.27,42.37,65.89,74.35
31.46,31.46,43.29,65.72,75.72
31.18,31.18,42.89,64.42,74.72
32.14,32.14,42.89,60.51,73.80
32.85,32.85,44.03,63.11,72.25
29.39,29.39,42.33,61.16,76.02
27.01,27.01,43.61,62.69,74.04
28.37,28.37,47.00,61.06,75.43
27.81,27.81,44.05,60.57,75.62
28.28,28.28,44.83,58.64,75.03
28.50,28.50,43.80,56.86,76.87
28.74,28.74,44.10,57.17,76.54
24.67,24.67,44.21,58.05,75.87
25.41,25.41,44.19,58.52,75.13
26.39,26.39,42.86,56.98,74.60
26.47,26.47,43.81,58.04,73.89
25.02,25.02,43.67,58.26,74.63
24.28,24.28,42.04,59.92,74.73
25.75,25.75,42.73,57.49,74.69
23.31,23.31,43.03,58.04,74.03
24.97,24.97,43.75,56.08,76.42
24.07,24.07,43.22,58.19,78.40
21.51,21.51,41.67,59.40,78.12
21.32,21.32,42.24,55.76,77.49
21.16,21.16,42.53,61.79,77.53
22.54,22.54,44.36,59.68,76.00
23.43,23.43,42.83,50.27,77.06
23.03,23.03,42.06,38.47,76.61
25.00,25.00,41.55,41.09,77.04
27.65,27.65,44.51,40.04,77.61
27.74,27.74,45.43,35.90,76.75
21.56,21.56,42.83,38.19,77.73
18.99,18.99,42.11,47.06,77.29
18.98,18.98,43.63,52.57,76.80
23.73,23.73,50.31,59.56,78.32
23.03,23.03,52.50,76.54,76.52
19.90,19.90,51.61,85.14,76.32
19.75,19.75,48.66,83.14,76.89
23.23,23.23,51.69,82.31,75.96
28.37,28.37,50.17,80.26,77.28
25.08,25.08,47.53,79.81,79.02
26.17,26.17,48.46,82.55,80.24
20.83,20.83,47.76,81.82,79.31
22.55,22.55,46.88,80.08,78.09
21.01,21.01,47.83,76.49,76.88
21.60,21.60,46.54,81.03,76.10
19.97,19.97,46.52,79.71,76.97
19.70,19.70,47.77,76.95,75.56
21.69,21.69,46.45,78.10,79.90
21.46,21.46,46.01,77.30,76.82
20.12,20.12,45.34,77.65,78.98
20.31,20.31,45.05,75.82,77.28
19.55,19.55,43.36,78.55,75.57
21.54,21.54,44.64,78.04,75.94
24.00,24.00,44.40,75.49,76.62
22.83,22.83,44.36,78.39,77.93
19.00,19.00,43.54,78.21,77.28
19.08,19.08,43.91,77.47,77.08
19.43,19.43,44.84,75.85,77.02
22.09,22.09,44.34,77.40,77.77
24.58,24.58,43.84,75.60,77.93
31.63,31.63,45.55,75.37,77.85
29.19,29.19,46.28,75.82,80.17
25.25,25.25,44.86,73.83,79.68
30.10,30.10,46.02,75.30,79.04
28.17,28.17,45.34,71.71,79.50
31.27,31.27,43.13,74.24,79.78
32.88,32.88,44.37,72.86,79.86
27.98,27.98,44.20,70.92,77.84
25.42,25.42,43.92,71.59,79.26
25.20,25.20,44.88,70.37,79.69
25.48,25.48,46.17,71.58,78.80
25.09,25.09,45.01,69.55,79.12
24.44,24.44,44.65,70.69,79.43
23.26,23.26,45.86,69.33,79.09
25.55,25.55,48.17,69.61,79.14
25.49,25.49,45.68,69.03,77.77
23.37,23.37,45.20,67.63,79.62
25.95,25.95,46.23,70.09,77.70
27.68,27.68,45.46,69.32,78.59
30.82,30.82,47.35,68.97,78.42
27.66,27.66,46.60,66.87,78.49
25.03,25.03,45.11,69.48,78.67
25.82,25.82,44.06,67.84,79.43
26.54,26.54,45.32,66.03,77.65
22.85,22.85,46.11,65.39,78.28
23.91,23.91,43.52,67.79,77.07
24.55,24.55,43.29,66.79,77.22
25.26,25.26,46.29,66.23,76.88
27.04,27.04,48.43,67.33,76.49
26.75,26.75,45.47,66.98,76.38
27.02,27.02,44.27,66.57,77.95
25.86,25.86,42.45,67.22,77.22
26.09,26.09,42.52,67.15,76.60
24.28,24.28,41.58,67.70,75.59
23.53,23.53,40.99,66.30,76.30
22.39,22.39,40.33,68.96,75.71
22.49,22.49,39.93,67.22,74.71
20.31,20.31,35.88,68.32,72.50
20.52,20.52,34.57,68.33,74.78
20.06,20.06,33.97,66.51,73.21
21.74,21.74,37.53,68.51,74.47
37.90,37.90,50.49,68.26,75.60
36.42,36.42,48.72,68.83,75.53
31.25,31.25,42.18,67.63,76.58
32.25,32.25,41.30,68.61,77.98
30.75,30.75,39.98,67.78,79.33
29.14,29.14,38.87,67.21,79.59
28.98,28.98,38.66,68.34,78.67
28.57,28.57,38.74,67.66,77.74
28.03,28.03,37.20,66.15,76.79
26.06,26.06,35.03,64.25,77.58
25.41,25.41,34.59,60.13,77.44
25.76,25.76,35.08,50.01,77.88
23.45,23.45,38.37,47.27,77.50
19.54,19.54,38.22,49.34,75.91
25.66,25.66,50.02,63.80,75.27
30.32,30.32,54.75,76.89,78.98
24.14,24.14,48.67,77.16,75.31
20.73,20.73,44.80,80.76,78.28
22.32,22.32,43.00,78.95,76.75
22.47,22.47,41.85,78.76,75.64
21.82,21.82,39.73,77.28,76.73
21.56,21.56,39.76,71.96,75.09
22.11,22.11,38.26,65.55,75.04
23.73,23.73,38.78,72.17,73.38
22.86,22.86,38.82,73.27,72.68
22.28,22.28,38.51,76.34,71.30
22.00,22.00,41.68,76.09,73.70
37.54,37.54,51.07,75.14,76.25
30.85,30.85,44.68,75.85,75.78
28.03,28.03,41.10,71.36,76.37
29.21,29.21,39.94,68.04,77.28
28.04,28.04,40.81,58.81,75.82
25.92,25.92,37.74,60.60,75.03
24.77,24.77,38.71,64.26,75.34
25.75,25.75,37.50,67.28,74.71
25.93,25.93,38.78,71.35,74.85
25.76,25.76,38.07,69.82,74.99
25.48,25.48,37.44,70.96,74.40
27.33,27.33,37.05,70.08,74.39
29.92,29.92,39.63,70.29,75.24
32.90,32.90,46.44,67.44,75.59
34.71,34.71,53.17,65.84,78.12
32.07,32.07,48.28,63.92,77.74
29.50,29.50,45.12,59.56,78.63
24.13,24.13,42.46,59.97,79.44
23.45,23.45,41.66,53.68,79.68
21.91,21.91,40.92,58.07,77.94
21.77,21.77,39.29,59.22,79.46
23.64,23.64,36.40,58.42,78.06
25.39,25.39,37.35,60.65,77.09
22.27,22.27,36.93,58.92,76.93
20.00,20.00,37.71,58.81,76.29
20.83,20.83,37.48,52.96,75.76
21.27,21.27,37.00,41.51,74.96
18.03,18.03,35.41,40.69,75.87
18.27,18.27,42.38,50.86,74.58
18.00,18.00,42.89,50.37,75.87
17.78,17.78,39.67,50.21,75.11
17.18,17.18,36.55,48.32,75.28
20.80,20.80,37.96,46.83,74.02
22.42,22.42,37.75,40.32,73.53
19.38,19.38,39.68,34.77,74.10
19.97,19.97,39.34,39.66,74.59
23.89,23.89,40.80,35.00,74.35
21.56,21.56,40.49,43.42,73.95
17.26,17.26,39.39,39.82,73.47
21.71,21.71,40.13,37.11,73.97
21.48,21.48,40.43,38.17,74.79
18.72,18.72,41.84,35.54,75.43
21.88,21.88,42.77,36.42,76.65
17.91,17.91,41.58,36.48,77.35
16.31,16.31,39.77,36.56,76.25
14.94,14.94,39.86,37.62,76.06
15.03,15.03,41.64,35.88,76.64
15.05,15.05,41.84,39.30,77.94
13.21,13.21,41.29,37.38,76.76
13.35,13.35,39.60,37.55,77.71
16.77,16.77,40.99,37.22,78.44
19.52,19.52,40.21,35.08,78.50
19.64,19.64,42.52,37.61,77.94
18.42,18.42,42.24,40.06,76.43
15.51,15.51,41.28,33.94,77.55
16.92,16.92,43.56,37.28,78.12
15.93,15.93,41.21,34.66,78.23
15.37,15.37,40.16,31.06,79.71
19.75,19.75,41.09,29.32,78.82
21.90,21.90,44.57,26.68,79.26
24.31,24.31,45.39,31.83,81.40
25.64,25.64,41.65,24.35,81.29
24.46,24.46,43.92,24.49,80.22
20.64,20.64,39.32,18.16,80.52
18.18,18.18,39.80,24.85,79.92
24.50,24.50,46.55,27.57,80.99
27.42,27.42,49.82,30.61,81.86
25.01,25.01,43.68,39.10,80.90
25.22,25.22,44.14,46.13,81.12
27.60,27.60,48.76,68.16,84.06
32.47,32.47,47.63,77.62,83.55
37.69,37.69,46.17,78.49,83.59
37.87,37.87,44.50,79.72,84.65
34.15,34.15,47.00,77.74,84.29
33.35,33.35,42.85,75.73,82.17
34.08,34.08,42.45,71.41,82.06
30.10,30.10,41.41,66.51,82.23
22.57,22.57,41.82,68.26,82.34
24.46,24.46,40.67,71.24,82.26
32.48,32.48,42.87,74.89,79.18
32.06,32.06,45.04,75.88,79.61
27.29,27.29,42.55,73.67,78.58
26.79,26.79,39.95,74.82,76.95
17.64,17.64,39.82,70.26,78.04
13.92,13.92,41.08,66.45,77.64
12.11,12.11,40.27,56.16,78.09
14.90,14.90,38.90,58.83,77.94
13.83,13.83,40.77,65.15,77.39
12.85,12.85,40.66,67.52,77.15
18.19,18.19,43.91,70.40,76.77
21.70,21.70,42.70,69.58,75.10
22.13,22.13,41.34,71.27,75.55
20.71,20.71,40.81,69.59,77.02
17.96,17.96,42.74,69.47,77.59
14.23,14.23,41.55,67.97,76.52
15.86,15.86,40.81,66.68,77.28
17.49,17.49,41.71,64.22,77.91
15.46,15.46,43.01,59.47,76.74
13.41,13.41,44.08,53.86,77.29
12.12,12.12,42.39,48.76,77.54
17.60,17.60,43.30,52.72,77.43
17.85,17.85,41.71,55.58,77.91
15.29,15.29,40.76,58.91,76.73
15.59,15.59,39.87,58.25,76.87
16.37,16.37,41.40,58.32,75.75
18.18,18.18,41.42,55.47,76.34
16.85,16.85,40.66,52.34,76.68
14.78,14.78,38.38,45.63,77.40
12.84,12.84,41.11,38.83,78.09
13.01,13.01,40.34,50.82,78.29
16.01,16.01,43.41,49.58,77.46
19.09,19.09,43.51,46.73,75.58
18.95,18.95,40.93,49.85,76.49
15.39,15.39,41.05,46.20,76.76
14.98,14.98,41.89,38.76,76.55
15.76,15.76,40.22,35.13,76.54
14.22,14.22,40.39,41.11,76.12
14.60,14.60,41.37,42.44,75.68
16.97,16.97,42.20,38.79,75.27
21.02,21.02,43.35,40.48,74.22
22.95,22.95,42.65,40.40,74.78
20.94,20.94,41.86,37.94,75.17
18.03,18.03,41.41,33.70,74.36
15.98,15.98,40.40,33.97,74.65
16.98,16.98,39.41,31.22,74.48
17.57,17.57,43.44,40.21,76.43
16.66,16.66,40.89,35.74,76.59
18.02,18.02,41.40,40.51,76.74
20.57,20.57,42.38,38.49,76.90
22.35,22.35,41.88,39.93,74.71
21.92,21.92,46.09,37.58,75.97
23.55,23.55,41.41,38.19,71.58
25.79,25.79,39.46,36.44,72.77
27.46,27.46,42.11,38.66,71.10
27.23,27.23,40.77,30.10,72.99
24.60,24.60,39.75,39.63,72.71
21.89,21.89,37.49,45.06,73.40
22.17,22.17,43.08,49.82,75.96
19.53,19.53,40.62,49.42,79.48
19.24,19.24,34.84,48.16,80.62
21.39,21.39,36.82,44.84,82.16
19.65,19.65,38.53,37.69,82.15
18.17,18.17,37.93,43.00,81.78
22.11,22.11,41.91,38.32,77.56
21.25,21.25,46.86,35.65,78.64
24.05,24.05,47.18,37.31,78.82
27.55,27.55,47.57,32.44,78.26
26.61,26.61,43.94,39.04,76.90
21.58,21.58,45.16,42.20,77.75
18.56,18.56,44.12,46.35,77.45
25.65,25.65,48.16,59.08,76.50
30.79,30.79,53.02,79.02,83.19
25.79,25.79,47.85,82.32,84.14
25.31,25.31,44.93,79.89,84.00
26.07,26.07,45.55,68.92,84.04
27.55,27.55,45.09,73.96,82.75
27.95,27.95,42.07,72.09,82.01
28.48,28.48,39.28,72.70,80.12
28.58,28.58,38.05,69.19,76.27
29.23,29.23,37.44,65.70,74.06
29.03,29.03,35.89,67.59,72.25
29.46,29.46,35.23,72.57,70.49
27.55,27.55,35.77,68.64,72.24
27.29,27.29,37.18,66.47,73.77
41.89,41.89,51.56,64.86,74.29
38.01,38.01,46.45,62.80,75.03
35.73,35.73,41.92,67.57,74.74
33.78,33.78,40.08,69.09,75.24
33.45,33.45,38.29,61.64,74.77
30.47,30.47,35.36,68.06,74.87
31.54,31.54,35.14,63.85,74.30
30.36,30.36,34.33,61.06,73.66
29.73,29.73,32.31,64.80,72.78
29.21,29.21,31.69,65.53,72.12
27.97,27.97,29.30,63.49,71.59
25.00,25.00,30.29,65.16,72.28
22.94,22.94,31.91,65.21,70.33
24.76,24.76,40.69,61.01,70.63
34.98,34.98,55.09,61.19,78.51
34.38,34.38,50.29,59.67,80.64
33.34,33.34,47.48,60.14,81.30
33.52,33.52,44.85,60.30,81.20
32.97,32.97,42.92,60.25,80.26
31.96,31.96,41.55,61.02,80.48
32.70,32.70,40.74,58.24,79.22
32.58,32.58,39.58,62.03,77.96
30.85,30.85,36.87,59.17,77.00
28.91,28.91,33.74,56.31,74.63
27.57,27.57,32.52,54.73,75.63
27.44,27.44,33.38,53.34,74.72
26.64,26.64,34.93,53.54,74.92
37.61,37.61,44.59,52.35,76.58
39.00,39.00,46.00,51.36,76.90
35.23,35.23,41.77,52.02,76.57
33.43,33.43,39.54,48.58,76.62
31.67,31.67,37.85,48.62,75.82
31.02,31.02,36.84,50.32,75.46
30.21,30.21,36.24,49.90,75.05
29.48,29.48,35.36,50.72,74.75
28.71,28.71,33.72,47.16,73.61
29.02,29.02,31.93,46.04,74.00
27.46,27.46,30.16,46.54,72.10
25.91,25.91,30.40,48.42,72.14
22.94,22.94,30.51,49.17,72.13
20.69,20.69,31.88,45.93,72.27
37.99,37.99,55.09,42.32,72.90
35.01,35.01,50.36,44.78,71.46
32.61,32.61,45.70,47.03,71.98
31.30,31.30,42.52,45.74,72.98
29.39,29.39,39.56,46.26,72.08
28.60,28.60,38.35,45.34,71.79
26.80,26.80,36.10,43.83,71.02
25.47,25.47,35.13,44.38,71.10
25.10,25.10,34.81,44.49,69.02
24.54,24.54,32.68,45.72,70.61
24.09,24.09,32.54,46.19,69.17
22.30,22.30,34.57,46.94,69.75
21.85,21.85,37.43,46.56,70.80
29.78,29.78,46.85,44.70,71.97
41.00,41.00,53.50,44.77,71.38
36.27,36.27,45.24,43.45,70.88
35.70,35.70,42.05,44.58,72.39
34.26,34.26,40.20,44.44,72.26
30.55,30.55,38.95,45.05,72.21
26.24,26.24,38.65,44.16,70.91
30.43,30.43,45.34,53.00,72.78
33.82,33.82,51.14,58.31,81.25
31.63,31.63,49.34,57.68,81.82
32.59,32.59,47.95,53.26,78.36
31.32,31.32,45.67,54.64,77.84
27.82,27.82,45.67,56.78,78.52
26.37,26.37,51.54,72.39,80.34
26.76,26.76,52.82,80.81,82.87
27.51,27.51,51.19,73.81,82.40
26.67,26.67,50.39,75.67,82.71
25.22,25.22,50.12,78.68,81.22
25.44,25.44,49.37,76.26,79.80
27.51,27.51,49.36,71.31,78.41
29.33,29.33,48.62,78.61,75.83
30.62,30.62,47.42,80.21,74.07
31.51,31.51,46.39,77.50,74.81
31.52,31.52,45.61,77.94,74.48
31.38,31.38,42.72,79.58,73.69
29.96,29.96,40.22,77.23,73.22
43.37,43.37,54.81,75.85,74.47
41.44,41.44,49.93,76.63,74.87
37.72,37.72,44.94,74.21,74.80
39.96,39.96,45.42,73.94,74.38
41.54,41.54,44.53,73.20,75.17
42.29,42.29,42.65,71.23,72.46
42.30,42.30,42.03,73.78,73.16
41.11,41.11,39.64,71.17,72.12
40.72,40.72,38.46,71.94,70.60
41.35,41.35,38.71,71.67,71.10
39.83,39.83,37.14,69.97,69.19
35.67,35.67,36.83,72.73,72.02
36.06,36.06,38.35,72.96,71.30
37.27,37.27,43.81,71.03,75.56
38.19,38.19,51.31,72.78,81.22
31.71,31.71,46.56,71.45,79.92
30.48,30.48,44.79,72.58,77.90
30.21,30.21,43.83,72.80,76.07
30.06,30.06,42.15,70.39,75.82
28.69,28.69,39.91,73.01,76.75
28.66,28.66,38.61,70.95,75.99
29.49,29.49,37.25,71.65,76.10
30.44,30.44,36.58,71.16,75.53
31.04,31.04,35.55,68.89,75.08
30.86,30.86,34.09,69.24,74.99
31.47,31.47,35.12,69.92,75.87
31.63,31.63,37.44,69.03,75.01
42.49,42.49,52.82,70.62,77.32
43.11,43.11,53.53,69.41,76.74
38.74,38.74,46.69,71.07,75.80
36.66,36.66,43.01,70.83,76.01
36.81,36.81,43.14,69.46,75.95
35.15,35.15,39.70,70.99,77.53
34.15,34.15,37.97,69.45,76.35
31.67,31.67,34.90,68.38,75.29
31.03,31.03,33.70,68.77,75.56
30.98,30.98,32.27,67.53,75.39
30.52,30.52,30.79,68.89,75.59
31.57,31.57,29.65,65.35,75.07
31.31,31.31,31.41,66.09,74.00
32.06,32.06,39.60,68.51,73.91
41.25,41.25,56.97,66.00,70.67
35.51,35.51,47.77,67.79,70.31
35.37,35.37,43.91,67.40,69.70
36.02,36.02,42.68,66.36,69.05
36.57,36.57,39.66,68.27,68.79
38.37,38.37,38.76,65.77,67.84
40.26,40.26,36.45,65.48,68.00
40.40,40.40,33.69,67.14,68.30
40.74,40.74,33.65,63.79,69.06
40.86,40.86,31.92,65.39,68.83
39.52,39.52,29.73,63.15,67.29
36.93,36.93,31.73,61.93,68.17
32.79,32.79,35.88,63.67,66.83
39.01,39.01,46.94,60.98,70.87
46.85,46.85,55.90,62.04,74.93
43.12,43.12,49.41,62.43,73.50
41.26,41.26,45.29,58.54,74.41
42.65,42.65,44.51,60.49,75.25
43.06,43.06,43.10,58.55,74.31
42.82,42.82,41.55,59.63,72.81
40.91,40.91,38.93,59.66,75.36
39.50,39.50,36.52,58.76,73.63
38.66,38.66,34.92,59.59,71.81
38.41,38.41,33.65,58.71,74.05
36.91,36.91,32.98,57.20,73.29
35.52,35.52,37.17,58.99,70.15
36.49,36.49,44.33,55.73,74.17
40.25,40.25,56.19,71.13,73.63
34.13,34.13,53.51,85.56,73.07
31.81,31.81,47.22,84.14,71.63
35.06,35.06,44.46,80.31,76.79
37.17,37.17,42.61,74.35,71.98
37.41,37.41,42.06,73.98,76.29
36.76,36.76,40.09,75.46,73.45
36.83,36.83,38.77,74.86,72.35
36.24,36.24,35.80,69.99,73.76
36.32,36.32,35.37,64.56,69.80
35.22,35.22,33.68,71.86,74.77
33.42,33.42,32.78,70.32,69.30
34.07,34.07,36.91,70.22,74.04
35.34,35.34,41.35,70.92,72.95
47.56,47.56,53.45,60.64,73.84
38.56,38.56,44.05,67.61,72.36
37.86,37.86,41.15,68.15,71.85
35.63,35.63,39.28,70.25,72.27
33.67,33.67,37.32,69.49,71.06
31.83,31.83,35.88,67.48,72.21
31.99,31.99,35.44,63.98,72.29
31.01,31.01,33.05,65.35,69.92
29.67,29.67,31.81,64.31,69.82
28.73,28.73,29.75,69.88,69.58
27.28,27.28,27.54,67.21,68.23
24.25,24.25,26.39,66.94,67.59
22.79,22.79,30.37,65.04,64.26
31.11,31.11,48.56,61.03,71.37
31.29,31.29,53.70,61.35,81.27
28.02,28.02,48.11,67.01,80.63
29.42,29.42,44.65,64.95,82.56
30.41,30.41,42.22,64.76,81.76
30.79,30.79,40.58,62.34,80.78
33.64,33.64,38.20,59.72,80.28
35.16,35.16,36.73,55.62,79.09
34.76,34.76,34.52,59.35,75.70
34.54,34.54,32.10,62.34,76.43
33.73,33.73,30.59,60.04,73.33
33.31,33.31,29.92,55.83,74.24
33.14,33.14,31.43,53.13,74.59
33.63,33.63,35.56,56.02,74.43
44.79,44.79,44.14,56.93,76.45
39.69,39.69,40.67,55.39,76.89
36.27,36.27,37.11,49.36,77.34
35.99,35.99,35.10,49.66,76.20
36.37,36.37,34.40,52.28,76.42
34.67,34.67,33.83,52.71,76.68
34.09,34.09,32.87,49.11,76.61
32.56,32.56,32.02,46.35,75.85
30.92,30.92,33.97,46.10,74.94
30.49,30.49,30.68,45.64,74.34
28.56,28.56,31.15,53.32,74.07
25.58,25.58,33.29,50.94,73.50
23.04,23.04,31.74,49.13,72.64
28.65,28.65,41.91,42.77,73.74
34.03,34.03,54.13,50.78,76.94
32.32,32.32,48.88,52.82,77.07
32.66,32.66,47.00,47.22,76.30
32.83,32.83,45.27,50.32,76.54
33.28,33.28,43.26,50.67,76.22
32.93,32.93,41.71,51.65,76.53
32.32,32.32,40.43,54.60,76.02
32.53,32.53,40.03,59.29,74.98
31.06,31.06,41.75,52.69,73.97
29.72,29.72,42.14,50.61,73.74
27.86,27.86,39.35,50.58,72.92
25.07,25.07,38.63,50.96,73.03
23.84,23.84,38.37,49.47,71.59
36.65,36.65,49.15,48.49,72.93
38.01,38.01,49.72,47.57,73.15
35.76,35.76,43.68,47.18,73.77
34.45,34.45,40.76,49.78,74.73
33.06,33.06,40.86,45.60,72.70
31.02,31.02,40.32,46.59,73.03
26.66,26.66,42.44,47.44,72.08
36.10,36.10,48.74,57.42,76.47
34.81,34.81,49.55,60.99,82.02
33.49,33.49,48.29,59.14,79.97
33.88,33.88,47.83,54.73,77.20
33.82,33.82,50.02,52.06,76.71
30.49,30.49,48.44,54.08,76.68
28.56,28.56,49.88,58.49,77.28
29.87,29.87,58.50,66.37,80.85
31.02,31.02,57.12,76.38,84.20
32.42,32.42,54.77,84.83,81.08
32.37,32.37,53.03,87.08,79.42
30.67,30.67,51.16,83.41,80.22
29.49,29.49,50.47,84.00,79.83
27.24,27.24,49.27,79.52,78.88
27.03,27.03,48.22,78.41,76.72
28.12,28.12,48.23,74.92,74.48
28.30,28.30,47.24,74.06,73.15
27.28,27.28,46.18,78.46,74.51
23.87,23.87,45.44,82.19,75.32
21.04,21.04,41.44,82.27,72.41
31.27,31.27,46.76,83.30,72.98
42.02,42.02,56.18,82.57,72.16
36.30,36.30,48.48,79.21,71.58
35.60,35.60,45.52,75.64,71.81
38.55,38.55,47.18,68.27,74.03
40.42,40.42,45.19,68.84,72.27
41.90,41.90,45.16,76.27,73.59
40.48,40.48,41.94,77.89,71.09
38.89,38.89,39.76,80.10,71.48
39.01,39.01,38.93,78.25,69.64
39.45,39.45,37.37,77.49,70.50
38.07,38.07,35.76,78.02,70.58
34.16,34.16,34.56,75.62,68.40
34.75,34.75,36.59,75.66,72.51
39.08,39.08,48.58,69.35,75.62
37.82,37.82,47.86,66.78,86.12
34.78,34.78,41.98,64.76,88.98
35.27,35.27,41.44,59.75,87.23
35.24,35.24,41.09,61.03,86.28
34.44,34.44,39.44,66.86,86.34
35.31,35.31,38.06,71.35,86.06
35.48,35.48,37.28,71.17,85.45
34.68,34.68,35.68,71.30,85.22
34.35,34.35,35.64,68.60,85.01
33.24,33.24,35.27,63.77,84.97
32.89,32.89,36.74,63.05,84.83
30.12,30.12,36.84,57.94,83.80
31.41,31.41,40.04,60.18,83.00
43.21,43.21,55.38,63.79,82.18
40.56,40.56,51.01,64.34,81.10
36.85,36.85,44.79,65.52,80.03
36.85,36.85,43.55,64.07,79.58
36.92,36.92,42.13,60.94,79.67
35.48,35.48,39.58,59.82,79.11
33.43,33.43,36.46,53.71,77.28
33.02,33.02,34.93,52.73,76.99
31.22,31.22,32.99,54.25,76.14
29.81,29.81,31.85,55.96,75.53
27.97,27.97,32.34,55.35,73.67
25.42,25.42,32.85,57.48,75.05
25.12,25.12,34.85,54.80,73.99
34.82,34.82,49.08,56.32,72.96
40.01,40.01,55.12,49.98,72.04
33.81,33.81,46.86,53.20,71.06
34.99,34.99,44.27,50.55,71.01
34.59,34.59,42.08,54.22,71.03
32.96,32.96,39.75,51.56,70.94
30.81,30.81,37.47,52.47,70.97
30.39,30.39,36.30,52.76,70.26
30.05,30.05,35.05,52.16,69.90
31.10,31.10,34.45,50.47,68.99
30.86,30.86,34.83,51.51,70.28
27.94,27.94,34.24,49.46,69.10
28.67,28.67,34.42,47.08,68.61
27.33,27.33,37.03,46.43,71.07
42.88,42.88,57.08,48.55,74.15
43.23,43.23,55.06,49.99,73.59
39.44,39.44,47.71,48.46,74.59
40.65,40.65,46.32,47.94,73.74
42.05,42.05,45.73,45.11,73.59
41.92,41.92,44.16,43.48,75.21
41.22,41.22,42.56,41.42,76.56
39.94,39.94,40.56,41.85,73.36
37.97,37.97,38.50,39.97,74.12
35.55,35.55,37.82,41.23,74.78
34.40,34.40,36.49,41.21,72.13
32.09,32.09,34.62,44.44,73.10
35.50,35.50,41.60,50.44,74.51
35.05,35.05,48.66,55.18,72.28
38.44,38.44,58.79,72.10,75.27
32.64,32.64,51.38,85.70,73.67
32.69,32.69,46.32,82.41,73.47
35.67,35.67,45.84,75.72,75.79
36.97,36.97,44.52,72.22,72.85
36.01,36.01,42.46,75.25,77.88
36.73,36.73,41.17,76.27,71.14
36.66,36.66,40.03,75.76,74.60
35.98,35.98,38.15,67.43,73.30
35.66,35.66,36.56,64.29,71.03
34.32,34.32,35.28,69.37,74.53
34.01,34.01,35.62,72.32,70.93
33.18,33.18,36.40,69.39,75.73
41.64,41.64,47.93,67.27,72.19
43.39,43.39,51.93,61.58,75.49
38.65,38.65,45.14,67.36,70.28
37.80,37.80,42.77,68.59,74.00
37.84,37.84,41.84,70.68,72.16
35.25,35.25,39.08,70.24,71.11
33.96,33.96,37.08,63.21,70.90
32.66,32.66,35.19,63.96,69.73
31.82,31.82,33.68,63.06,68.97
30.52,30.52,32.35,65.68,70.04
28.69,28.69,30.12,65.85,68.02
26.08,26.08,28.19,66.75,70.30
25.31,25.31,31.62,65.11,67.00
25.84,25.84,35.71,60.83,69.79
36.86,36.86,54.84,58.30,78.87
35.35,35.35,51.32,64.14,80.97
32.16,32.16,46.99,66.18,78.39
32.88,32.88,44.66,63.07,77.12
32.76,32.76,43.64,64.19,75.64
30.86,30.86,39.01,59.78,75.94
30.58,30.58,38.16,56.92,73.98
28.09,28.09,36.06,55.90,76.55
27.06,27.06,33.99,56.41,75.35
28.54,28.54,32.75,53.89,75.18
29.71,29.71,32.40,56.25,74.24
29.67,29.67,32.53,55.13,75.27
29.61,29.61,33.26,53.75,73.61
34.11,34.11,40.97,53.78,74.48
40.02,40.02,47.25,50.87,74.73
36.42,36.42,43.31,49.83,74.67
35.25,35.25,40.30,53.69,74.29
34.63,34.63,38.33,53.94,74.19
35.31,35.31,38.27,51.34,72.69
35.44,35.44,39.08,50.68,72.84
31.66,31.66,36.97,52.23,73.14
28.21,28.21,38.95,51.58,72.17
28.00,28.00,38.33,50.64,71.16
31.97,31.97,40.42,49.92,71.08
33.81,33.81,39.37,46.79,70.67
30.07,30.07,35.61,49.18,72.28
26.15,26.15,35.82,49.65,71.15
34.33,34.33,50.11,47.68,74.67
34.34,34.34,53.90,52.15,79.50
31.41,31.41,48.85,52.69,81.21
31.75,31.75,47.42,47.90,80.92
31.85,31.85,45.51,49.96,80.27
31.76,31.76,44.06,57.63,79.91
30.46,30.46,43.51,56.84,78.82
29.27,29.27,41.87,52.48,78.07
28.90,28.90,37.84,49.39,75.27
29.73,29.73,41.05,45.72,74.63
29.61,29.61,41.43,42.96,73.93
28.79,28.79,38.50,44.53,72.84
31.04,31.04,37.38,46.18,72.18
35.28,35.28,39.76,45.74,71.90
40.71,40.71,57.02,44.68,75.25
37.43,37.43,48.99,38.90,74.63
36.49,36.49,45.22,39.32,74.83
36.53,36.53,44.65,40.03,74.00
34.59,34.59,42.65,37.56,74.12
33.83,33.83,40.66,38.71,74.15
33.16,33.16,37.78,39.57,73.84
32.10,32.10,36.70,36.66,73.94
33.24,33.24,41.62,35.72,73.92
34.44,34.44,37.42,29.15,72.45
32.87,32.87,32.89,32.45,72.78
28.10,28.10,33.99,38.43,72.37
21.45,21.45,34.45,45.41,73.00
27.65,27.65,44.76,54.30,73.93
30.65,30.65,52.98,70.36,78.20
21.59,21.59,50.18,83.70,80.48
22.51,22.51,46.50,81.16,79.83
22.58,22.58,45.59,83.72,81.96
21.74,21.74,40.30,82.02,81.05
23.39,23.39,41.06,82.45,80.03
24.36,24.36,43.61,83.91,78.43
27.21,27.21,40.37,83.13,78.56
28.29,28.29,37.98,83.40,77.62
28.01,28.01,40.05,81.36,75.39
27.43,27.43,37.56,81.62,73.32
27.65,27.65,34.97,80.43,72.28
28.04,28.04,37.39,78.99,72.83
42.78,42.78,52.32,78.42,76.12
41.80,41.80,50.27,74.91,77.47
37.51,37.51,45.40,76.12,77.08
35.43,35.43,42.71,70.65,75.13
35.85,35.85,43.33,73.82,75.58
35.41,35.41,42.68,68.14,74.51
34.11,34.11,40.47,68.60,75.20
33.54,33.54,38.90,71.44,74.93
33.91,33.91,38.22,64.01,74.57
32.84,32.84,37.01,72.44,72.61
31.18,31.18,36.33,65.80,73.44
28.72,28.72,33.98,67.74,72.51
26.49,26.49,36.26,68.61,73.00
25.34,25.34,40.50,63.17,73.57
30.28,30.28,50.45,65.42,77.15
29.69,29.69,49.61,61.99,77.98
29.93,29.93,48.19,63.63,76.65
27.92,27.92,44.76,62.21,77.66
29.31,29.31,43.82,61.73,76.37
30.71,30.71,42.69,63.02,76.76
30.66,30.66,39.78,61.39,75.90
30.31,30.31,38.80,68.34,75.28
30.22,30.22,37.09,57.95,73.73
30.65,30.65,36.01,64.84,73.00
31.39,31.39,36.26,61.61,73.01
30.95,30.95,36.03,59.44,72.56
32.74,32.74,37.00,62.71,71.85
38.27,38.27,44.64,61.16,71.79
38.38,38.38,45.48,61.94,73.83
35.29,35.29,41.98,58.72,74.24
33.83,33.83,40.30,59.50,72.18
34.18,34.18,38.76,59.21,73.17
33.97,33.97,37.76,58.23,73.48
34.21,34.21,36.28,59.39,72.42
34.26,34.26,35.42,58.32,71.92
33.91,33.91,33.96,56.97,72.64
32.94,32.94,33.39,54.51,72.30
33.52,33.52,31.07,54.53,71.47
34.60,34.60,36.44,56.00,70.18
34.58,34.58,33.96,54.53,70.44
33.57,33.57,34.47,51.61,70.87
42.18,42.18,48.52,48.80,75.45
40.36,40.36,45.85,51.02,74.82
37.58,37.58,41.38,54.40,71.96
36.43,36.43,37.85,53.96,73.15
37.28,37.28,36.57,54.32,72.28
36.96,36.96,38.23,53.71,71.65
36.17,36.17,36.15,53.82,71.42
36.60,36.60,34.47,54.35,69.80
36.07,36.07,33.39,54.44,68.70
36.05,36.05,33.75,54.32,68.73
35.30,35.30,33.45,53.87,69.08
32.48,32.48,31.75,52.79,67.91
31.23,31.23,36.15,52.29,67.92
34.64,34.64,41.45,51.36,67.38
43.91,43.91,55.86,51.43,74.65
42.21,42.21,51.77,52.57,74.01
39.64,39.64,45.69,54.51,74.07
40.22,40.22,43.89,55.23,73.22
39.49,39.49,42.59,56.20,72.73
39.55,39.55,39.95,57.38,73.20
38.47,38.47,40.47,58.19,71.49
37.89,37.89,37.64,57.83,70.81
36.91,36.91,37.92,57.70,68.97
35.73,35.73,36.70,57.53,70.84
32.69,32.69,31.46,57.46,68.62
26.67,26.67,30.81,58.83,70.39
28.36,28.36,37.08,60.48,71.44
32.23,32.23,45.50,64.35,74.51
32.66,32.66,49.77,79.78,79.12
27.81,27.81,42.52,81.74,80.74
27.39,27.39,39.78,77.73,79.70
27.67,27.67,37.54,68.25,81.20
29.87,29.87,38.37,72.05,80.87
30.05,30.05,36.25,75.61,79.94
30.51,30.51,34.04,70.04,78.82
31.55,31.55,33.62,69.12,78.38
33.22,33.22,32.30,65.23,76.68
33.61,33.61,31.65,69.54,74.38
33.97,33.97,32.35,70.95,73.21
34.38,34.38,34.16,69.09,71.02
33.49,33.49,35.27,64.58,73.30
46.49,46.49,54.87,66.81,72.76
43.73,43.73,50.38,62.93,74.46
39.57,39.57,45.00,65.95,71.89
38.39,38.39,42.86,68.39,73.15
37.30,37.30,42.03,65.06,69.85
36.59,36.59,39.88,67.58,70.88
37.06,37.06,38.35,64.83,71.84
35.60,35.60,35.56,62.15,69.72
34.92,34.92,34.66,64.09,71.69
33.67,33.67,32.91,65.38,67.88
33.35,33.35,31.98,64.50,69.88
31.82,31.82,31.55,65.11,67.53
28.60,28.60,31.57,66.76,67.07
32.04,32.04,38.10,61.11,69.01
37.26,37.26,46.04,63.12,77.58
37.09,37.09,44.60,60.16,81.37
33.49,33.49,41.81,58.12,82.67
31.52,31.52,40.22,57.30,80.97
31.20,31.20,39.84,62.65,80.15
32.85,32.85,39.59,61.79,79.22
30.19,30.19,36.92,57.39,79.83
30.41,30.41,36.27,56.93,79.19
31.73,31.73,37.86,58.53,79.43
30.07,30.07,37.59,56.07,79.28
27.80,27.80,38.27,54.78,79.45
24.31,24.31,37.81,51.63,79.85
24.32,24.32,39.33,52.36,79.44
32.38,32.38,51.44,51.70,77.63
31.33,31.33,50.63,50.54,76.90
28.26,28.26,45.77,49.98,76.41
28.17,28.17,44.20,47.77,75.89
27.18,27.18,41.84,47.30,76.22
25.68,25.68,40.36,47.92,76.20
25.55,25.55,39.88,49.36,75.95
23.90,23.90,37.15,47.17,75.28
22.46,22.46,37.10,47.06,75.92
22.97,22.97,35.17,44.65,74.60
23.34,23.34,35.00,46.79,73.95
22.52,22.52,35.95,51.40,74.45
22.44,22.44,35.99,47.15,74.14
23.95,23.95,36.92,42.48,73.61
26.63,26.63,39.56,42.93,74.35
23.98,23.98,36.93,44.59,73.77
23.52,23.52,38.41,44.61,74.12
25.55,25.55,38.54,43.54,73.73
29.05,29.05,34.19,44.26,71.75
28.29,28.29,37.17,45.16,71.65
26.71,26.71,37.34,44.97,71.03
27.86,27.86,36.86,45.52,70.39
26.17,26.17,35.88,46.34,71.87
26.24,26.24,38.28,45.83,70.01
25.85,25.85,34.83,46.00,70.01
27.57,27.57,36.80,47.10,69.16
24.66,24.66,36.96,46.20,68.46
27.98,27.98,43.78,46.51,70.30
28.37,28.37,44.38,47.35,73.24
27.10,27.10,39.69,46.94,72.07
29.13,29.13,39.57,45.02,73.49
27.81,27.81,40.02,46.28,73.31
27.41,27.41,35.86,46.72,72.91
27.59,27.59,39.48,46.04,72.96
27.17,27.17,39.69,45.91,72.26
28.02,28.02,37.62,46.41,72.33
28.68,28.68,38.09,45.71,72.54
28.63,28.63,38.22,46.16,72.66
29.04,29.04,36.12,47.22,73.85
30.00,30.00,38.26,47.02,73.02
28.18,28.18,37.87,44.31,72.47
37.07,37.07,46.93,48.33,73.32
39.64,39.64,46.11,46.59,73.57
34.37,34.37,39.77,46.18,72.96
35.58,35.58,36.51,46.57,72.25
33.50,33.50,34.60,45.20,71.06
33.32,33.32,35.43,45.39,72.22
34.50,34.50,34.11,45.28,71.22
34.23,34.23,32.94,44.80,70.58
32.19,32.19,33.26,44.40,70.72
31.67,31.67,31.79,43.81,70.95
32.51,32.51,35.73,44.07,72.46
32.15,32.15,33.90,43.71,71.75
36.35,36.35,40.33,43.84,73.78
38.95,38.95,46.42,42.40,74.06
39.35,39.35,56.30,41.40,74.94
35.40,35.40,47.45,41.02,76.32
35.36,35.36,46.00,39.97,76.74
36.04,36.04,45.21,40.64,76.79
34.60,34.60,43.47,41.49,76.75
33.60,33.60,40.75,41.84,75.45
31.66,31.66,39.86,40.61,75.57
30.02,30.02,41.40,41.19,75.21
30.74,30.74,38.31,40.63,74.70
34.46,34.46,38.42,41.73,74.58
36.87,36.87,37.47,39.89,73.07
34.96,34.96,36.62,37.76,74.38
33.12,33.12,37.88,38.39,74.56
39.78,39.78,47.64,41.89,74.37
46.20,46.20,53.95,39.22,72.92
42.04,42.04,48.38,34.57,73.27
39.16,39.16,44.70,37.91,73.12
38.54,38.54,43.40,37.94,71.97
37.45,37.45,40.93,38.61,72.62
35.31,35.31,39.80,36.51,70.54
34.86,34.86,36.56,34.03,71.60
33.35,33.35,36.73,34.92,70.27
33.80,33.80,34.65,31.19,70.96
35.13,35.13,32.84,33.81,70.88
32.02,32.02,34.94,36.77,70.10
29.84,29.84,34.52,32.88,70.50
27.02,27.02,33.52,34.67,68.44
41.96,41.96,56.00,38.17,73.78
36.13,36.13,50.28,31.01,73.57
33.84,33.84,45.34,30.39,74.04
33.71,33.71,44.32,29.10,72.79
34.12,34.12,41.10,30.56,72.02
34.97,34.97,40.18,32.00,70.55
35.27,35.27,38.77,33.61,70.85
33.55,33.55,37.47,30.23,71.68
32.68,32.68,40.65,27.06,69.25
31.93,31.93,35.09,29.27,69.52
32.20,32.20,34.55,28.01,70.69
32.34,32.34,36.26,27.22,68.14
30.76,30.76,36.55,31.60,70.85
34.44,34.44,44.50,30.41,70.71
38.95,38.95,48.08,28.76,72.48
36.89,36.89,44.56,31.09,72.42
35.06,35.06,40.06,24.92,72.79
35.13,35.13,38.18,26.96,72.38
35.23,35.23,39.07,24.85,71.29
34.63,34.63,38.39,28.93,71.64
35.07,35.07,38.39,23.08,71.79
34.82,34.82,37.23,27.31,71.40
33.87,33.87,38.25,22.87,72.16
33.15,33.15,35.42,21.14,70.92
33.45,33.45,35.40,21.24,71.20
33.67,33.67,34.48,25.75,71.73
36.95,36.95,37.62,25.36,72.22
43.99,43.99,50.40,28.85,75.77
44.08,44.08,50.92,26.53,76.80
37.54,37.54,43.04,26.05,75.53
40.40,40.40,43.22,23.11,74.99
38.78,38.78,41.71,17.68,76.27
36.98,36.98,40.04,22.43,74.76
35.03,35.03,37.33,21.63,74.79
33.84,33.84,35.85,23.91,75.36
34.01,34.01,33.41,26.01,73.85
37.36,37.36,37.15,21.80,73.82
38.23,38.23,34.54,27.41,75.08
32.88,32.88,35.39,34.43,73.10
30.69,30.69,31.90,40.61,73.93
29.46,29.46,43.33,51.28,74.51
37.37,37.37,53.76,68.82,73.90
30.54,30.54,49.55,85.34,77.79
21.89,21.89,41.77,83.76,78.13
22.63,22.63,41.38,80.92,79.25
22.73,22.73,40.89,72.22,78.32
21.42,21.42,39.57,72.43,78.72
18.50,18.50,37.50,74.87,77.12
19.13,19.13,37.12,74.83,76.91
18.80,18.80,37.92,68.95,77.21
17.23,17.23,35.34,62.44,77.38
19.29,19.29,36.12,71.25,77.32
18.93,18.93,35.41,71.57,77.87
17.85,17.85,34.60,70.29,78.93
29.86,29.86,43.19,69.59,79.40
40.00,40.00,49.97,62.12,78.27
32.83,32.83,40.88,66.10,75.78
33.71,33.71,39.55,68.62,76.51
29.70,29.70,38.49,71.44,76.33
27.57,27.57,36.59,69.48,76.99
23.55,23.55,34.93,67.84,76.87
23.49,23.49,34.87,65.25,77.28
23.44,23.44,33.95,61.42,76.70
23.98,23.98,34.24,65.34,77.60
24.05,24.05,34.43,69.21,77.43
23.56,23.56,34.73,67.82,77.45
23.38,23.38,38.74,65.19,77.87
22.38,22.38,38.88,62.51,78.52
27.17,27.17,52.54,58.48,79.01
26.87,26.87,53.38,59.71,80.19
28.88,28.88,47.30,64.51,79.88
28.37,28.37,45.20,65.10,80.84
26.65,26.65,44.44,62.50,80.83
23.54,23.54,43.85,60.82,79.04
20.76,20.76,42.63,57.24,79.28
19.35,19.35,41.52,58.27,77.01
19.98,19.98,40.91,60.24,79.17
21.14,21.14,40.58,60.50,78.22
23.24,23.24,40.84,58.98,80.41
24.98,24.98,39.57,53.50,79.61
25.07,25.07,38.27,52.99,79.38
25.89,25.89,41.35,52.51,77.68
28.44,28.44,44.83,53.29,78.76
24.49,24.49,40.82,51.23,77.63
27.16,27.16,41.58,51.34,76.38
27.44,27.44,41.33,52.59,78.07
26.75,26.75,39.49,53.56,77.84
26.44,26.44,39.13,49.44,78.36
23.90,23.90,39.05,49.67,76.22
23.23,23.23,38.36,48.62,76.80
24.83,24.83,40.73,47.34,75.28
23.76,23.76,39.16,49.28,75.29
26.42,26.42,39.61,50.71,76.52
24.71,24.71,39.83,48.68,76.88
24.15,24.15,40.29,47.98,76.41
35.46,35.46,53.15,49.84,72.87
34.74,34.74,51.28,46.69,74.94
30.55,30.55,45.81,43.89,75.54
28.88,28.88,43.27,48.34,73.55
26.58,26.58,40.54,42.16,76.92
26.15,26.15,39.27,46.10,74.50
25.03,25.03,39.06,41.77,74.29
24.74,24.74,38.77,40.42,74.92
22.92,22.92,36.95,41.64,72.30
21.62,21.62,33.99,41.80,74.31
19.63,19.63,30.05,42.18,72.25
16.90,16.90,27.95,45.23,73.07
18.51,18.51,32.39,36.90,73.46
25.64,25.64,40.62,34.93,74.93
41.23,41.23,54.85,36.85,74.93
34.23,34.23,46.23,29.97,76.29
32.57,32.57,42.71,38.12,75.69
31.94,31.94,40.71,40.90,76.64
29.45,29.45,38.68,41.60,76.11
26.71,26.71,35.87,39.60,75.84
24.33,24.33,33.31,38.13,75.52
20.61,20.61,33.80,38.76,76.50
25.27,25.27,35.14,34.39,77.17
25.60,25.60,36.04,33.09,77.78
24.52,24.52,35.51,30.89,79.26
22.43,22.43,33.64,42.50,76.62
20.73,20.73,35.81,54.72,77.76
19.05,19.05,43.34,59.67,76.92
16.50,16.50,43.33,83.02,76.89
19.20,19.20,42.17,85.94,77.40
19.86,19.86,42.82,77.61,80.00
23.98,23.98,43.87,78.77,78.19
26.81,26.81,42.94,81.94,78.57
19.59,19.59,42.76,81.10,76.79
19.51,19.51,41.83,77.34,76.08
21.77,21.77,41.43,79.73,77.73
22.62,22.62,42.10,82.53,74.19
24.95,24.95,40.57,78.55,78.69
23.61,23.61,40.07,78.82,76.88
21.62,21.62,38.92,80.54,77.97
22.94,22.94,38.76,79.20,76.07
29.29,29.29,44.65,76.78,77.82
24.63,24.63,41.75,76.97,78.06
21.96,21.96,40.53,78.19,78.15
24.74,24.74,42.35,76.10,77.19
25.51,25.51,42.48,74.13,78.25
25.51,25.51,43.07,76.47,78.77
25.58,25.58,40.73,75.60,79.14
26.22,26.22,41.11,68.90,78.68
25.96,25.96,38.82,73.21,76.08
25.03,25.03,40.00,74.47,78.46
26.30,26.30,41.90,71.90,78.44
24.88,24.88,40.55,71.32,79.31
24.54,24.54,39.65,73.61,80.40
25.73,25.73,46.12,72.45,76.72
26.18,26.18,48.92,69.01,80.84
23.74,23.74,45.61,72.23,79.11
25.14,25.14,45.89,69.99,79.73
26.15,26.15,43.63,69.22,77.67
26.32,26.32,42.83,70.48,78.97
24.30,24.30,40.99,71.31,79.56
24.47,24.47,41.69,71.91,80.23
24.43,24.43,40.66,68.83,78.31
23.75,23.75,39.74,69.32,76.97
21.64,21.64,38.35,70.11,77.51
21.61,21.61,39.48,67.51,76.46
23.21,23.21,40.30,65.56,75.08
28.55,28.55,41.98,65.50,76.07
40.02,40.02,56.35,66.03,78.89
37.64,37.64,50.70,65.92,76.96
35.82,35.82,46.53,63.48,76.70
34.44,34.44,45.08,65.31,76.42
34.04,34.04,43.95,63.29,75.14
33.14,33.14,43.13,62.14,76.20
31.83,31.83,41.65,64.42,76.05
32.31,32.31,40.48,63.66,75.58
33.18,33.18,39.53,62.75,76.61
34.83,34.83,39.61,61.93,76.51
34.40,34.40,38.57,62.77,76.97
34.11,34.11,38.84,62.57,75.75
34.41,34.41,38.96,61.85,76.79
42.58,42.58,48.45,62.08,78.02
45.86,45.86,52.15,59.22,79.27
38.42,38.42,43.11,59.76,77.98
35.69,35.69,40.86,59.55,78.09
32.67,32.67,38.75,58.51,77.65
31.55,31.55,37.96,60.95,77.26
31.81,31.81,38.28,54.58,76.98
30.72,30.72,37.20,58.37,77.06
29.23,29.23,35.38,57.02,75.75
28.38,28.38,36.31,54.55,77.23
26.76,26.76,36.98,58.57,76.93
24.57,24.57,35.25,54.29,77.23
24.60,24.60,36.84,57.24,78.00
24.21,24.21,36.35,57.65,78.63
36.29,36.29,42.07,54.90,78.17
32.37,32.37,39.34,57.25,78.54
26.23,26.23,34.93,59.20,78.86
24.93,24.93,34.59,59.43,77.45
25.94,25.94,34.69,60.59,78.44
27.49,27.49,35.01,61.38,78.55
28.13,28.13,35.55,62.06,78.79
28.39,28.39,34.88,63.58,79.52
27.28,27.28,34.99,62.28,79.42
26.26,26.26,34.85,63.71,77.11
25.11,25.11,31.76,62.49,78.72
25.43,25.43,31.63,63.42,79.11
28.09,28.09,33.55,64.42,78.05
35.27,35.27,42.47,66.80,77.22
41.49,41.49,50.41,79.18,75.82
35.27,35.27,43.78,84.72,75.27
34.34,34.34,42.19,81.51,73.49
37.23,37.23,40.17,75.34,75.72
36.30,36.30,38.58,74.32,75.16
33.07,33.07,38.16,74.30,75.17
30.66,30.66,37.05,76.02,75.28
29.61,29.61,35.68,73.11,73.46
31.33,31.33,35.32,65.55,75.80
32.54,32.54,34.71,69.34,72.54
32.38,32.38,34.68,69.13,75.16
31.02,31.02,36.92,73.22,73.45
28.98,28.98,37.18,67.31,74.15
44.13,44.13,55.02,65.69,75.81
36.83,36.83,47.45,65.26,73.44
33.70,33.70,42.68,66.67,73.69
33.04,33.04,40.86,69.23,73.26
33.00,33.00,39.94,71.07,73.38
31.74,31.74,36.87,67.52,71.32
32.68,32.68,36.66,64.28,72.24
30.90,30.90,34.58,62.68,72.60
29.47,29.47,33.21,64.53,71.75
32.77,32.77,34.30,66.90,71.94
40.86,40.86,41.04,67.34,73.84
38.45,38.45,38.92,67.66,74.44
33.29,33.29,36.82,63.43,74.09
30.98,30.98,45.81,61.93,74.55
29.60,29.60,53.16,63.83,77.28
28.55,28.55,50.24,64.31,79.77
25.92,25.92,46.31,67.25,80.39
24.52,24.52,42.39,66.12,80.92
22.77,22.77,39.11,63.55,81.01
23.04,23.04,39.27,55.50,78.97
22.75,22.75,39.47,56.29,78.55
23.42,23.42,37.38,55.13,77.66
22.30,22.30,36.61,60.71,79.00
21.45,21.45,35.65,59.07,77.26
21.98,21.98,36.77,53.12,77.67
21.02,21.02,36.16,53.46,77.47
22.79,22.79,35.65,54.66,78.38
28.96,28.96,42.25,54.77,79.14
25.80,25.80,42.42,52.83,80.78
22.70,22.70,37.89,53.06,79.83
22.81,22.81,37.54,52.82,78.88
20.39,20.39,35.53,53.73,79.00
21.53,21.53,37.13,53.56,79.00
22.18,22.18,36.63,52.34,79.32
23.05,23.05,39.50,52.32,78.43
23.55,23.55,36.95,51.61,79.53
23.73,23.73,43.16,52.57,78.29
23.44,23.44,43.54,51.76,77.80
22.11,22.11,39.17,51.41,77.89
22.05,22.05,41.31,51.82,77.83
29.45,29.45,46.93,52.80,77.14
35.08,35.08,53.52,51.68,76.72
29.98,29.98,47.37,51.60,78.04
29.33,29.33,44.04,51.08,78.53
28.67,28.67,41.08,49.36,78.35
27.50,27.50,40.68,51.53,78.35
25.17,25.17,42.94,48.54,77.40
22.35,22.35,42.55,50.26,75.46
21.32,21.32,41.77,51.11,75.33
21.16,21.16,38.79,49.98,75.16
25.23,25.23,38.46,50.90,76.90
28.73,28.73,38.76,47.35,79.40
26.42,26.42,40.95,50.15,77.56
24.93,24.93,41.45,48.56,76.19
40.70,40.70,50.60,44.59,76.72
36.98,36.98,45.85,48.14,77.30
33.01,33.01,42.70,44.42,74.47
31.53,31.53,40.12,42.00,75.17
32.79,32.79,40.27,42.48,77.19
30.01,30.01,40.02,42.37,76.86
27.24,27.24,41.10,41.22,78.11
24.25,24.25,36.43,44.06,75.51
22.45,22.45,36.63,38.27,74.39
24.06,24.06,33.26,35.39,73.91
22.58,22.58,34.59,32.44,75.48
19.06,19.06,33.30,36.65,74.13
21.92,21.92,35.94,41.86,77.66
28.35,28.35,42.09,56.88,79.19
30.29,30.29,46.18,69.67,77.49
23.74,23.74,51.80,79.10,76.10
20.12,20.12,46.17,84.28,75.39
17.64,17.64,41.14,86.48,78.56
16.28,16.28,36.96,83.58,77.69
18.64,18.64,38.15,81.30,78.72
19.11,19.11,34.08,80.95,78.01
21.33,21.33,32.19,76.02,74.17
23.16,23.16,32.41,71.80,76.35
21.93,21.93,33.00,76.85,75.29
20.90,20.90,33.65,78.80,74.42
19.86,19.86,32.42,82.86,77.76
19.12,19.12,31.01,83.40,76.48
27.81,27.81,34.26,82.41,78.70
26.97,26.97,36.45,82.32,79.16
22.24,22.24,32.91,78.37,78.27
23.10,23.10,31.16,74.54,77.62
25.06,25.06,33.01,64.44,78.45
23.31,23.31,32.77,70.17,77.55
24.91,24.91,31.69,75.60,77.49
26.13,26.13,31.64,78.11,78.66
28.67,28.67,30.55,78.76,77.51
29.77,29.77,29.01,80.06,77.85
27.79,27.79,30.92,77.80,76.04
28.65,28.65,39.08,77.02,76.96
23.54,23.54,37.03,76.50,76.63
26.14,26.14,36.37,74.99,76.37
33.77,33.77,42.70,71.49,77.40
32.19,32.19,41.40,66.98,77.77
31.16,31.16,40.20,65.41,80.33
29.35,29.35,39.69,60.97,81.34
27.98,27.98,39.00,67.22,80.60
27.15,27.15,38.21,68.85,79.04
26.44,26.44,35.57,70.54,78.12
26.14,26.14,34.10,69.05,78.17
27.60,27.60,35.46,69.64,80.34
26.80,26.80,35.06,69.03,77.71
24.46,24.46,34.47,61.77,77.28
24.93,24.93,35.73,56.79,77.29
25.54,25.54,35.91,59.01,79.41
37.55,37.55,49.98,58.30,78.48
40.78,40.78,52.83,60.12,77.41
37.70,37.70,46.73,65.33,78.43
35.04,35.04,43.39,64.94,77.68
35.01,35.01,42.18,63.19,76.24
34.36,34.36,39.75,61.05,77.03
32.40,32.40,38.61,58.32,77.68
31.66,31.66,38.31,57.07,77.85
31.31,31.31,39.17,55.21,76.48
29.74,29.74,38.49,57.29,79.27
28.39,28.39,37.93,61.39,76.51
28.67,28.67,39.33,58.59,75.45
28.19,28.19,38.94,59.03,76.55
31.95,31.95,41.43,59.50,76.13
41.42,41.42,52.15,57.71,78.08
36.92,36.92,43.98,53.82,76.77
34.95,34.95,41.67,56.50,76.32
34.30,34.30,40.51,53.47,76.85
31.59,31.59,38.94,50.72,76.60
28.88,28.88,38.71,53.33,75.58
28.14,28.14,38.99,54.02,76.30
27.92,27.92,38.88,49.10,77.03
26.34,26.34,39.23,49.04,75.56
25.55,25.55,39.16,49.14,76.10
27.02,27.02,41.14,48.46,76.47
28.99,28.99,39.46,49.62,75.29
28.96,28.96,40.64,51.18,75.15
32.28,32.28,45.38,48.89,77.34
34.78,34.78,45.95,48.88,77.67
29.87,29.87,39.67,47.94,78.02
29.18,29.18,39.61,49.05,78.55
28.80,28.80,39.88,47.74,77.67
31.36,31.36,40.56,46.18,77.68
31.24,31.24,40.46,47.28,79.23
31.42,31.42,38.46,44.61,77.81
32.23,32.23,38.37,43.15,78.44
34.57,34.57,38.01,43.87,79.87
32.49,32.49,37.45,43.88,78.10
31.13,31.13,37.47,43.38,77.67
29.45,29.45,39.69,49.45,77.71
30.09,30.09,47.34,56.24,79.31
37.45,37.45,57.67,70.74,77.30
34.76,34.76,52.75,84.74,76.40
32.63,32.63,47.33,83.30,76.21
35.00,35.00,46.03,77.72,75.98
35.96,35.96,44.71,73.65,74.90
34.37,34.37,43.04,73.79,75.34
32.96,32.96,41.64,76.60,75.36
32.63,32.63,40.19,75.58,70.75
32.96,32.96,39.24,69.69,73.33
33.08,33.08,37.73,67.24,72.95
32.20,32.20,36.44,68.23,72.67
29.96,29.96,34.69,69.59,73.84
30.39,30.39,39.27,71.52,71.01
38.88,38.88,48.33,69.13,74.65
42.89,42.89,53.24,64.95,74.91
36.67,36.67,45.21,67.93,74.49
36.22,36.22,43.89,66.81,72.02
35.64,35.64,42.72,71.13,73.55
33.69,33.69,40.78,69.93,74.98
32.12,32.12,38.46,65.89,73.61
31.06,31.06,33.56,64.39,73.58
31.00,31.00,33.50,64.51,73.54
31.51,31.51,33.06,65.87,75.75
27.79,27.79,31.28,66.73,77.15
27.35,27.35,32.37,67.17,75.30
23.69,23.69,33.77,66.62,76.61
24.02,24.02,36.74,62.75,77.03
34.53,34.53,50.88,63.59,78.87
33.55,33.55,46.91,67.15,80.69
30.69,30.69,44.09,65.76,81.40
29.13,29.13,43.20,63.44,82.03
27.52,27.52,40.11,59.73,79.69
26.88,26.88,40.95,59.09,80.31
27.82,27.82,38.38,54.37,81.37
29.10,29.10,38.46,54.96,80.83
30.21,30.21,36.24,59.58,79.87
31.61,31.61,36.81,55.71,77.68
29.38,29.38,35.41,56.60,78.01
24.70,24.70,34.85,56.23,77.50
24.71,24.71,37.68,56.32,78.30
26.88,26.88,41.12,55.29,78.87
26.02,26.02,42.89,57.32,77.30
24.01,24.01,38.09,52.42,77.45
24.86,24.86,37.36,56.55,76.51
25.79,25.79,37.24,55.32,76.98
24.26,24.26,35.80,54.93,77.19
25.82,25.82,37.32,54.74,75.78
24.06,24.06,39.41,55.18,76.10
24.18,24.18,37.29,53.38,77.07
24.56,24.56,37.71,53.64,76.05
29.44,29.44,39.53,52.28,77.80
33.29,33.29,39.05,52.72,76.32
33.22,33.22,37.13,53.52,77.39
27.81,27.81,39.50,53.65,77.44
25.45,25.45,52.95,51.12,78.32
22.05,22.05,48.39,53.56,79.54
21.63,21.63,43.61,55.04,79.60
20.19,20.19,40.88,53.62,79.15
20.23,20.23,40.45,52.70,80.46
19.27,19.27,41.03,50.14,80.49
19.63,19.63,43.07,50.25,78.63
18.61,18.61,43.67,52.31,79.27
18.50,18.50,44.32,50.78,77.45
18.94,18.94,39.65,51.42,78.16
19.59,19.59,39.94,49.73,78.06
20.85,20.85,38.49,49.03,77.96
22.33,22.33,38.76,49.49,77.29
31.00,31.00,45.90,51.18,76.65
36.39,36.39,49.80,49.48,78.23
28.83,28.83,42.13,49.47,78.91
29.00,29.00,41.95,49.40,77.42
27.50,27.50,41.21,48.36,78.59
25.75,25.75,39.36,50.00,78.27
24.15,24.15,41.57,48.71,77.13
22.18,22.18,39.69,45.09,76.50
22.04,22.04,35.71,46.60,76.62
22.58,22.58,40.28,45.54,76.97
23.82,23.82,36.92,45.91,76.54
21.55,21.55,38.72,47.83,75.07
21.04,21.04,38.49,48.64,75.01
22.13,22.13,38.82,51.02,75.66
27.61,27.61,46.36,61.38,76.59
22.68,22.68,49.33,79.38,77.53
18.94,18.94,46.48,81.87,78.33
16.99,16.99,43.30,80.62,78.47
15.75,15.75,42.00,84.66,78.28
16.65,16.65,38.93,81.06,78.88
18.45,18.45,40.74,83.53,75.55
19.14,19.14,40.93,83.18,75.19
20.42,20.42,35.65,83.40,74.84
21.96,21.96,34.38,82.95,76.90
22.38,22.38,34.95,81.01,77.58
21.22,21.22,33.84,81.35,77.43
19.74,19.74,32.86,79.04,76.85
28.72,28.72,41.92,79.19,77.61
34.75,34.75,49.73,76.43,76.87
32.54,32.54,45.39,75.80,78.44
29.73,29.73,40.93,75.16,79.37
28.25,28.25,39.87,71.76,79.36
26.35,26.35,37.69,74.62,79.79
27.91,27.91,38.18,66.79,78.18
29.65,29.65,38.78,73.20,79.79
27.47,27.47,35.44,67.23,78.76
23.78,23.78,32.59,67.85,79.13
24.46,24.46,33.10,70.29,77.43
24.16,24.16,33.09,62.17,77.83
23.78,23.78,32.46,69.56,77.94
24.93,24.93,36.09,62.79,78.63
33.36,33.36,43.84,67.16,77.81
34.24,34.24,43.22,65.10,77.39
33.86,33.86,39.76,61.39,76.96
32.32,32.32,38.11,63.43,78.20
30.04,30.04,37.74,59.43,77.25
27.31,27.31,36.93,62.81,76.47
27.09,27.09,37.00,58.21,76.29
26.75,26.75,36.17,63.19,76.89
26.74,26.74,34.26,57.90,76.29
27.94,27.94,33.73,58.46,76.33
27.03,27.03,33.26,65.46,75.71
26.28,26.28,32.09,59.01,76.66
27.03,27.03,32.59,63.69,76.14
30.70,30.70,35.81,60.82,76.50
34.33,34.33,41.69,61.39,76.47
30.74,30.74,37.92,61.43,76.97
29.74,29.74,35.75,59.45,76.93
31.09,31.09,36.29,62.21,76.39
28.72,28.72,34.65,59.92,75.78
27.68,27.68,32.22,60.64,76.46
28.55,28.55,32.54,59.89,76.10
28.45,28.45,32.58,58.18,77.20
27.36,27.36,31.55,59.39,76.28
26.76,26.76,30.77,57.73,76.92
26.44,26.44,34.92,58.48,75.01
25.99,25.99,34.52,56.12,75.11
26.01,26.01,35.69,57.95,75.36
34.95,34.95,43.07,57.93,75.92
35.12,35.12,43.67,55.57,76.26
31.36,31.36,38.83,56.43,75.06
30.02,30.02,37.77,55.28,75.42
28.34,28.34,37.88,56.14,74.56
28.44,28.44,36.59,56.75,73.89
28.85,28.85,35.39,56.37,75.87
28.13,28.13,35.61,56.24,75.16
29.03,29.03,33.06,57.18,76.49
30.20,30.20,35.95,57.90,76.63
35.81,35.81,34.59,57.35,76.97
35.94,35.94,34.16,57.41,75.59
32.10,32.10,36.42,57.12,74.95
31.69,31.69,45.45,56.43,73.98
42.84,42.84,57.60,57.64,74.11
40.08,40.08,53.33,58.45,74.13
36.71,36.71,46.52,57.12,72.69
36.32,36.32,44.87,56.54,73.22
35.70,35.70,43.29,57.78,73.47
34.89,34.89,42.04,58.45,74.66
33.68,33.68,41.43,59.18,74.25
31.18,31.18,38.54,58.86,73.58
28.90,28.90,37.32,57.47,74.26
30.22,30.22,36.35,56.88,77.25
31.70,31.70,36.74,57.43,76.34
31.09,31.09,36.54,58.15,75.21
32.77,32.77,41.14,58.02,73.52
41.08,41.08,49.36,58.92,75.24
42.18,42.18,49.68,80.56,76.18
35.76,35.76,41.74,81.42,77.30
37.63,37.63,42.90,78.19,76.89
35.56,35.56,41.44,66.14,76.52
37.14,37.14,41.43,73.05,75.20
36.97,36.97,39.01,74.76,74.26
36.25,36.25,39.41,71.08,73.93
35.82,35.82,38.89,69.08,75.18
33.13,33.13,37.85,66.22,75.36
32.81,32.81,37.76,69.03,71.13
33.58,33.58,39.12,70.37,72.80
32.26,32.26,39.96,69.48,72.77
34.41,34.41,43.30,66.92,75.22
43.58,43.58,55.79,67.94,74.00
41.01,41.01,51.12,66.11,74.19
37.71,37.71,46.69,68.21,74.11
36.47,36.47,45.21,68.41,73.89
34.70,34.70,44.65,65.33,71.79
34.48,34.48,42.41,67.60,70.74
35.55,35.55,41.21,65.42,72.87
38.14,38.14,41.99,62.21,71.96
36.92,36.92,39.86,62.67,71.39
36.53,36.53,40.13,63.59,69.40
35.81,35.81,41.01,64.53,69.90
33.23,33.23,38.60,64.32,68.12
30.10,30.10,38.27,66.84,66.17
34.97,34.97,46.57,61.59,72.79
33.83,33.83,46.77,59.27,76.51
31.07,31.07,42.73,61.13,76.43
28.08,28.08,39.03,60.36,75.53
27.25,27.25,36.62,61.54,75.62
29.78,29.78,39.82,62.57,74.12
30.39,30.39,40.18,55.14,75.53
30.25,30.25,38.77,54.37,75.31
29.70,29.70,38.24,56.00,74.88
28.09,28.09,37.20,57.38,76.20
30.17,30.17,37.92,56.43,74.49
29.25,29.25,38.75,54.46,76.98
28.17,28.17,39.46,49.81,76.00
30.22,30.22,43.89,52.90,76.50
37.53,37.53,56.52,53.47,77.35
31.25,31.25,47.75,53.77,77.06
28.47,28.47,44.12,48.47,76.92
26.27,26.27,40.79,47.26,75.20
25.60,25.60,40.63,46.92,77.64
25.97,25.97,41.95,49.07,75.38
26.81,26.81,39.69,49.57,75.29
25.79,25.79,38.33,47.90,75.20
29.00,29.00,39.05,45.08,75.43
31.04,31.04,39.32,44.62,74.78
32.68,32.68,39.33,43.78,74.74
32.13,32.13,38.70,43.11,74.68
29.27,29.27,37.72,48.56,74.33
29.29,29.29,40.10,48.64,75.90
28.33,28.33,39.99,46.54,74.93
27.91,27.91,37.36,43.84,74.76
29.16,29.16,36.36,44.41,74.58
30.84,30.84,36.65,43.60,74.06
32.51,32.51,38.22,44.24,76.21
30.02,30.02,37.12,43.20,73.01
31.04,31.04,39.37,42.14,73.84
31.64,31.64,38.44,44.17,73.42
32.96,32.96,39.33,46.65,73.77
33.52,33.52,40.26,46.29,73.74
31.66,31.66,38.71,44.74,72.64
29.80,29.80,38.45,46.16,71.14
28.75,28.75,39.72,47.78,73.59
32.13,32.13,44.45,46.47,73.70
30.19,30.19,42.64,46.69,74.11
28.55,28.55,40.03,45.73,74.35
28.50,28.50,40.16,47.49,74.18
30.22,30.22,41.13,46.08,74.03
29.53,29.53,37.84,46.26,74.47
29.68,29.68,37.50,46.55,72.75
28.05,28.05,39.45,46.58,74.00
29.68,29.68,41.68,45.21,73.51
30.61,30.61,38.74,45.43,74.65
30.05,30.05,39.84,45.25,73.22
28.14,28.14,37.11,45.16,74.54
27.23,27.23,39.82,46.36,74.10
32.98,32.98,42.42,46.79,74.64
39.00,39.00,46.47,43.97,74.73
31.82,31.82,40.96,44.12,74.40
31.90,31.90,36.63,45.59,74.37
32.20,32.20,36.61,44.90,75.17
32.19,32.19,37.75,44.59,72.87
32.82,32.82,35.22,44.39,73.56
34.85,34.85,36.51,42.76,72.49
35.36,35.36,36.66,44.18,74.69
34.36,34.36,36.24,43.17,72.29
35.35,35.35,37.12,43.12,73.43
34.98,34.98,36.22,42.80,72.54
34.69,34.69,40.53,41.37,73.45
39.73,39.73,41.35,41.06,74.07
44.84,44.84,56.36,39.35,73.69
40.87,40.87,49.78,42.24,74.79
38.56,38.56,44.39,42.77,74.98
37.89,37.89,43.75,41.41,75.08
38.41,38.41,42.63,42.26,74.44
37.44,37.44,42.11,42.15,75.37
36.08,36.08,41.03,41.06,74.95
36.73,36.73,41.02,41.67,73.60
38.48,38.48,40.34,40.82,73.16
35.36,35.36,41.74,41.20,73.06
33.43,33.43,39.33,38.34,72.48
33.73,33.73,39.33,38.85,72.23
33.84,33.84,42.46,39.09,72.68
38.97,38.97,48.68,41.25,72.67
43.75,43.75,54.26,39.72,72.74
39.59,39.59,48.65,35.86,72.60
37.05,37.05,45.25,37.22,71.03
36.53,36.53,43.68,37.84,72.96
35.42,35.42,41.88,32.74,70.95
33.21,33.21,40.53,36.72,70.56
32.29,32.29,37.97,35.24,69.90
31.92,31.92,36.53,34.99,70.50
32.32,32.32,37.51,32.45,70.39
33.24,33.24,38.11,32.83,70.20
31.57,31.57,35.61,35.07,69.20
28.60,28.60,40.61,33.17,69.85
26.59,26.59,37.82,33.40,67.12
39.37,39.37,56.20,33.90,71.24
34.77,34.77,50.15,28.62,72.35
32.86,32.86,45.29,31.88,71.57
33.80,33.80,45.14,26.19,69.18
33.52,33.52,43.76,29.33,70.69
31.87,31.87,41.18,31.90,68.82
32.35,32.35,39.36,31.78,69.60
31.88,31.88,38.83,31.50,68.15
31.49,31.49,36.25,29.96,68.05
31.74,31.74,35.89,26.22,67.60
35.19,35.19,39.08,25.46,66.44
32.91,32.91,38.98,27.83,66.22
29.76,29.76,42.54,33.43,67.05
32.97,32.97,46.80,33.01,67.65
35.88,35.88,50.14,27.68,72.42
34.96,34.96,46.58,30.49,71.84
33.26,33.26,42.66,29.98,70.80
34.09,34.09,40.79,33.19,71.37
36.99,36.99,39.98,33.68,71.63
38.09,38.09,40.39,33.08,71.36
37.18,37.18,39.48,26.00,70.57
36.41,36.41,39.84,26.63,71.02
35.86,35.86,37.25,25.18,71.18
36.88,36.88,37.07,19.90,71.39
34.54,34.54,38.46,25.58,70.29
29.86,29.86,34.05,25.37,71.30
31.92,31.92,37.48,26.87,72.28
41.91,41.91,53.17,30.12,73.86
37.78,37.78,47.97,26.28,74.17
35.33,35.33,43.39,26.77,77.52
35.79,35.79,44.43,27.27,77.37
33.24,33.24,42.80,23.86,77.32
32.78,32.78,41.56,25.20,76.56
29.16,29.16,40.27,17.21,76.70
23.82,23.82,37.43,18.58,72.89
21.71,21.71,38.75,24.53,74.93
20.33,20.33,36.42,22.76,77.24
21.22,21.22,36.92,18.46,77.03
22.42,22.42,38.12,31.40,77.32
21.23,21.23,37.38,42.94,79.19
25.20,25.20,42.11,53.20,79.77
32.10,32.10,47.30,70.85,77.14
30.09,30.09,44.78,73.86,75.25
29.15,29.15,42.90,84.02,74.84
29.31,29.31,44.18,83.63,76.34
29.30,29.30,46.16,81.44,77.83
29.55,29.55,46.29,80.10,74.79
30.53,30.53,45.41,83.67,75.55
27.94,27.94,42.20,83.41,74.71
27.35,27.35,43.58,82.18,76.72
25.91,25.91,40.53,82.20,75.29
27.53,27.53,41.79,81.31,75.85
28.70,28.70,39.89,82.30,75.44
30.66,30.66,40.89,79.88,77.29
34.00,34.00,42.49,81.34,81.60
35.38,35.38,41.76,80.46,82.91
30.19,30.19,43.18,78.57,83.15
24.71,24.71,43.40,79.73,82.24
24.04,24.04,43.56,78.80,79.59
24.56,24.56,42.82,78.38,76.85
23.64,23.64,41.43,73.99,76.61
26.22,26.22,41.23,76.82,74.61
29.36,29.36,42.98,74.04,72.59
31.77,31.77,44.30,71.88,75.47
33.38,33.38,44.19,71.83,76.56
33.59,33.59,44.50,72.22,77.24
30.82,30.82,42.40,72.82,79.32
29.43,29.43,45.23,69.81,77.53
34.09,34.09,50.69,74.08,76.59
28.81,28.81,44.65,71.60,78.03
29.68,29.68,44.88,69.23,76.48
28.21,28.21,41.33,73.27,77.83
29.28,29.28,40.80,68.90,76.72
32.06,32.06,41.06,69.75,77.75
34.71,34.71,41.20,71.01,77.75
34.70,34.70,40.83,70.77,79.09
33.70,33.70,40.66,68.35,75.78
31.52,31.52,39.56,68.74,77.01
27.21,27.21,37.55,69.51,76.02
30.63,30.63,40.15,69.21,75.61
33.52,33.52,43.82,67.11,75.81
41.32,41.32,52.21,68.53,76.56
41.36,41.36,50.83,68.98,78.00
38.10,38.10,45.25,65.38,78.26
36.15,36.15,42.53,69.31,77.42
34.36,34.36,40.62,67.03,76.94
32.44,32.44,41.27,65.29,75.88
29.71,29.71,40.49,67.12,78.28
26.82,26.82,38.90,66.62,77.41
27.56,27.56,41.27,68.23,75.04
27.41,27.41,41.80,66.31,76.78
24.82,24.82,40.73,70.28,76.90
23.76,23.76,39.92,68.69,78.55
26.20,26.20,39.50,67.95,77.69
28.21,28.21,40.15,70.12,77.28
31.01,31.01,41.79,67.38,78.66
27.11,27.11,41.02,65.56,78.99
25.22,25.22,41.50,68.76,79.57
24.20,24.20,41.34,68.67,78.16
26.13,26.13,41.73,65.51,79.84
26.99,26.99,41.64,64.74,80.57
26.27,26.27,40.42,67.13,82.39
22.20,22.20,38.90,67.24,83.24
22.55,22.55,39.44,65.93,80.98
25.45,25.45,40.34,67.03,80.86
28.61,28.61,41.19,67.62,79.79
28.72,28.72,40.73,65.67,82.59
25.78,25.78,38.77,66.06,82.55
26.14,26.14,39.96,63.55,77.15
22.56,22.56,40.56,64.64,77.63
21.23,21.23,40.26,64.23,82.20
22.77,22.77,40.30,64.34,84.09
22.85,22.85,39.65,65.97,82.77
22.92,22.92,36.95,62.41,82.80
25.64,25.64,38.19,65.16,82.97
27.04,27.04,39.55,61.71,83.50
27.86,27.86,40.70,57.20,84.50
26.01,26.01,38.16,53.43,84.29
25.10,25.10,38.19,51.23,82.09
26.09,26.09,40.83,47.65,80.77
26.82,26.82,43.54,47.83,81.17
22.17,22.17,44.07,53.70,80.17
18.08,18.08,46.05,68.30,80.34
17.89,17.89,44.51,78.87,80.70
21.72,21.72,45.92,84.73,80.57
22.58,22.58,45.96,82.68,80.59
22.68,22.68,45.94,79.53,80.83
23.42,23.42,43.79,78.56,80.20
26.47,26.47,44.67,82.46,81.32
26.97,26.97,44.11,83.18,80.37
26.49,26.49,42.11,79.84,80.97
26.44,26.44,42.89,82.52,79.14
24.44,24.44,41.16,80.78,81.16
22.33,22.33,40.74,80.80,80.87
25.87,25.87,42.07,81.45,80.77
30.19,30.19,44.78,81.01,80.94
32.07,32.07,45.58,81.63,81.55
27.39,27.39,46.88,79.70,82.32
20.37,20.37,47.78,81.71,75.12
18.33,18.33,46.06,79.67,80.85
21.61,21.61,46.72,79.12,75.81
22.68,22.68,47.47,78.70,78.26
23.55,23.55,46.88,78.16,77.15
25.00,25.00,48.04,78.28,75.51
27.43,27.43,47.46,76.28,77.48
28.77,28.77,47.64,77.59,75.97
28.28,28.28,46.87,75.28,75.36
24.54,24.54,46.74,75.52,76.78
22.83,22.83,48.79,73.09,72.22
35.93,35.93,56.87,70.97,76.65
30.53,30.53,50.36,71.66,78.17
24.11,24.11,44.52,70.99,79.51
25.85,25.85,43.07,72.91,80.11
24.74,24.74,39.81,69.52,80.18
25.35,25.35,37.81,72.73,79.19
26.09,26.09,36.63,71.79,80.35
25.99,25.99,37.51,71.90,79.08
27.85,27.85,38.85,72.86,79.05
28.32,28.32,39.15,72.46,79.51
27.40,27.40,39.45,73.24,80.66
27.85,27.85,40.34,70.90,79.04
28.43,28.43,41.53,72.25,80.15
34.81,34.81,48.96,71.95,80.95
40.65,40.65,55.88,69.19,78.01
36.61,36.61,50.23,67.04,75.96
33.22,33.22,45.23,68.40,79.04
31.89,31.89,43.53,70.21,80.14
32.05,32.05,42.72,67.07,78.78
33.79,33.79,43.15,71.57,80.17
32.66,32.66,40.29,69.57,80.64
32.17,32.17,41.02,70.53,79.50
32.69,32.69,39.78,68.98,78.06
32.35,32.35,40.88,67.84,78.02
31.71,31.71,41.48,69.35,77.30
31.61,31.61,42.27,69.59,75.11
31.32,31.32,41.20,70.73,76.68
43.95,43.95,46.88,68.48,77.70
39.74,39.74,43.45,70.89,77.00
32.30,32.30,37.74,69.54,77.39
29.40,29.40,36.80,67.92,80.14
26.90,26.90,36.40,67.98,82.47
25.39,25.39,34.72,68.67,82.90
25.37,25.37,33.10,70.15,83.05
24.87,24.87,33.60,66.43,83.28
25.05,25.05,33.40,68.75,82.43
25.30,25.30,34.33,68.33,80.38
25.66,25.66,35.32,65.89,77.47
25.65,25.65,34.54,63.93,77.91
23.88,23.88,37.09,66.40,75.84
31.60,31.60,41.37,66.29,75.61
31.82,31.82,45.23,63.08,77.95
27.27,27.27,43.12,67.80,78.85
31.02,31.02,48.35,66.33,82.03
28.89,28.89,47.31,65.04,81.60
25.78,25.78,43.89,65.94,81.67
21.60,21.60,41.52,66.31,78.35
20.93,20.93,42.29,67.85,74.27
25.15,25.15,42.67,64.60,72.13
27.24,27.24,42.89,67.37,74.04
28.32,28.32,42.28,66.37,73.36
28.41,28.41,40.87,66.30,72.73
25.81,25.81,41.15,64.83,71.94
25.79,25.79,44.29,62.66,71.55
40.87,40.87,54.64,68.04,73.70
37.36,37.36,52.42,83.32,72.38
31.97,31.97,45.95,84.98,74.79
31.25,31.25,46.23,86.77,72.55
30.36,30.36,44.30,86.09,72.58
31.02,31.02,41.92,85.61,74.51
31.62,31.62,42.95,82.82,73.02
32.66,32.66,41.42,77.19,72.48
32.11,32.11,39.50,73.04,73.16
31.47,31.47,38.44,76.38,74.30
32.93,32.93,37.83,74.10,73.97
34.25,34.25,36.71,79.76,75.51
34.70,34.70,34.48,78.36,73.62
38.75,38.75,36.19,76.96,75.00
45.90,45.90,38.89,74.36,77.05
39.29,39.29,34.31,67.20,76.67
34.22,34.22,34.42,65.12,75.39
32.04,32.04,35.76,71.06,78.88
28.42,28.42,36.51,75.12,75.98
24.66,24.66,35.03,77.39,75.25
26.67,26.67,34.54,78.96,75.16
29.93,29.93,36.44,78.27,75.52
34.98,34.98,37.20,78.81,78.12
36.64,36.64,38.30,78.25,80.00
37.72,37.72,39.39,76.16,80.16
36.47,36.47,38.03,74.88,81.75
33.76,33.76,38.06,73.61,82.11
39.94,39.94,50.60,69.22,81.30
38.53,38.53,50.99,71.94,81.19
34.41,34.41,45.63,70.46,79.96
31.49,31.49,43.89,69.25,79.53
29.79,29.79,42.30,72.80,79.92
30.11,30.11,40.17,72.37,77.46
30.51,30.51,38.88,71.38,79.44
29.89,29.89,37.09,71.52,77.47
28.75,28.75,34.48,68.91,79.82
28.56,28.56,32.61,65.61,76.35
26.91,26.91,31.91,58.97,78.76
24.52,24.52,30.61,56.01,76.93
25.04,25.04,35.16,59.71,76.78
28.68,28.68,39.03,61.47,80.68
40.72,40.72,47.09,62.28,75.34
30.35,30.35,40.82,63.67,82.40
29.16,29.16,38.99,61.44,78.18
31.09,31.09,37.93,58.26,77.71
31.01,31.01,36.88,55.35,82.14
30.25,30.25,35.96,52.65,76.38
29.56,29.56,36.18,52.93,82.83
29.80,29.80,36.31,51.91,77.11
31.41,31.41,36.58,53.71,82.38
30.03,30.03,35.26,53.59,77.90
29.30,29.30,35.78,52.95,79.68
24.91,24.91,35.91,54.08,78.26
25.31,25.31,37.93,54.32,75.88
29.11,29.11,44.26,53.75,78.74
29.26,29.26,45.01,53.66,75.85
25.81,25.81,39.90,52.44,80.30
25.95,25.95,37.42,51.62,75.92
25.93,25.93,35.55,52.73,79.12
27.04,27.04,34.61,50.13,75.94
24.12,24.12,33.13,49.51,77.29
23.33,23.33,34.23,53.07,74.59
23.48,23.48,36.39,50.41,75.51
23.35,23.35,37.15,52.54,72.89
23.03,23.03,40.02,53.09,72.47
21.40,21.40,36.17,52.15,71.84
22.13,22.13,39.62,51.32,73.41
30.69,30.69,44.27,50.54,72.20
47.48,47.48,55.42,49.83,75.23
44.60,44.60,49.62,46.70,72.81
40.82,40.82,43.91,41.14,73.79
38.11,38.11,42.81,41.96,72.28
33.74,33.74,42.52,50.70,72.55
31.60,31.60,43.35,68.58,74.34
29.12,29.12,40.90,77.22,78.75
29.82,29.82,38.89,79.91,79.69
31.74,31.74,40.67,77.93,80.80
28.48,28.48,38.35,79.18,78.80
26.24,26.24,38.15,74.10,76.29
27.96,27.96,39.47,71.42,75.10
25.98,25.98,42.24,61.78,75.45
24.92,24.92,50.68,65.28,77.01
23.57,23.57,54.78,75.92,78.45
24.60,24.60,54.13,83.84,78.53
25.61,25.61,52.31,84.46,75.54
25.77,25.77,50.85,86.56,74.64
25.45,25.45,49.77,85.69,75.95
25.97,25.97,49.88,84.25,73.64
24.97,24.97,47.87,81.86,75.94
26.00,26.00,46.17,81.33,75.37
26.00,26.00,45.25,82.32,74.53
23.45,23.45,43.69,82.15,77.12
20.88,20.88,39.31,82.16,76.22
19.88,19.88,38.88,81.53,76.70
23.76,23.76,42.25,81.79,76.28
35.94,35.94,51.33,79.70,75.99
31.64,31.64,44.23,78.53,78.99
30.63,30.63,41.09,77.50,74.58
32.51,32.51,40.54,76.69,79.53
32.65,32.65,39.51,76.53,77.65
32.36,32.36,39.24,76.68,79.32
32.33,32.33,38.42,77.34,79.29
31.35,31.35,37.83,77.05,76.67
30.21,30.21,38.53,75.65,79.58
29.10,29.10,37.84,71.24,76.14
27.17,27.17,36.37,70.80,77.85
26.77,26.77,37.42,71.81,75.70
25.07,25.07,39.37,74.85,74.61
34.12,34.12,50.25,76.81,76.73
39.74,39.74,53.54,76.99,78.14
36.34,36.34,49.36,72.51,80.44
33.60,33.60,46.45,67.73,79.89
30.32,30.32,44.75,67.78,80.67
28.65,28.65,43.29,71.42,81.36
27.69,27.69,41.64,74.57,79.70
26.49,26.49,39.36,75.57,78.35
26.51,26.51,37.72,73.79,77.94
25.41,25.41,35.86,71.52,77.02
25.61,25.61,35.72,68.45,80.46
25.48,25.48,36.10,69.54,77.93
25.81,25.81,35.74,70.31,82.23
27.32,27.32,39.97,70.62,79.17
35.03,35.03,42.42,69.54,82.15
31.14,31.14,39.81,68.65,80.73
27.54,27.54,38.74,68.02,80.29
25.53,25.53,37.92,68.70,82.04
27.02,27.02,40.00,68.05,80.57
28.10,28.10,39.29,67.22,84.14
26.38,26.38,37.91,68.55,79.67
28.46,28.46,38.43,68.18,82.19
27.53,27.53,38.50,67.62,79.10
23.87,23.87,35.75,65.96,82.54
23.35,23.35,35.60,64.29,78.31
21.35,21.35,35.84,62.96,80.21
22.48,22.48,39.01,63.36,79.13
33.59,33.59,49.20,64.16,80.32
40.83,40.83,55.51,61.34,80.89
36.61,36.61,50.19,60.67,79.93
34.26,34.26,45.22,58.63,81.82
32.40,32.40,44.18,57.57,79.18
30.72,30.72,42.63,55.43,81.35
28.25,28.25,40.17,54.71,77.64
27.17,27.17,40.14,54.83,78.47
25.59,25.59,40.10,54.96,75.32
24.65,24.65,38.96,54.42,76.03
25.37,25.37,37.28,54.62,78.16
26.58,26.58,37.84,53.74,73.91
26.15,26.15,38.77,55.33,77.69
25.22,25.22,45.27,53.88,74.29
38.55,38.55,50.07,50.74,75.68
35.36,35.36,44.13,45.47,76.25
33.38,33.38,41.93,44.80,75.05
32.70,32.70,39.68,44.24,76.09
30.53,30.53,39.36,49.77,76.13
29.02,29.02,40.81,63.07,75.01
26.52,26.52,44.84,74.34,74.78
25.18,25.18,41.34,78.15,77.55
23.63,23.63,38.43,78.30,76.49
22.68,22.68,38.92,76.12,77.54
20.87,20.87,37.80,76.12,73.74
19.90,19.90,35.58,75.78,75.08
21.30,21.30,40.07,74.25,76.57
29.74,29.74,49.30,75.92,79.36
39.66,39.66,55.64,74.75,74.85
34.42,34.42,48.39,80.22,81.18
31.70,31.70,47.16,84.65,81.48
31.16,31.16,44.32,81.43,83.20
27.86,27.86,42.35,83.39,84.97
27.00,27.00,40.90,79.19,84.87
27.40,27.40,39.78,79.74,84.65
28.88,28.88,39.97,81.39,83.50
27.55,27.55,37.66,79.50,83.65
25.97,25.97,37.41,81.42,80.89
26.12,26.12,39.15,80.05,79.53
23.19,23.19,39.12,79.80,79.08
21.91,21.91,43.34,81.01,78.89
37.19,37.19,55.13,79.65,79.14
32.95,32.95,47.91,79.64,77.18
29.83,29.83,43.21,78.77,79.13
28.31,28.31,43.07,77.06,78.24
25.84,25.84,41.19,76.82,76.76
27.03,27.03,40.92,77.50,76.63
26.16,26.16,39.61,77.38,76.77
27.15,27.15,38.95,76.23,74.28
24.28,24.28,37.45,74.57,75.22
24.27,24.27,35.45,74.16,75.73
26.20,26.20,35.99,72.62,73.65
23.76,23.76,34.82,74.93,73.90
24.01,24.01,37.98,69.79,75.04
27.60,27.60,47.33,72.82,75.02
34.09,34.09,55.87,72.15,74.30
30.95,30.95,50.34,73.59,76.32
30.31,30.31,47.16,71.04,81.06
30.26,30.26,45.53,69.22,78.32
29.79,29.79,44.40,71.15,79.67
27.81,27.81,41.77,71.51,78.06
25.23,25.23,39.71,71.82,76.26
26.16,26.16,39.07,68.20,79.36
23.46,23.46,37.68,70.02,77.65
21.92,21.92,36.22,70.19,78.16
20.31,20.31,36.47,69.40,75.73
21.68,21.68,37.60,68.60,76.43
21.77,21.77,37.71,69.09,76.77
30.16,30.16,52.41,65.62,77.92
28.49,28.49,49.83,68.86,75.84
25.75,25.75,45.02,63.20,78.57
24.56,24.56,43.07,67.28,76.29
23.02,23.02,40.87,67.26,77.06
21.91,21.91,38.75,68.71,74.56
20.34,20.34,38.63,69.83,75.74
22.32,22.32,40.05,68.67,75.92
23.25,23.25,40.32,69.74,76.87
22.55,22.55,37.96,67.76,75.73
22.33,22.33,37.72,69.56,77.87
20.68,20.68,37.33,67.84,73.83
21.83,21.83,38.39,68.96,76.17
31.20,31.20,46.06,68.13,75.16
37.03,37.03,55.96,68.26,76.94
33.85,33.85,50.62,66.66,77.52
30.63,30.63,45.00,67.41,79.64
28.42,28.42,45.48,65.64,78.24
26.23,26.23,43.87,66.77,81.18
24.77,24.77,40.12,66.06,79.84
24.57,24.57,39.31,65.58,81.47
21.67,21.67,34.42,65.06,83.81
20.28,20.28,32.02,66.26,82.12
22.40,22.40,35.46,61.21,80.96
19.12,19.12,33.14,56.42,81.32
19.46,19.46,34.18,53.66,79.94
21.48,21.48,37.59,49.14,78.35
36.91,36.91,53.00,46.62,80.07
36.42,36.42,50.36,45.26,79.14
31.86,31.86,44.43,43.32,81.43
31.83,31.83,44.59,43.25,81.34
29.29,29.29,42.13,44.05,80.43
25.83,25.83,39.69,58.87,79.61
23.33,23.33,38.73,69.54,80.39
22.39,22.39,39.69,79.18,79.23
22.60,22.60,36.43,78.89,77.93
22.89,22.89,36.82,78.85,75.82
24.22,24.22,36.09,76.44,70.62
22.45,22.45,32.73,76.50,70.99
23.20,23.20,36.25,77.81,71.53
27.54,27.54,43.17,76.64,72.86
37.31,37.31,56.80,70.80,71.92
27.98,27.98,49.63,81.89,75.54
23.87,23.87,46.04,83.68,77.69
23.85,23.85,45.06,85.50,79.62
24.16,24.16,44.55,84.84,77.88
21.95,21.95,40.51,82.79,78.61
20.55,20.55,39.68,79.79,77.16
20.36,20.36,39.03,73.94,76.29
21.46,21.46,37.74,75.13,76.70
19.06,19.06,36.36,77.06,78.10
17.39,17.39,35.04,76.80,77.16
17.60,17.60,37.51,76.12,76.56
20.12,20.12,38.88,75.74,78.17
35.65,35.65,52.85,73.39,78.92
36.60,36.60,55.08,74.07,78.72
31.49,31.49,49.86,69.59,75.76
29.52,29.52,46.65,69.77,75.74
28.18,28.18,44.57,71.57,75.86
26.80,26.80,42.34,71.97,80.49
23.85,23.85,40.12,67.46,80.26
21.14,21.14,38.25,71.80,81.50
19.71,19.71,36.53,70.80,82.51
20.54,20.54,36.52,71.11,79.96
17.76,17.76,34.80,71.70,80.85
14.12,14.12,33.34,71.47,82.49
16.00,16.00,38.18,71.49,80.84
17.56,17.56,42.21,71.63,77.65
26.35,26.35,52.90,69.18,79.26
21.26,21.26,47.38,67.93,78.78
18.36,18.36,44.02,68.74,79.95
18.06,18.06,42.10,72.15,82.01
20.52,20.52,40.92,69.12,82.60
21.58,21.58,40.71,71.34,83.74
21.50,21.50,38.03,67.49,81.14
16.71,16.71,33.29,68.95,82.03
14.54,14.54,30.48,66.29,79.11
14.19,14.19,28.50,62.83,76.62
12.60,12.60,26.21,65.36,81.15
12.66,12.66,26.60,65.19,76.10
12.26,12.26,27.70,66.18,79.42
35.09,35.09,49.24,66.93,78.00
40.18,40.18,53.59,65.81,78.59
35.20,35.20,46.97,65.46,78.85
32.88,32.88,44.63,64.02,81.53
31.21,31.21,43.98,65.54,83.14
30.64,30.64,43.75,63.93,79.59
29.09,29.09,42.34,62.36,80.59
27.01,27.01,40.51,63.35,74.94
24.31,24.31,38.13,61.28,74.71
23.54,23.54,36.95,60.90,74.96
21.16,21.16,34.16,59.58,74.75
18.41,18.41,30.70,57.04,73.84
20.70,20.70,34.46,58.97,74.46
22.60,22.60,38.91,58.96,74.31
30.41,30.41,45.50,59.70,75.35
26.41,26.41,41.61,63.01,79.00
21.80,21.80,36.99,61.84,80.55
21.58,21.58,37.05,59.14,82.36
20.39,20.39,37.36,59.40,81.27
18.70,18.70,37.96,60.30,80.93
20.03,20.03,37.29,59.82,79.60
20.83,20.83,36.09,58.53,78.78
21.49,21.49,34.31,60.43,74.05
23.49,23.49,36.40,59.22,73.77
26.20,26.20,38.86,62.02,72.67
24.09,24.09,45.23,59.95,71.97
23.51,23.51,43.01,57.90,73.17
30.98,30.98,47.45,59.81,74.82
30.96,30.96,50.76,55.32,77.12
24.64,24.64,45.73,55.99,79.36
23.35,23.35,41.77,54.83,79.88
21.43,21.43,39.90,53.49,82.48
16.81,16.81,39.74,65.14,82.69
15.37,15.37,40.80,81.67,81.13
15.92,15.92,41.82,83.68,78.47
15.72,15.72,36.11,86.02,75.79
16.82,16.82,33.38,85.87,75.20
19.05,19.05,32.88,83.61,74.18
19.19,19.19,39.03,81.76,73.33
19.88,19.88,45.75,76.83,72.80
19.46,19.46,46.50,71.03,71.73
33.60,33.60,53.82,70.95,73.83
30.00,30.00,52.00,79.61,76.07
27.63,27.63,47.87,81.97,78.41
26.44,26.44,45.67,84.58,78.14
27.12,27.12,47.55,86.18,79.30
31.66,31.66,48.09,85.72,79.93
27.75,27.75,47.23,84.87,77.20
22.53,22.53,46.04,81.52,77.26
22.53,22.53,46.14,82.13,76.76
25.67,25.67,46.27,81.22,75.87
23.68,23.68,45.02,79.21,75.88
19.63,19.63,43.01,80.30,76.00
17.44,17.44,42.59,81.04,76.79
20.83,20.83,43.53,80.54,77.45
24.77,24.77,44.57,81.14,78.13
23.77,23.77,43.20,82.12,78.79
24.28,24.28,42.09,81.45,79.67
26.79,26.79,42.30,78.88,77.22
29.61,29.61,44.71,81.11,77.72
31.50,31.50,46.06,80.53,78.84
27.84,27.84,45.28,77.44,78.50
24.01,24.01,45.32,79.27,78.53
19.55,19.55,44.02,79.10,79.71
19.20,19.20,44.15,78.37,78.36
17.94,17.94,43.23,77.54,80.16
15.37,15.37,42.94,79.79,78.59
15.41,15.41,41.99,78.01,74.68
26.02,26.02,51.36,78.68,78.77
29.23,29.23,49.00,78.99,80.21
26.19,26.19,43.60,78.34,78.98
26.47,26.47,43.14,76.58,80.10
24.66,24.66,42.18,78.26,77.30
25.01,25.01,41.57,78.50,76.97
24.29,24.29,40.27,75.96,77.59
27.14,27.14,38.86,77.25,74.26
26.68,26.68,35.92,77.41,75.87
23.46,23.46,35.91,75.90,75.58
20.48,20.48,36.44,76.11,73.78
17.37,17.37,36.51,77.64,77.41
22.40,22.40,38.26,75.57,77.93
28.48,28.48,45.52,75.00,76.42
34.85,34.85,50.83,76.10,77.70
29.29,29.29,43.50,76.32,77.13
30.47,30.47,42.56,74.68,76.00
28.18,28.18,40.28,75.55,77.80
26.06,26.06,38.91,74.32,76.96
24.96,24.96,36.91,73.36,78.87
23.07,23.07,34.66,74.43,76.35
23.10,23.10,34.70,73.91,76.56
23.12,23.12,35.41,73.72,74.18
22.18,22.18,35.09,73.34,76.56
19.41,19.41,34.07,73.62,74.81
19.56,19.56,36.01,72.37,74.96
20.11,20.11,38.45,72.45,72.43
32.51,32.51,53.31,71.30,74.46
28.13,28.13,48.18,71.42,74.32
26.09,26.09,44.03,70.25,73.81
24.65,24.65,40.27,72.59,72.33
24.70,24.70,39.08,69.85,72.55
23.87,23.87,37.61,68.56,73.25
24.23,24.23,36.67,68.82,71.51
22.70,22.70,34.27,68.35,71.58
22.44,22.44,32.96,69.06,73.75
21.63,21.63,32.36,68.48,74.28
19.88,19.88,30.06,63.34,73.41
19.24,19.24,31.01,56.72,73.38
19.89,19.89,33.00,52.06,72.91
28.72,28.72,44.29,48.80,71.56
36.97,36.97,53.91,45.83,72.67
32.43,32.43,48.05,44.69,71.05
30.23,30.23,45.02,47.11,73.02
26.62,26.62,42.48,46.73,72.20
24.58,24.58,40.15,59.22,71.48
22.35,22.35,47.89,73.81,71.06
21.70,21.70,41.11,77.01,70.99
19.31,19.31,38.56,81.09,70.25
18.47,18.47,37.64,83.75,70.61
20.58,20.58,36.03,81.15,72.08
21.92,21.92,35.39,81.40,72.10
21.11,21.11,34.17,81.15,72.08
20.79,20.79,37.11,80.42,71.31
34.12,34.12,49.15,77.76,73.94
35.95,35.95,51.00,79.94,75.54
35.06,35.06,47.87,82.68,73.82
33.79,33.79,48.17,81.45,75.35
32.56,32.56,49.02,83.44,76.31
31.38,31.38,47.99,82.03,76.24
30.96,30.96,45.89,83.48,76.39
30.71,30.71,46.67,81.88,73.94
31.07,31.07,46.93,81.55,76.82
30.25,30.25,45.68,81.15,76.29
30.73,30.73,47.98,80.80,73.16
30.52,30.52,45.08,80.04,73.84
30.78,30.78,42.45,79.92,75.46
35.56,35.56,46.54,77.62,74.31
48.81,48.81,57.29,78.29,72.90
43.74,43.74,51.37,78.34,70.88
40.10,40.10,47.30,75.26,70.72
39.74,39.74,46.83,77.81,73.98
38.67,38.67,46.08,77.89,73.47
38.14,38.14,45.33,77.04,73.09
37.59,37.59,43.14,77.69,73.33
36.83,36.83,40.68,77.53,73.90
35.58,35.58,37.42,75.79,73.53
35.86,35.86,36.11,77.05,73.17
34.68,34.68,35.03,74.98,71.44
32.85,32.85,35.95,75.05,72.74
34.06,34.06,43.06,75.75,73.95
38.91,38.91,51.45,71.72,72.37
34.17,34.17,47.75,73.23,75.39
27.58,27.58,41.45,74.36,76.93
30.31,30.31,41.70,72.65,76.79
29.74,29.74,41.01,72.78,76.39
29.25,29.25,39.80,74.24,76.02
29.31,29.31,38.07,73.87,75.47
29.00,29.00,36.74,74.08,74.11
28.94,28.94,36.28,73.82,76.61
28.10,28.10,36.66,73.55,76.34
29.24,29.24,36.82,73.62,72.93
26.29,26.29,35.91,73.44,69.58
23.65,23.65,39.06,72.38,69.26
26.44,26.44,42.47,73.65,71.21
39.64,39.64,55.72,73.38,71.08
35.61,35.61,50.55,69.48,72.91
32.10,32.10,45.35,69.81,72.79
31.04,31.04,43.61,70.17,78.39
29.70,29.70,42.05,68.24,74.23
29.99,29.99,41.41,69.68,79.20
28.81,28.81,39.39,68.42,77.84
28.23,28.23,37.26,65.92,72.13
26.87,26.87,34.79,67.95,77.71
25.69,25.69,32.61,67.61,74.86
24.56,24.56,29.89,67.52,74.71
23.10,23.10,28.90,68.63,73.59
27.11,27.11,38.96,70.22,72.88
34.00,34.00,44.04,70.23,74.94
32.56,32.56,42.99,66.58,75.85
26.62,26.62,37.44,69.73,77.09
27.17,27.17,35.60,71.36,78.29
28.59,28.59,36.31,71.07,77.75
28.12,28.12,35.45,70.07,74.93
30.36,30.36,34.32,71.01,73.00
33.69,33.69,33.46,71.19,72.66
37.66,37.66,32.64,71.08,73.87
37.35,37.35,31.60,70.93,73.47
38.60,38.60,29.55,70.42,72.54
35.01,35.01,27.37,69.95,72.02
30.19,30.19,26.31,69.97,72.78
28.77,28.77,31.40,71.11,75.25
45.72,45.72,54.37,68.11,73.73
41.25,41.25,48.51,67.19,79.29
37.76,37.76,43.84,67.18,78.05
36.01,36.01,42.44,66.98,78.98
35.05,35.05,41.90,67.11,77.35
33.89,33.89,40.99,64.65,74.70
33.29,33.29,40.11,64.83,74.31
30.54,30.54,37.16,61.93,72.74
29.18,29.18,34.56,62.45,73.30
28.79,28.79,32.56,64.71,72.77
29.06,29.06,30.21,64.07,72.47
27.41,27.41,30.59,62.68,71.37
25.93,25.93,38.58,63.64,72.83
33.59,33.59,49.27,64.26,74.67
27.87,27.87,52.39,79.10,76.21
19.44,19.44,51.76,84.70,75.21
18.08,18.08,50.21,83.46,74.61
21.12,21.12,47.00,83.04,75.76
20.74,20.74,45.91,79.22,77.92
20.60,20.60,43.04,81.57,78.76
23.86,23.86,43.28,81.60,76.85
23.45,23.45,43.82,82.15,76.02
23.02,23.02,46.53,82.92,78.85
21.23,21.23,43.71,80.00,77.94
20.61,20.61,45.21,82.80,78.89
20.76,20.76,43.20,81.83,76.70
22.83,22.83,43.62,82.33,78.20
26.37,26.37,47.34,81.96,78.20
26.52,26.52,46.66,81.17,79.09
26.93,26.93,44.64,82.53,76.78
30.46,30.46,44.55,79.99,78.23
27.25,27.25,42.57,80.84,78.19
23.05,23.05,41.27,79.21,77.77
23.98,23.98,39.67,79.54,78.36
22.35,22.35,39.92,80.13,76.59
20.15,20.15,42.34,78.00,80.77
21.73,21.73,42.93,78.25,79.78
23.18,23.18,41.21,76.51,80.46
20.62,20.62,39.89,77.55,79.26
19.94,19.94,42.40,75.19,76.89
21.43,21.43,45.49,74.36,78.44
25.06,25.06,44.12,73.89,77.95
24.87,24.87,41.13,71.89,78.82
29.14,29.14,41.25,73.56,78.12
30.53,30.53,39.84,71.61,79.74
28.55,28.55,39.09,73.22,80.50
29.29,29.29,39.96,70.33,82.42
29.12,29.12,41.01,73.97,82.29
26.38,26.38,40.90,73.40,81.04
25.87,25.87,40.99,72.24,77.44
26.32,26.32,41.52,73.38,80.30
23.48,23.48,40.47,73.65,79.82
22.88,22.88,39.03,74.43,79.84
25.26,25.26,40.63,71.74,79.87
36.31,36.31,51.57,72.06,77.51
33.94,33.94,47.81,70.76,78.94
29.64,29.64,46.52,70.02,79.67
26.83,26.83,44.74,69.71,80.86
24.86,24.86,44.10,70.11,79.43
22.79,22.79,42.64,71.91,76.50
23.78,23.78,41.97,69.11,76.48
25.68,25.68,42.19,72.40,76.34
25.68,25.68,42.77,68.31,78.01
22.30,22.30,40.17,71.69,77.63
20.98,20.98,38.93,70.62,78.35
25.10,25.10,41.18,69.90,77.40
26.64,26.64,41.78,71.16,76.80
29.59,29.59,43.38,70.49,77.39
29.70,29.70,43.80,71.72,77.95
23.55,23.55,40.34,69.12,76.40
21.78,21.78,39.49,71.34,78.44
23.84,23.84,41.06,70.28,77.34
26.23,26.23,39.87,68.43,78.10
26.08,26.08,40.49,69.80,78.07
22.71,22.71,38.63,70.10,78.25
23.29,23.29,38.80,70.24,78.73
26.66,26.66,40.59,66.60,77.61
27.46,27.46,41.27,70.84,78.30
25.29,25.29,40.30,69.17,76.18
21.77,21.77,38.30,67.24,75.69
20.31,20.31,40.20,68.83,77.06
22.70,22.70,42.95,67.71,77.21
21.52,21.52,41.80,68.71,76.99
21.39,21.39,40.45,62.99,77.29
21.55,21.55,39.94,69.08,77.37
21.68,21.68,40.22,68.75,77.39
24.68,24.68,39.79,62.63,76.80
27.18,27.18,39.21,56.81,76.66
27.55,27.55,39.00,49.70,77.22
25.89,25.89,38.15,46.04,77.17
25.80,25.80,40.60,41.99,75.51
25.96,25.96,42.42,42.15,76.15
25.82,25.82,40.56,41.52,74.55
24.32,24.32,41.87,44.11,75.61
21.29,21.29,45.63,54.36,73.86
19.84,19.84,50.53,71.14,77.24
22.13,22.13,49.67,75.78,78.49
25.94,25.94,52.06,83.53,77.87
25.74,25.74,48.71,84.08,78.86
24.66,24.66,46.61,79.91,78.82
21.59,21.59,46.62,82.92,77.13
21.80,21.80,46.07,82.87,76.29
26.24,26.24,46.79,83.59,75.96
27.95,27.95,46.96,81.54,76.00
27.13,27.13,46.63,80.96,75.99
21.97,21.97,49.31,80.56,77.89
20.19,20.19,48.00,78.51,75.29
20.74,20.74,45.67,80.49,75.86
23.65,23.65,48.94,79.16,78.31
24.03,24.03,50.44,78.14,77.23
19.67,19.67,50.23,76.78,78.54
22.29,22.29,49.13,77.56,76.72
26.12,26.12,48.63,77.03,75.30
29.24,29.24,49.39,71.67,77.52
30.35,30.35,48.84,72.50,76.81
28.26,28.26,48.87,73.37,73.41
26.52,26.52,48.24,72.97,75.15
25.76,25.76,47.68,71.28,73.79
25.57,25.57,46.09,73.52,73.42
25.37,25.37,45.53,72.17,73.13
21.41,21.41,43.47,71.01,75.26
27.95,27.95,47.39,71.85,73.59
39.76,39.76,52.46,70.80,76.42
32.74,32.74,43.53,68.66,79.64
32.48,32.48,40.62,71.39,80.14
30.90,30.90,38.77,72.16,82.36
28.22,28.22,37.58,69.57,81.54
27.32,27.32,36.82,71.35,83.28
26.83,26.83,35.82,71.78,81.81
26.51,26.51,36.11,70.55,82.46
26.14,26.14,35.30,69.70,83.29
28.87,28.87,36.16,71.37,83.28
26.20,26.20,35.90,70.29,82.62
24.77,24.77,37.32,67.26,80.80
24.84,24.84,37.78,69.28,81.59
40.31,40.31,51.41,68.05,81.64
38.02,38.02,49.77,65.57,79.42
31.58,31.58,45.14,67.37,81.72
27.31,27.31,41.81,67.09,81.02
26.14,26.14,40.27,66.85,80.13
27.73,27.73,40.64,63.71,79.04
27.89,27.89,39.66,66.80,78.96
27.90,27.90,38.70,63.38,78.09
26.47,26.47,36.56,63.60,75.95
27.84,27.84,36.26,66.19,76.99
26.77,26.77,35.98,65.39,76.39
25.49,25.49,35.75,63.93,75.64
28.39,28.39,36.18,65.79,73.95
31.32,31.32,38.48,65.73,75.97
37.85,37.85,43.70,64.25,78.08
29.45,29.45,36.80,63.20,79.36
24.94,24.94,34.97,66.00,81.63
26.22,26.22,35.38,66.04,81.87
26.14,26.14,35.04,61.72,83.44
26.12,26.12,35.55,65.90,82.60
26.99,26.99,35.60,64.48,78.37
28.38,28.38,35.85,63.09,78.66
31.20,31.20,35.83,63.04,75.14
33.15,33.15,35.84,65.15,75.69
32.93,32.93,35.32,64.43,74.45
32.62,32.62,34.11,62.67,74.34
29.66,29.66,35.42,64.00,75.27
32.44,32.44,45.90,61.74,74.98
27.89,27.89,45.93,61.80,77.29
28.39,28.39,50.20,63.20,79.48
26.83,26.83,46.40,59.80,80.95
28.07,28.07,43.23,62.58,80.81
23.91,23.91,42.26,63.16,78.43
21.85,21.85,43.53,60.18,75.83
24.24,24.24,43.66,58.40,74.19
26.71,26.71,44.64,60.15,73.08
26.36,26.36,43.65,60.76,73.00
28.55,28.55,43.42,56.83,73.29
28.57,28.57,41.22,58.94,72.28
27.89,27.89,42.21,59.00,69.10
28.74,28.74,47.37,58.71,68.92
36.52,36.52,56.47,73.55,74.57
29.35,29.35,53.40,82.17,73.20
25.92,25.92,51.83,85.73,75.45
23.98,23.98,46.48,87.36,74.65
21.10,21.10,43.13,86.29,75.93
20.80,20.80,44.34,85.10,75.56
19.38,19.38,42.49,82.33,75.13
20.01,20.01,39.39,80.23,75.78
18.02,18.02,39.05,72.07,76.26
18.48,18.48,43.95,76.13,78.67
17.64,17.64,39.00,77.71,78.14
17.54,17.54,41.59,77.13,77.37
17.83,17.83,41.81,77.82,77.94
29.24,29.24,43.29,78.99,77.12
30.49,30.49,43.66,74.24,78.96
25.89,25.89,38.08,67.52,78.01
25.76,25.76,37.07,65.79,78.32
26.32,26.32,38.61,70.61,80.01
27.29,27.29,38.94,74.98,77.66
27.54,27.54,38.10,76.45,79.98
27.75,27.75,38.12,78.73,78.02
27.26,27.26,37.37,79.22,79.30
25.74,25.74,37.15,78.80,77.65
26.94,26.94,37.60,77.57,77.75
26.44,26.44,38.96,76.50,77.45
24.52,24.52,39.92,74.42,77.82
27.44,27.44,44.68,69.56,80.10
40.32,40.32,56.47,70.32,76.31
38.14,38.14,52.43,71.09,82.34
34.10,34.10,45.64,69.73,78.54
33.12,33.12,43.45,71.72,82.23
32.25,32.25,41.83,70.39,79.52
30.85,30.85,41.10,71.95,79.87
28.36,28.36,38.48,73.03,81.41
26.57,26.57,36.33,70.58,79.23
26.18,26.18,35.57,67.61,80.43
25.28,25.28,35.21,64.30,78.81
23.70,23.70,35.12,59.29,79.75
23.00,23.00,35.40,58.98,78.91
24.49,24.49,38.80,63.33,79.44
30.15,30.15,43.54,62.00,81.25
30.42,30.42,45.24,63.61,80.80
21.16,21.16,39.71,65.19,80.52
22.47,22.47,38.84,61.55,79.42
25.53,25.53,37.53,59.69,80.30
23.91,23.91,36.63,53.94,79.68
23.19,23.19,35.69,49.32,79.78
24.08,24.08,37.65,50.30,80.13
25.11,25.11,37.78,47.44,81.16
24.22,24.22,37.39,50.84,82.39
25.68,25.68,37.97,52.45,81.32
26.39,26.39,37.76,52.49,80.85
29.01,29.01,40.57,49.79,79.26
27.46,27.46,40.04,50.13,77.25
28.77,28.77,43.56,52.72,76.80
24.14,24.14,41.00,53.80,77.11
20.93,20.93,37.44,54.22,78.14
23.43,23.43,39.54,51.39,78.06
27.66,27.66,38.65,52.46,78.27
29.46,29.46,39.59,51.70,77.37
29.27,29.27,39.64,51.99,76.52
28.04,28.04,38.04,51.93,75.93
29.63,29.63,39.01,48.23,75.81
31.47,31.47,38.18,48.59,77.00
31.95,31.95,43.27,52.01,74.75
31.61,31.61,41.04,48.71,77.46
32.05,32.05,41.01,46.05,75.87
41.39,41.39,49.44,46.13,77.81
45.60,45.60,50.01,45.62,78.84
38.53,38.53,45.04,44.67,77.51
33.36,33.36,43.40,46.22,76.58
28.72,28.72,42.21,50.61,76.27
28.15,28.15,44.90,61.84,76.91
27.19,27.19,44.85,76.76,76.19
28.19,28.19,43.09,75.09,74.50
27.04,27.04,44.15,78.05,73.78
27.74,27.74,46.28,75.83,74.03
27.26,27.26,42.24,76.63,74.30
27.34,27.34,42.23,73.25,74.51
26.78,26.78,41.87,75.53,73.83
22.91,22.91,42.98,73.30,71.32
28.58,28.58,52.70,73.92,78.09
27.04,27.04,51.80,79.45,75.45
21.58,21.58,52.61,86.25,78.03
20.19,20.19,49.98,84.52,77.78
21.47,21.47,49.62,86.24,78.01
21.51,21.51,48.63,84.74,76.81
21.70,21.70,46.49,83.43,74.43
23.80,23.80,46.65,81.82,76.59
24.95,24.95,47.46,82.33,76.59
26.53,26.53,47.24,82.56,76.21
26.92,26.92,43.38,81.80,75.18
26.35,26.35,47.50,81.89,73.54
27.95,27.95,45.63,80.25,75.44
27.58,27.58,42.87,80.91,74.90
29.07,29.07,42.11,78.87,75.82
29.34,29.34,45.03,79.19,75.61
29.74,29.74,43.32,76.83,76.70
36.65,36.65,44.57,76.64,78.55
29.79,29.79,39.60,76.73,76.92
27.76,27.76,40.83,77.38,77.83
26.68,26.68,40.61,77.16,77.80
27.11,27.11,42.14,76.48,76.99
25.77,25.77,42.75,73.69,75.87
24.22,24.22,41.60,69.10,75.02
24.31,24.31,41.66,70.00,75.50
24.86,24.86,41.72,73.80,75.13
24.52,24.52,40.72,76.16,74.98
25.03,25.03,42.16,76.04,75.41
27.40,27.40,41.91,75.31,75.44
28.11,28.11,44.37,71.10,74.86
25.54,25.54,44.56,64.73,74.76
22.08,22.08,44.61,68.86,75.55
19.15,19.15,43.81,72.77,75.63
23.08,23.08,49.07,75.08,75.81
31.77,31.77,53.27,75.61,79.16
31.76,31.76,48.98,73.29,78.42
28.50,28.50,42.97,71.17,82.02
25.30,25.30,40.54,68.74,78.97
26.34,26.34,41.79,70.52,80.76
26.29,26.29,41.72,71.53,77.79
28.28,28.28,43.71,71.97,79.99
27.11,27.11,44.38,70.31,80.04
22.25,22.25,41.41,69.76,78.60
23.71,23.71,41.58,65.77,81.08
25.77,25.77,42.85,67.81,77.37
26.57,26.57,42.05,68.22,78.76
27.71,27.71,43.33,68.08,78.17
23.40,23.40,40.10,66.43,78.52
21.55,21.55,41.16,67.31,78.36
22.42,22.42,43.88,66.36,79.52
23.99,23.99,45.34,63.59,79.02
22.72,22.72,46.24,61.90,78.77
21.13,21.13,45.70,60.32,79.18
23.78,23.78,44.09,58.96,78.93
28.06,28.06,43.09,56.44,78.87
29.04,29.04,42.74,56.83,77.51
26.45,26.45,40.23,59.17,77.16
25.47,25.47,39.89,57.44,77.18
21.09,21.09,37.43,57.70,76.61
23.25,23.25,39.46,54.95,77.09
25.53,25.53,39.13,54.69,75.74
25.76,25.76,38.41,54.85,75.91
24.18,24.18,36.28,53.45,75.08
23.63,23.63,35.99,55.62,74.43
23.27,23.27,35.11,53.39,72.32
25.81,25.81,37.61,56.86,73.66
25.30,25.30,38.36,57.10,75.39
24.39,24.39,39.88,57.02,75.16
24.57,24.57,39.41,59.06,76.10
37.89,37.89,49.86,59.15,75.02
35.90,35.90,45.53,59.85,77.74
32.41,32.41,41.40,56.67,78.34
30.14,30.14,38.68,57.89,80.25
30.59,30.59,38.21,55.19,79.78
31.83,31.83,38.90,55.35,79.81
31.75,31.75,39.46,54.23,79.32
28.49,28.49,37.79,52.11,78.02
26.84,26.84,36.12,53.75,77.72
25.50,25.50,36.24,56.28,77.84
24.32,24.32,37.87,55.74,81.14
25.43,25.43,37.42,55.17,81.41
24.94,24.94,39.71,54.58,81.70
25.71,25.71,38.76,53.01,81.09
26.36,26.36,38.73,52.09,79.94
25.07,25.07,38.02,52.31,78.92
25.67,25.67,36.87,53.61,79.18
26.42,26.42,39.18,54.03,78.33
28.61,28.61,43.97,51.94,76.91
26.31,26.31,38.19,46.32,79.63
24.51,24.51,35.74,38.71,82.19
23.35,23.35,40.76,37.35,81.40
22.90,22.90,38.31,38.53,82.87
26.50,26.50,35.05,40.13,81.22
23.98,23.98,36.58,45.23,80.64
20.97,20.97,44.23,61.91,80.54
20.85,20.85,47.25,71.97,80.57
21.15,21.15,47.27,77.59,80.88
21.91,21.91,44.36,77.78,79.61
23.05,23.05,45.45,77.97,79.44
22.56,22.56,45.09,75.40,81.48
19.11,19.11,41.65,75.02,79.32
17.32,17.32,37.72,73.91,78.44
21.34,21.34,40.17,75.16,79.56
22.83,22.83,41.69,73.13,79.54
20.40,20.40,40.64,73.33,79.86
19.46,19.46,44.90,71.81,78.22
26.07,26.07,44.17,71.19,78.00
28.25,28.25,50.75,73.26,78.12
26.37,26.37,45.04,76.39,78.42
24.29,24.29,45.83,81.38,78.55
22.55,22.55,42.31,85.18,77.79
23.35,23.35,38.56,83.63,78.32
20.84,20.84,40.25,83.62,76.16
18.90,18.90,37.90,80.57,76.78
22.65,22.65,38.69,79.85,76.16
23.43,23.43,36.82,79.87,76.22
27.17,27.17,41.03,76.77,75.90
24.85,24.85,40.11,78.92,75.92
25.44,25.44,38.67,78.23,75.58
23.07,23.07,36.18,77.67,76.48
29.16,29.16,47.53,78.25,76.82
28.46,28.46,47.77,80.11,75.04
26.25,26.25,42.17,78.76,77.59
25.86,25.86,40.68,77.96,75.44
26.11,26.11,39.28,78.34,76.90
24.98,24.98,35.86,78.84,74.62
25.51,25.51,33.08,76.30,75.05
28.00,28.00,33.59,77.29,72.73
28.94,28.94,32.31,77.55,72.07
30.56,30.56,30.87,76.15,72.86
29.33,29.33,30.42,76.66,72.40
26.66,26.66,31.06,77.56,71.71
23.07,23.07,32.31,76.29,73.76
20.34,20.34,32.57,75.26,74.23
23.44,23.44,40.22,77.54,77.90
20.59,20.59,41.41,76.61,80.06
19.51,19.51,37.50,73.40,77.80
20.04,20.04,36.60,75.24,79.80
21.46,21.46,35.31,74.65,78.00
22.36,22.36,34.34,73.98,78.19
23.38,23.38,33.83,74.70,78.80
24.54,24.54,36.05,75.69,79.22
26.27,26.27,35.36,72.13,79.32
26.77,26.77,36.32,73.37,79.72
25.18,25.18,34.65,74.13,79.14
22.61,22.61,33.86,73.84,79.08
20.15,20.15,34.33,72.90,77.98
18.25,18.25,33.43,73.98,79.25
15.22,15.22,30.70,72.22,76.42
13.28,13.28,26.82,72.14,76.53
19.01,19.01,30.58,72.39,76.80
20.69,20.69,34.61,72.50,78.51
21.55,21.55,36.83,71.43,77.10
19.98,19.98,36.65,72.61,76.60
16.31,16.31,34.34,71.76,74.66
14.53,14.53,29.51,69.54,75.31
15.53,15.53,24.95,70.23,74.02
16.04,16.04,23.78,70.56,73.94
17.48,17.48,24.86,70.33,73.83
16.68,16.68,23.64,70.03,74.25
15.82,15.82,25.34,70.52,71.64
15.50,15.50,23.30,68.11,73.03
17.27,17.27,23.05,68.75,75.01
25.08,25.08,30.38,67.88,77.49
29.96,29.96,34.60,69.03,77.82
30.82,30.82,33.90,67.88,78.84
26.50,26.50,34.00,68.68,79.63
23.13,23.13,34.92,67.44,78.72
21.72,21.72,34.25,65.15,77.46
16.02,16.02,31.13,63.15,73.44
9.40,9.40,22.91,63.57,74.03
10.28,10.28,23.17,66.26,73.65
10.74,10.74,25.63,64.91,75.52
11.79,11.79,25.19,64.96,77.19
14.28,14.28,22.68,63.13,76.07
14.39,14.39,23.07,63.90,76.94
13.74,13.74,23.42,61.04,76.55
15.05,15.05,28.24,64.11,77.07
15.51,15.51,34.56,64.00,78.66
16.16,16.16,35.65,65.25,78.35
20.61,20.61,34.45,63.29,79.12
21.40,21.40,33.35,64.62,79.15
20.75,20.75,32.67,62.58,76.83
19.50,19.50,28.54,63.57,77.69
18.64,18.64,27.39,63.37,74.73
16.74,16.74,27.37,61.07,76.01
19.49,19.49,32.42,57.73,77.18
19.42,19.42,32.53,50.90,76.79
15.99,15.99,31.96,46.95,76.42
16.32,16.32,32.40,47.86,74.34
25.74,25.74,46.91,53.01,76.31
25.96,25.96,52.45,71.81,73.15
23.43,23.43,56.31,80.40,73.70
26.98,26.98,48.69,81.52,77.07
23.44,23.44,42.64,82.71,75.46
22.84,22.84,49.36,80.62,76.76
21.22,21.22,43.02,80.44,77.17
20.04,20.04,44.87,78.53,77.05
19.60,19.60,43.67,79.20,76.56
23.08,23.08,40.37,79.40,76.48
21.47,21.47,36.93,77.25,75.29
20.61,20.61,34.76,77.97,76.51
21.59,21.59,35.52,75.55,76.59
21.98,21.98,36.68,77.99,77.08
30.87,30.87,40.54,75.17,76.15
26.08,26.08,38.76,75.86,76.27
22.63,22.63,35.61,73.25,75.85
25.60,25.60,36.92,72.70,77.61
25.89,25.89,35.66,71.43,77.01
24.86,24.86,34.79,72.34,77.85
23.07,23.07,35.62,73.50,76.25
23.68,23.68,35.09,73.89,78.39
24.57,24.57,35.40,72.06,78.20
25.36,25.36,34.99,68.04,79.20
24.76,24.76,33.61,59.21,77.78
23.69,23.69,34.39,65.19,78.86
22.47,22.47,35.83,69.57,78.19
25.48,25.48,37.62,70.93,77.75
30.16,30.16,44.13,69.19,78.57
32.29,32.29,42.46,65.91,80.35
27.69,27.69,40.95,59.66,78.46
28.47,28.47,40.31,52.86,79.27
27.30,27.30,38.82,62.69,81.05
27.49,27.49,39.04,66.31,79.38
27.89,27.89,38.32,69.32,78.87
23.02,23.02,35.15,68.74,79.86
23.41,23.41,33.92,65.94,78.65
21.80,21.80,31.97,61.95,75.58
22.14,22.14,30.70,59.23,77.19
23.00,23.00,31.20,63.67,75.05
21.29,21.29,30.10,64.45,76.52
21.29,21.29,28.29,64.74,76.85
18.63,18.63,27.68,63.70,75.01
19.78,19.78,34.18,60.62,77.86
19.67,19.67,36.39,60.19,79.17
21.20,21.20,37.48,60.90,78.64
20.29,20.29,35.64,60.22,78.82
22.16,22.16,35.65,59.61,77.61
22.78,22.78,35.74,58.27,78.07
21.81,21.81,32.84,56.85,75.76
21.93,21.93,31.29,57.16,75.91
24.82,24.82,30.40,55.00,72.96
26.81,26.81,33.06,56.96,75.17
26.76,26.76,33.23,54.97,75.74
24.04,24.04,32.00,54.61,74.97
20.91,20.91,29.96,50.82,73.56
20.90,20.90,27.44,48.17,72.83
19.29,19.29,25.87,45.87,73.38
19.35,19.35,29.91,46.27,74.72
27.13,27.13,31.05,46.17,77.66
31.80,31.80,32.23,44.40,76.15
29.49,29.49,34.22,43.76,76.72
28.71,28.71,37.80,44.51,75.85
29.13,29.13,36.70,45.03,76.25
30.93,30.93,37.54,43.90,76.49
31.08,31.08,39.45,45.69,74.45
29.45,29.45,39.09,44.52,76.51
28.31,28.31,36.81,44.76,76.72
26.38,26.38,39.63,44.72,76.82
24.57,24.57,36.07,43.57,78.41
20.97,20.97,36.18,46.28,76.75
17.97,17.97,36.17,45.03,76.16
18.86,18.86,38.22,43.44,78.30
20.36,20.36,40.08,40.29,79.11
21.90,21.90,38.63,43.61,79.28
23.01,23.01,42.60,42.73,78.76
24.12,24.12,38.79,39.57,81.06
26.27,26.27,37.31,37.90,81.29
28.00,28.00,38.35,36.96,81.69
27.09,27.09,38.42,35.23,81.30
29.05,29.05,42.58,35.80,81.20
29.10,29.10,37.26,38.66,80.53
25.27,25.27,35.90,36.41,79.72
22.59,22.59,38.29,43.19,80.49
27.57,27.57,51.74,58.22,80.27
25.54,25.54,53.91,75.20,79.00
21.77,21.77,51.26,82.96,78.37
21.73,21.73,42.56,82.44,78.30
26.60,26.60,42.69,79.14,79.18
24.78,24.78,39.76,78.47,78.93
24.21,24.21,40.77,81.84,77.31
21.88,21.88,36.00,78.81,78.15
22.62,22.62,40.51,79.73,80.18
23.57,23.57,43.55,81.09,79.56
22.42,22.42,39.41,79.16,78.78
22.60,22.60,36.52,78.33,79.74
22.33,22.33,36.81,76.66,78.29
20.60,20.60,34.30,77.44,78.93
19.64,19.64,41.62,74.43,79.47
16.94,16.94,39.04,76.13,79.28
15.70,15.70,37.33,76.20,80.20
17.09,17.09,37.20,74.44,80.48
17.45,17.45,37.04,71.66,79.35
15.92,15.92,35.38,73.26,79.91
17.34,17.34,32.31,72.16,80.22
19.42,19.42,31.41,73.01,80.64
20.32,20.32,30.85,72.44,81.73
18.78,18.78,26.44,71.87,82.03
15.63,15.63,28.06,70.20,80.14
16.09,16.09,28.99,71.89,79.25
15.70,15.70,30.36,67.98,77.80
14.28,14.28,31.64,69.03,77.08
21.85,21.85,40.30,67.48,80.16
20.36,20.36,38.02,67.64,80.09
20.60,20.60,35.87,67.28,79.52
19.87,19.87,35.05,68.73,79.86
18.71,18.71,32.86,67.00,80.67
17.18,17.18,32.41,64.44,80.19
17.40,17.40,31.43,67.11,79.25
15.89,15.89,30.20,67.18,80.38
17.11,17.11,30.35,65.63,79.21
17.52,17.52,30.10,67.06,79.44
17.53,17.53,29.39,66.86,79.68
17.39,17.39,30.07,65.46,80.48
15.94,15.94,29.41,65.69,81.82
19.05,19.05,29.82,64.65,81.40
21.15,21.15,30.58,63.77,81.32
21.10,21.10,30.17,65.98,81.14
20.82,20.82,28.80,63.04,79.88
23.07,23.07,29.39,63.87,80.68
17.90,17.90,28.48,64.53,80.09
13.69,13.69,26.68,62.72,79.61
13.46,13.46,27.39,64.82,80.81
16.11,16.11,29.15,64.15,80.10
20.00,20.00,28.62,64.97,79.73
17.20,17.20,27.56,63.21,79.14
16.96,16.96,26.26,64.78,78.83
15.24,15.24,25.53,62.40,77.96
16.72,16.72,25.61,62.81,80.26
15.02,15.02,24.71,63.08,78.63
12.75,12.75,22.41,63.73,78.09
13.91,13.91,26.39,62.29,77.38
17.43,17.43,31.13,61.68,78.27
19.39,19.39,33.37,61.43,78.69
19.04,19.04,33.02,61.74,77.78
19.44,19.44,32.59,59.00,78.93
19.67,19.67,32.59,56.18,77.37
18.48,18.48,32.75,60.12,79.81
17.94,17.94,32.06,55.49,76.85
18.70,18.70,33.92,56.97,78.67
19.53,19.53,32.83,56.02,76.43
20.63,20.63,33.29,55.57,77.80
21.14,21.14,32.05,52.69,75.83
20.35,20.35,31.25,52.58,77.37
17.56,17.56,28.09,47.91,75.82
15.59,15.59,27.98,50.59,77.71
15.44,15.44,29.52,50.68,78.07
15.92,15.92,31.75,50.76,79.36
17.61,17.61,33.70,49.20,77.90
18.38,18.38,34.28,47.85,78.12
20.50,20.50,38.26,48.43,79.02
19.56,19.56,39.57,46.44,77.43
20.28,20.28,32.88,46.92,75.70
22.38,22.38,32.14,48.18,75.19
19.84,19.84,39.50,45.99,75.58
23.32,23.32,37.95,49.28,74.97
22.40,22.40,34.19,52.35,74.86
24.14,24.14,30.89,55.82,74.87
38.44,38.44,53.22,61.82,76.13
28.31,28.31,48.08,75.63,76.32
24.53,24.53,42.00,76.31,79.02
22.73,22.73,37.16,79.25,79.24
19.42,19.42,34.95,80.84,78.11
19.04,19.04,34.15,82.39,77.35
16.50,16.50,34.00,81.39,79.12
14.79,14.79,31.07,81.00,79.55
16.22,16.22,30.29,80.26,80.44
19.61,19.61,31.35,77.72,80.29
19.65,19.65,29.77,77.43,78.60
19.30,19.30,29.91,75.65,77.11
22.22,22.22,30.63,75.29,75.76
20.49,20.49,31.21,76.71,77.91
22.79,22.79,40.63,77.63,78.19
24.65,24.65,49.40,77.24,77.53
19.95,19.95,43.78,78.28,78.02
19.83,19.83,40.34,78.81,78.14
21.48,21.48,38.47,78.04,78.12
22.20,22.20,35.64,77.27,78.20
20.76,20.76,33.38,77.26,78.32
19.01,19.01,33.06,76.62,79.81
18.65,18.65,31.28,75.83,79.24
18.53,18.53,29.57,74.81,78.85
15.11,15.11,28.40,73.92,79.04
14.82,14.82,28.20,74.61,79.31
14.47,14.47,29.05,73.36,78.40
14.68,14.68,28.66,72.45,78.03
13.17,13.17,29.34,74.40,78.16
11.40,11.40,30.41,74.73,79.84
12.42,12.42,39.17,72.59,77.91
12.04,12.04,31.87,73.14,79.25
12.40,12.40,33.12,72.92,77.13
12.18,12.18,31.64,73.36,78.49
14.25,14.25,31.12,72.35,78.23
14.81,14.81,31.83,73.57,77.13
16.03,16.03,30.71,71.97,75.63
18.38,18.38,31.32,70.67,75.68
20.91,20.91,31.35,71.36,74.00
20.35,20.35,31.28,71.46,75.05
18.14,18.14,29.07,70.71,74.56
15.82,15.82,29.28,70.82,76.05
17.10,17.10,31.67,70.92,77.37
18.62,18.62,32.80,70.33,77.20
19.76,19.76,32.45,69.98,77.92
22.06,22.06,34.10,69.06,77.04
21.04,21.04,32.32,68.89,77.80
22.54,22.54,33.69,68.81,77.54
21.38,21.38,32.19,70.21,77.81
23.06,23.06,32.99,68.18,77.16
24.99,24.99,32.88,66.70,77.19
26.67,26.67,32.35,64.52,75.67
26.63,26.63,32.15,64.49,74.93
28.90,28.90,33.54,64.47,74.64
28.69,28.69,33.05,63.22,75.14
30.54,30.54,33.41,63.41,75.21
30.77,30.77,32.56,64.92,74.32
29.60,29.60,30.51,65.96,74.73
28.48,28.48,29.69,65.69,74.52
27.16,27.16,26.21,66.65,74.93
28.67,28.67,28.87,63.96,76.67
36.85,36.85,41.50,65.79,77.31
36.18,36.18,42.92,66.11,76.95
33.22,33.22,42.85,66.00,77.32
32.51,32.51,43.53,65.37,75.97
31.82,31.82,43.33,63.04,75.91
31.02,31.02,42.75,63.41,75.08
30.38,30.38,40.58,65.75,74.56
30.40,30.40,39.87,64.04,75.51
30.39,30.39,40.17,63.20,73.38
29.67,29.67,39.15,62.73,73.60
29.29,29.29,39.26,62.46,74.77
28.63,28.63,37.07,63.07,74.74
29.58,29.58,38.41,63.91,75.38
30.88,30.88,39.22,63.99,75.24
28.65,28.65,35.74,63.62,74.02
30.44,30.44,37.47,63.66,74.89
29.73,29.73,35.10,64.30,74.57
25.28,25.28,30.55,64.92,75.03
23.14,23.14,31.67,64.48,77.25
23.68,23.68,33.05,64.54,79.27
24.11,24.11,32.12,65.39,80.95
22.85,22.85,30.46,65.65,81.86
21.80,21.80,29.46,63.92,81.56
24.79,24.79,31.43,65.48,82.29
25.48,25.48,31.56,66.68,82.59
24.48,24.48,31.66,66.20,81.38
23.77,23.77,30.19,66.59,78.61
23.95,23.95,30.30,65.18,79.32
25.40,25.40,32.05,66.96,76.96
22.78,22.78,29.14,66.78,78.28
23.17,23.17,28.10,67.40,77.58
22.46,22.46,27.64,65.70,76.50
21.80,21.80,35.66,66.50,75.69
18.92,18.92,39.79,66.43,74.80
21.44,21.44,48.08,64.57,75.36
26.51,26.51,55.68,65.96,73.62
28.21,28.21,55.40,74.79,74.71
30.68,30.68,54.18,80.96,78.32
31.94,31.94,53.41,79.72,76.51
32.42,32.42,51.35,81.45,75.26
32.96,32.96,48.16,78.09,76.26
32.12,32.12,46.45,78.53,77.07
28.23,28.23,44.86,76.07,75.41
24.14,24.14,43.53,78.15,77.38
24.01,24.01,42.21,76.07,74.12
21.58,21.58,41.00,76.50,74.99
19.48,19.48,38.73,74.38,75.63
20.32,20.32,39.64,73.75,76.60
29.16,29.16,46.26,73.80,77.36
30.37,30.37,49.24,73.52,75.59
28.08,28.08,41.75,73.48,76.92
27.31,27.31,39.94,70.32,74.86
27.62,27.62,39.40,69.03,74.90
27.50,27.50,37.71,67.88,76.78
27.63,27.63,36.28,70.63,78.75
27.17,27.17,35.23,70.94,81.06
25.22,25.22,34.62,71.69,81.24
25.53,25.53,34.04,68.53,82.51
28.74,28.74,34.38,65.82,81.72
29.18,29.18,35.83,57.81,81.57
26.95,26.95,36.49,61.03,80.07
23.96,23.96,37.41,65.85,77.66
36.89,36.89,53.28,65.68,79.00
28.81,28.81,42.77,65.34,79.40
29.27,29.27,40.71,63.35,78.08
28.29,28.29,38.57,57.81,79.03
27.60,27.60,37.32,52.40,81.33
25.30,25.30,33.41,56.02,78.65
25.03,25.03,33.91,63.45,81.14
25.90,25.90,34.72,66.99,79.96
23.56,23.56,33.41,66.70,76.82
24.08,24.08,34.41,63.83,79.06
25.54,25.54,35.76,58.22,79.12
26.00,26.00,35.82,60.37,77.74
25.32,25.32,35.38,61.40,78.04
29.25,29.25,41.62,61.65,80.63
38.59,38.59,53.73,60.66,78.07
35.65,35.65,49.19,59.96,78.41
32.87,32.87,44.37,57.61,82.74
31.68,31.68,42.91,55.40,83.13
31.29,31.29,41.09,58.46,83.21
29.70,29.70,39.71,57.34,84.72
27.51,27.51,36.94,58.88,83.83
28.06,28.06,35.39,54.74,83.79
29.27,29.27,35.21,57.13,84.03
30.06,30.06,35.65,52.31,83.50
28.59,28.59,34.58,52.40,81.63
25.59,25.59,33.18,49.75,81.26
25.80,25.80,34.26,54.07,80.93
28.01,28.01,41.53,47.10,78.91
27.86,27.86,43.47,47.02,77.21
26.76,26.76,40.21,45.68,75.79
25.21,25.21,36.84,43.16,79.31
25.56,25.56,34.80,39.17,78.20
29.52,29.52,34.74,37.67,80.02
28.05,28.05,33.29,43.40,80.32
26.60,26.60,33.00,41.69,79.57
23.93,23.93,32.63,45.46,80.38
24.89,24.89,34.66,42.67,79.43
26.57,26.57,35.83,44.06,76.75
28.77,28.77,37.53,44.21,78.26
25.49,25.49,33.97,44.47,76.67
24.95,24.95,34.93,43.43,78.34
33.79,33.79,40.45,43.27,78.85
30.84,30.84,37.94,42.95,77.70
26.22,26.22,34.30,43.82,78.38
25.32,25.32,36.22,42.63,78.01
23.74,23.74,37.65,42.55,77.48
25.85,25.85,36.59,39.45,79.35
27.63,27.63,38.95,33.72,77.59
27.43,27.43,40.72,29.94,77.76
27.52,27.52,41.11,28.65,77.98
27.01,27.01,39.24,25.49,77.43
25.09,25.09,39.49,24.21,78.08
23.42,23.42,36.58,23.59,76.76
20.21,20.21,38.02,34.89,77.20
16.80,16.80,43.94,52.07,78.04
15.39,15.39,51.20,62.60,78.80
15.42,15.42,52.18,73.37,76.40
17.43,17.43,55.89,80.86,77.88
18.44,18.44,51.56,81.66,76.04
17.41,17.41,49.44,80.68,75.33
17.80,17.80,46.07,79.51,76.07
18.54,18.54,43.95,78.14,76.85
16.95,16.95,42.07,78.66,77.11
15.01,15.01,45.49,78.92,76.45
18.34,18.34,49.04,79.28,76.36
18.84,18.84,49.85,78.30,77.19
19.68,19.68,43.45,77.16,75.75
17.69,17.69,40.86,76.92,75.39
24.33,24.33,47.44,76.44,75.75
24.46,24.46,47.59,75.35,75.08
20.12,20.12,40.04,76.21,75.57
21.41,21.41,40.27,75.66,76.65
22.97,22.97,40.91,73.82,75.63
23.98,23.98,40.28,70.60,74.80
23.13,23.13,41.34,73.79,76.73
23.58,23.58,40.27,72.60,75.07
23.83,23.83,40.64,69.79,75.23
22.25,22.25,39.56,69.15,76.76
22.85,22.85,40.13,69.44,76.39
20.81,20.81,39.41,71.42,78.23
21.29,21.29,40.58,70.62,77.20
21.09,21.09,40.87,66.99,75.91
36.20,36.20,55.08,68.40,76.92
29.49,29.49,46.21,64.89,75.76
25.60,25.60,42.65,69.52,76.99
23.49,23.49,40.96,69.80,79.43
24.01,24.01,41.18,65.69,77.91
21.43,21.43,38.04,61.75,77.79
20.46,20.46,37.45,60.99,77.99
19.26,19.26,37.32,66.32,77.46
19.28,19.28,37.90,66.88,76.03
18.72,18.72,37.34,64.27,77.14
20.63,20.63,37.38,60.18,76.45
20.11,20.11,36.91,61.01,76.56
19.85,19.85,38.23,56.79,75.46
27.11,27.11,47.31,59.01,75.54
33.48,33.48,54.32,57.59,75.28
28.67,28.67,48.48,56.77,75.39
26.86,26.86,46.01,58.27,74.69
24.94,24.94,43.45,60.60,73.41
23.22,23.22,41.29,60.26,75.30
23.07,23.07,40.55,59.62,75.67
21.38,21.38,39.89,59.71,74.78
21.08,21.08,38.15,60.60,75.92
19.36,19.36,38.58,60.84,74.82
18.27,18.27,36.84,60.38,74.04
20.33,20.33,38.70,60.73,74.52
19.27,19.27,38.05,61.08,76.18
18.43,18.43,38.79,58.49,75.57
24.55,24.55,44.24,58.31,76.55
22.34,22.34,42.32,59.36,75.06
21.14,21.14,42.22,56.73,77.21
21.66,21.66,40.47,57.42,77.44
21.11,21.11,40.78,58.06,75.88
20.50,20.50,39.53,57.34,75.70
21.77,21.77,39.74,57.53,76.10
19.92,19.92,38.31,57.94,77.14
22.02,22.02,38.53,58.67,77.59
22.69,22.69,38.59,59.43,77.46
24.27,24.27,40.13,57.74,75.90
22.60,22.60,38.82,56.17,75.84
22.41,22.41,37.60,57.95,76.72
23.87,23.87,37.96,58.36,75.94
22.55,22.55,39.09,53.63,78.37
22.04,22.04,39.02,53.53,80.03
21.57,21.57,38.49,54.72,79.96
20.01,20.01,38.60,53.92,78.16
18.44,18.44,37.30,56.54,76.52
19.82,19.82,37.68,54.67,76.22
21.05,21.05,37.79,54.15,75.06
21.57,21.57,35.07,55.34,75.43
22.72,22.72,34.92,52.76,76.46
24.74,24.74,35.58,52.81,76.00
28.53,28.53,37.52,53.49,77.21
27.25,27.25,36.95,50.55,77.87
21.74,21.74,38.12,53.26,75.73
20.03,20.03,45.85,59.49,76.13
16.96,16.96,54.98,72.54,75.54
16.91,16.91,53.49,83.22,73.82
17.30,17.30,51.17,84.23,75.53
16.46,16.46,48.26,85.12,77.70
15.77,15.77,48.02,81.73,75.63
15.46,15.46,47.26,82.50,75.13
18.12,18.12,44.75,82.93,76.51
18.26,18.26,44.72,82.94,77.41
16.19,16.19,43.57,82.51,74.52
17.23,17.23,42.26,78.66,75.52
19.74,19.74,42.75,81.28,77.72
17.20,17.20,46.23,79.60,73.87
14.73,14.73,45.75,81.11,74.69
17.00,17.00,53.55,80.29,75.39
16.58,16.58,51.78,78.50,77.48
16.80,16.80,50.26,79.68,78.54
16.91,16.91,49.41,79.40,78.37
17.06,17.06,48.92,79.73,78.54
14.41,14.41,46.03,77.14,78.37
15.83,15.83,46.21,79.43,77.72
17.63,17.63,45.64,78.51,78.04
18.55,18.55,46.09,78.47,77.92
18.66,18.66,44.50,78.02,77.42
18.41,18.41,42.26,77.25,78.52
16.30,16.30,41.69,79.10,77.80
18.07,18.07,41.21,76.20,79.47
22.07,22.07,45.44,77.85,80.49
30.43,30.43,53.72,76.86,77.91
24.44,24.44,46.98,75.02,79.23
21.23,21.23,43.33,75.89,78.03
16.86,16.86,41.58,74.79,80.63
15.97,15.97,41.83,74.19,78.68
16.00,16.00,40.17,72.10,80.89
15.13,15.13,38.93,73.78,80.14
16.24,16.24,38.52,72.18,76.75
18.63,18.63,39.45,73.05,77.86
18.66,18.66,39.11,72.25,79.52
18.49,18.49,39.04,69.62,79.37
17.65,17.65,38.56,72.54,79.55
17.57,17.57,39.20,70.39,78.54
31.87,31.87,49.42,72.85,80.75
28.99,28.99,48.85,69.98,79.28
23.41,23.41,44.36,70.97,80.73
20.45,20.45,42.96,71.01,79.77
20.06,20.06,41.53,69.29,79.39
19.79,19.79,40.53,70.16,78.19
19.17,19.17,40.03,70.67,78.77
18.32,18.32,37.75,70.87,78.67
18.94,18.94,37.77,66.61,79.39
18.24,18.24,37.58,69.06,77.55
17.18,17.18,35.65,67.85,76.63
16.72,16.72,36.54,67.35,76.52
16.57,16.57,36.99,66.15,76.83
17.98,17.98,38.94,67.60,78.70
23.44,23.44,46.69,68.48,78.13
22.21,22.21,45.09,64.51,77.01
20.23,20.23,41.21,69.72,78.31
18.94,18.94,36.97,68.29,77.87
18.97,18.97,36.68,68.10,77.72
18.39,18.39,37.52,68.07,76.59
16.87,16.87,34.74,66.84,75.05
17.59,17.59,34.40,69.01,75.26
20.65,20.65,35.84,68.98,74.45
18.82,18.82,36.23,71.03,74.89
16.87,16.87,33.60,68.72,74.75
19.07,19.07,34.66,69.58,74.92
16.82,16.82,35.65,69.52,74.70
20.50,20.50,39.56,69.75,75.96
23.97,23.97,43.69,69.58,77.13
19.98,19.98,40.12,68.98,78.03
21.66,21.66,38.44,70.29,78.19
18.41,18.41,35.92,68.20,77.65
19.78,19.78,36.21,70.18,78.60
17.94,17.94,35.28,69.43,77.73
18.24,18.24,35.30,68.06,76.23
18.37,18.37,35.75,69.01,77.83
17.72,17.72,35.02,68.09,75.85
18.18,18.18,34.77,64.72,76.44
16.21,16.21,34.12,53.75,77.15
17.07,17.07,34.29,48.72,78.04
13.85,13.85,37.99,50.49,77.37
28.08,28.08,46.99,59.52,77.83
33.72,33.72,54.31,76.26,76.90
32.59,32.59,51.91,75.45,75.94
31.40,31.40,50.77,81.24,76.74
30.36,30.36,48.88,85.11,76.55
28.77,28.77,44.88,84.09,74.26
26.02,26.02,43.26,84.41,76.10
24.31,24.31,41.71,81.46,75.44
24.23,24.23,40.81,81.24,74.69
23.86,23.86,42.31,80.59,76.46
24.03,24.03,38.51,78.18,76.55
25.77,25.77,39.20,79.04,74.84
29.85,29.85,40.96,79.26,74.64
32.22,32.22,44.05,78.50,75.48
32.52,32.52,50.09,78.32,74.79
31.38,31.38,48.57,80.38,74.26
32.24,32.24,49.18,80.22,75.33
33.68,33.68,48.87,78.04,74.40
35.83,35.83,48.20,78.81,75.31
36.15,36.15,47.00,79.56,73.94
35.91,35.91,45.84,77.54,74.05
34.52,34.52,44.39,77.66,74.41
33.00,33.00,44.18,77.65,74.39
30.58,30.58,43.22,77.26,74.27
28.55,28.55,42.03,76.33,73.85
23.59,23.59,41.61,78.17,73.93
21.57,21.57,44.33,77.30,72.83
24.40,24.40,48.02,75.81,73.97
30.67,30.67,52.64,76.82,77.83
26.25,26.25,44.39,77.41,79.34
26.14,26.14,42.35,75.18,79.35
25.07,25.07,40.17,75.69,80.50
24.97,24.97,39.41,74.71,80.01
26.06,26.06,38.97,75.81,80.86
26.68,26.68,38.54,73.91,80.04
29.17,29.17,37.40,75.46,79.73
25.14,25.14,36.30,73.36,79.55
22.14,22.14,35.83,72.39,78.05
23.48,23.48,36.70,74.88,78.66
23.52,23.52,38.29,74.56,77.22
21.90,21.90,37.76,72.43,78.93
34.89,34.89,53.06,73.33,79.59
29.86,29.86,47.82,73.95,79.39
25.20,25.20,43.73,72.46,79.48
25.48,25.48,44.16,72.09,77.27
24.26,24.26,40.44,72.12,77.41
24.14,24.14,39.12,71.12,77.87
24.15,24.15,36.91,70.77,76.69
28.27,28.27,38.30,71.85,74.53
28.32,28.32,37.36,70.71,74.50
25.44,25.44,34.15,66.31,75.04
23.31,23.31,32.16,68.23,73.76
21.32,21.32,30.71,69.84,72.61
21.50,21.50,31.44,67.42,71.88
25.21,25.21,38.32,67.79,72.09
37.37,37.37,55.40,67.16,75.43
32.61,32.61,51.68,64.60,77.55
28.11,28.11,46.92,64.97,77.44
26.46,26.46,43.42,66.64,77.29
25.98,25.98,42.49,66.33,75.95
24.87,24.87,40.80,65.52,77.01
27.39,27.39,41.70,66.55,76.82
28.48,28.48,42.25,65.14,79.12
26.88,26.88,40.54,61.17,78.77
24.24,24.24,40.75,63.77,78.11
21.26,21.26,38.38,62.70,76.82
22.08,22.08,38.20,61.88,76.72
23.06,23.06,38.87,62.92,78.24
25.24,25.24,39.80,63.68,78.73
25.11,25.11,40.88,59.96,77.71
22.29,22.29,40.64,59.85,79.11
22.44,22.44,42.59,59.63,78.45
20.74,20.74,41.05,62.54,78.19
20.47,20.47,38.44,58.95,76.85
21.80,21.80,36.70,60.27,78.86
22.00,22.00,36.75,57.12,79.35
22.53,22.53,35.96,57.07,78.48
21.04,21.04,35.90,56.25,77.22
17.81,17.81,33.06,54.87,73.98
15.71,15.71,33.33,52.78,74.48
15.61,15.61,34.92,51.41,76.04
15.56,15.56,36.35,55.86,73.41
33.88,33.88,53.41,59.34,73.50
32.87,32.87,54.99,75.29,73.85
26.68,26.68,52.69,83.64,72.61
25.04,25.04,47.13,83.42,73.75
21.32,21.32,47.71,85.79,72.77
19.38,19.38,45.74,79.52,73.90
19.11,19.11,44.25,79.90,72.47
19.66,19.66,44.57,80.34,71.98
18.59,18.59,44.28,79.02,72.62
19.56,19.56,45.04,83.72,71.41
21.49,21.49,43.99,80.96,73.43
22.64,22.64,44.61,82.66,72.56
24.45,24.45,44.77,79.53,72.90
27.60,27.60,48.43,78.48,74.52
34.99,34.99,54.40,80.29,74.29
29.47,29.47,47.56,79.81,74.23
27.96,27.96,46.19,80.60,74.76
25.65,25.65,45.25,79.90,72.27
25.67,25.67,46.10,79.26,74.59
29.98,29.98,47.78,80.08,73.53
32.78,32.78,48.03,77.54,74.69
28.60,28.60,46.17,79.51,76.17
22.97,22.97,43.76,77.72,77.49
19.71,19.71,43.86,78.81,76.21
19.85,19.85,45.40,78.01,73.41
20.64,20.64,45.95,77.08,73.30
23.96,23.96,44.75,78.34,74.11
25.93,25.93,51.93,76.26,74.76
29.91,29.91,52.61,77.60,77.23
31.73,31.73,49.31,76.44,79.20
32.34,32.34,47.50,76.43,79.31
30.18,30.18,45.23,76.31,79.54
28.18,28.18,43.89,74.68,77.62
23.54,23.54,41.54,76.37,76.05
25.97,25.97,41.47,74.79,76.03
33.44,33.44,44.47,73.82,75.01
35.65,35.65,44.72,73.73,75.05
34.57,34.57,44.82,73.05,76.75
33.56,33.56,44.40,73.19,75.53
28.94,28.94,42.11,70.70,75.44
26.49,26.49,43.64,72.34,75.19
30.27,30.27,47.86,70.96,74.04
29.50,29.50,46.48,68.09,75.12
27.89,27.89,44.58,68.60,74.49
26.03,26.03,42.97,66.17,73.70
25.60,25.60,42.96,66.83,73.92
30.78,30.78,42.39,63.74,75.33
33.59,33.59,43.33,66.19,73.21
32.44,32.44,41.67,67.25,74.89
30.93,30.93,42.53,65.29,76.53
28.91,28.91,42.15,64.88,74.61
31.85,31.85,43.53,62.36,74.12
30.63,30.63,43.17,62.57,72.55
28.96,28.96,42.59,63.30,75.10
27.09,27.09,45.09,59.75,74.00
28.01,28.01,46.68,59.90,76.27
28.46,28.46,45.80,58.64,75.04
28.14,28.14,45.07,57.75,74.55
27.58,27.58,43.59,56.40,76.67
26.67,26.67,44.16,58.11,76.97
23.23,23.23,43.74,56.50,76.31
25.56,25.56,44.22,59.27,74.63
25.90,25.90,44.30,56.85,73.93
26.73,26.73,45.69,58.21,74.38
24.41,24.41,45.23,58.57,74.94
25.58,25.58,44.06,57.68,74.46
25.31,25.31,44.07,60.16,74.18
24.73,24.73,43.38,56.27,74.27
24.78,24.78,44.54,59.04,77.26
23.39,23.39,42.78,58.94,78.17
21.80,21.80,41.98,58.81,78.18
24.39,24.39,41.51,57.21,77.16
24.66,24.66,43.22,59.91,77.07
24.56,24.56,42.77,58.62,77.09
24.05,24.05,42.41,50.17,76.58
21.60,21.60,40.59,39.27,76.49
27.11,27.11,41.42,32.69,77.67
28.30,28.30,42.53,37.46,77.54
26.32,26.32,42.09,35.74,76.71
21.38,21.38,39.99,37.77,77.95
19.78,19.78,41.48,42.59,76.68
20.67,20.67,42.51,52.07,78.26
24.45,24.45,49.07,61.38,77.85
23.97,23.97,54.06,77.60,76.72
21.16,21.16,54.31,84.29,76.55
20.93,20.93,47.86,83.69,76.30
24.06,24.06,49.32,81.45,76.50
26.46,26.46,49.16,80.99,78.57
24.34,24.34,47.90,79.83,79.13
26.33,26.33,48.75,83.46,80.85
23.95,23.95,46.81,81.97,79.10
22.68,22.68,45.28,77.79,77.85
20.72,20.72,47.29,78.18,76.62
19.76,19.76,45.86,79.60,77.12
17.84,17.84,44.90,80.19,77.31
20.26,20.26,45.87,76.36,75.89
22.62,22.62,45.01,79.60,79.37
23.51,23.51,45.59,78.32,77.20
22.81,22.81,44.41,75.84,80.02
22.30,22.30,43.99,78.29,77.17
20.27,20.27,43.08,77.53,75.79
20.86,20.86,43.57,77.96,75.83
22.70,22.70,45.47,74.94,76.52
21.95,21.95,45.21,79.14,77.96
17.56,17.56,41.05,78.21,77.09
19.09,19.09,42.60,76.46,76.42
20.95,20.95,43.66,76.38,77.54
22.45,22.45,44.49,75.93,77.74
25.38,25.38,44.91,76.39,77.65
34.72,34.72,46.33,74.75,78.17
33.83,33.83,45.89,75.79,80.36
23.58,23.58,43.39,73.27,79.66
28.81,28.81,46.32,74.30,79.01
30.34,30.34,44.55,72.70,79.07
32.46,32.46,43.74,72.75,79.48
29.79,29.79,43.91,73.34,79.88
29.70,29.70,43.49,70.05,78.40
26.54,26.54,44.26,71.75,79.28
25.63,25.63,44.60,70.40,79.97
24.64,24.64,44.93,70.89,78.85
25.07,25.07,45.67,69.85,78.42
25.43,25.43,44.17,68.76,78.72
24.49,24.49,45.64,69.98,80.15
26.92,26.92,47.20,69.39,78.55
29.56,29.56,45.22,70.99,79.01
23.39,23.39,44.21,67.85,79.32
26.98,26.98,45.17,69.82,77.70
28.94,28.94,44.27,69.46,78.99
30.92,30.92,46.53,66.93,77.97
26.36,26.36,45.10,68.56,78.16
24.52,24.52,45.27,69.05,78.37
22.71,22.71,44.02,68.28,79.23
23.86,23.86,43.78,64.20,78.29
25.48,25.48,45.97,66.73,78.53
20.78,20.78,43.02,64.87,76.91
26.82,26.82,42.74,65.20,76.65
25.24,25.24,46.19,64.83,77.21
26.91,26.91,47.99,66.78,77.02
25.49,25.49,45.38,67.92,76.45
24.61,24.61,44.27,65.45,76.90
24.89,24.89,42.61,69.11,77.31
24.86,24.86,42.20,66.83,76.71
22.60,22.60,41.11,66.76,75.15
22.73,22.73,41.45,67.49,77.05
22.87,22.87,40.31,67.25,75.89
20.82,20.82,37.66,68.38,73.90
21.18,21.18,35.76,68.00,73.28
20.64,20.64,34.35,69.13,74.96
20.08,20.08,33.84,66.50,73.01
21.18,21.18,37.15,68.65,74.60
42.70,42.70,53.47,68.82,75.13
37.25,37.25,47.00,68.24,76.16
33.37,33.37,41.90,68.20,77.36
31.46,31.46,39.73,67.52,78.68
30.77,30.77,39.33,68.76,78.45
29.27,29.27,38.70,66.97,79.01
29.08,29.08,38.48,68.20,78.35
27.92,27.92,37.36,67.73,77.43
28.45,28.45,35.75,64.96,77.64
27.31,27.31,34.02,64.66,77.08
25.72,25.72,33.53,59.33,77.21
25.86,25.86,35.58,48.14,78.06
23.46,23.46,38.56,47.87,77.68
18.85,18.85,39.81,47.35,75.81
27.68,27.68,51.15,65.27,76.34
30.96,30.96,53.84,77.16,78.13
22.41,22.41,45.90,77.96,76.21
19.95,19.95,42.53,81.21,79.16
21.63,21.63,44.56,79.05,76.84
22.04,22.04,44.34,78.94,75.31
22.17,22.17,42.09,75.92,76.87
23.41,23.41,41.20,72.66,75.15
22.55,22.55,40.09,65.56,74.51
23.76,23.76,40.09,71.85,73.21
23.82,23.82,39.87,74.85,73.27
22.94,22.94,39.32,75.90,71.53
23.87,23.87,41.64,76.32,74.06
36.11,36.11,50.04,75.28,75.96
26.52,26.52,41.16,73.72,76.14
27.50,27.50,40.25,72.50,76.62
28.01,28.01,40.43,65.82,76.14
27.50,27.50,40.01,56.27,76.12
25.85,25.85,37.04,61.64,75.74
25.16,25.16,37.84,64.83,74.76
24.76,24.76,36.84,68.55,75.09
24.62,24.62,37.64,69.99,75.71
24.68,24.68,39.19,71.37,74.50
23.37,23.37,36.76,70.78,74.40
27.45,27.45,36.85,70.22,75.22
28.45,28.45,37.48,69.59,75.51
33.09,33.09,46.60,67.11,75.38
34.58,34.58,52.99,66.88,78.18
31.82,31.82,47.71,63.04,77.80
27.57,27.57,42.84,60.57,79.43
25.28,25.28,42.39,58.74,79.48
25.29,25.29,40.85,55.27,80.04
23.69,23.69,39.59,56.51,78.27
22.96,22.96,38.42,59.11,77.83
24.08,24.08,36.60,60.04,78.44
23.80,23.80,36.31,59.93,77.84
21.34,21.34,37.20,60.61,77.40
18.56,18.56,37.97,57.29,75.72
17.70,17.70,36.91,51.76,75.90
19.14,19.14,35.56,41.62,75.11
17.10,17.10,35.34,43.49,75.62
19.21,19.21,41.79,50.93,74.80
17.48,17.48,41.94,49.37,75.67
16.19,16.19,38.00,48.70,74.85
15.85,15.85,35.60,49.09,74.52
19.84,19.84,37.43,44.95,74.56
17.30,17.30,37.84,39.94,72.66
18.84,18.84,38.93,37.18,74.17
19.73,19.73,39.64,39.86,74.79
21.35,21.35,39.92,38.17,74.61
19.32,19.32,42.82,42.99,73.83
19.67,19.67,38.33,40.89,73.77
21.53,21.53,39.32,36.45,73.44
20.17,20.17,40.58,38.86,75.54
18.79,18.79,40.84,35.73,74.63
20.95,20.95,41.44,37.61,77.32
17.59,17.59,40.79,36.74,76.48
14.74,14.74,40.04,35.70,76.37
12.82,12.82,40.38,36.03,75.89
16.46,16.46,41.14,36.19,76.18
19.37,19.37,41.99,38.10,77.90
18.56,18.56,40.73,33.93,77.33
19.15,19.15,39.05,37.21,77.18
21.60,21.60,40.26,38.41,78.44
23.23,23.23,38.16,34.55,77.40
24.80,24.80,42.86,38.13,78.54
22.05,22.05,42.79,37.43,76.15
15.98,15.98,38.74,35.73,77.97
14.29,14.29,41.64,35.61,78.51
12.06,12.06,41.24,35.50,78.64
16.30,16.30,40.51,29.33,79.04
20.43,20.43,38.59,30.14,79.37
21.49,21.49,42.62,26.50,79.76
21.44,21.44,45.10,31.81,81.44
22.10,22.10,42.05,27.44,81.07
22.51,22.51,43.89,27.63,80.78
21.17,21.17,39.03,28.56,79.81
20.91,20.91,41.05,32.49,80.55
25.12,25.12,46.26,31.39,81.47
27.75,27.75,49.54,34.03,81.29
26.56,26.56,44.42,42.45,80.93
26.96,26.96,45.88,50.67,81.05
27.74,27.74,47.20,70.11,84.58
30.28,30.28,48.37,76.79,83.53
30.32,30.32,49.68,79.37,84.25
30.16,30.16,46.06,78.20,83.80
27.89,27.89,49.03,77.98,83.86
26.68,26.68,44.27,75.70,82.02
26.95,26.95,43.67,70.95,81.94
24.98,24.98,41.76,64.96,82.18
22.44,22.44,44.12,70.72,83.01
20.73,20.73,41.32,71.91,82.54
21.90,21.90,42.90,75.31,79.44
22.68,22.68,42.64,74.51,79.18
24.48,24.48,44.20,74.97,78.87
21.34,21.34,42.17,73.53,76.49
13.22,13.22,39.02,71.73,78.06
12.48,12.48,39.88,64.89,77.37
15.07,15.07,39.87,57.48,78.73
16.29,16.29,37.20,59.36,77.94
14.15,14.15,41.83,64.51,77.28
15.13,15.13,39.67,69.33,76.65
19.29,19.29,43.84,69.38,76.66
22.43,22.43,40.18,71.09,75.52
22.33,22.33,41.29,70.18,75.38
21.63,21.63,42.00,70.23,77.27
20.36,20.36,40.71,69.70,77.28
19.14,19.14,42.88,67.56,76.71
18.58,18.58,40.87,67.14,77.67
19.67,19.67,41.02,62.12,77.27
20.26,20.26,41.84,60.21,76.59
18.38,18.38,42.40,54.02,77.88
18.19,18.19,40.69,47.17,77.36
21.42,21.42,41.05,52.18,77.49
19.76,19.76,39.78,57.07,76.98
13.80,13.80,40.49,59.23,76.72
12.52,12.52,38.98,57.54,76.34
13.83,13.83,38.80,59.52,76.75
15.20,15.20,39.27,55.40,75.62
15.02,15.02,39.54,53.73,75.99
11.94,11.94,39.59,46.85,77.56
13.38,13.38,42.12,42.09,77.90
13.53,13.53,41.10,50.26,78.49
18.28,18.28,42.34,48.80,77.00
19.68,19.68,41.85,46.76,76.11
17.23,17.23,41.79,49.03,76.48
14.82,14.82,42.95,45.66,77.23
14.81,14.81,38.99,36.83,77.06
16.15,16.15,38.37,35.27,75.99
14.83,14.83,40.12,42.31,75.68
15.39,15.39,40.82,41.43,75.85
14.74,14.74,40.83,36.05,75.42
16.11,16.11,42.67,41.58,74.92
19.58,19.58,42.36,42.06,74.79
19.44,19.44,40.88,35.51,74.91
16.23,16.23,41.89,31.69,75.25
15.80,15.80,40.97,34.64,74.30
18.64,18.64,39.50,33.39,74.23
20.11,20.11,42.78,39.32,76.04
15.97,15.97,40.97,38.39,75.65
16.16,16.16,41.13,38.19,76.23
20.53,20.53,42.79,39.94,76.31
22.07,22.07,40.50,37.94,75.60
21.92,21.92,45.82,38.22,76.13
20.28,20.28,42.02,37.79,72.28
20.88,20.88,39.23,37.16,72.60
25.03,25.03,42.95,36.72,71.11
25.89,25.89,40.88,34.36,71.74
24.33,24.33,39.39,38.73,73.41
22.82,22.82,38.04,46.24,73.32
21.56,21.56,42.89,50.29,76.16
20.83,20.83,41.44,48.73,78.79
19.96,19.96,35.07,45.76,81.01
21.15,21.15,37.63,45.82,82.00
19.68,19.68,38.74,40.98,82.46
19.03,19.03,38.74,45.24,80.40
20.03,20.03,42.73,39.10,79.10
20.34,20.34,45.91,37.41,79.03
24.77,24.77,46.93,36.74,78.13
28.12,28.12,47.69,35.80,77.74
26.45,26.45,45.53,37.06,77.49
22.69,22.69,41.67,39.70,78.03
18.90,18.90,39.37,45.79,77.49
27.63,27.63,48.40,61.53,76.99
29.94,29.94,50.92,80.62,82.66
26.30,26.30,46.65,81.41,83.87
26.12,26.12,43.82,78.04,83.55
26.60,26.60,44.33,70.69,83.57
26.79,26.79,46.94,73.48,82.72
27.74,27.74,41.72,75.39,82.16
28.03,28.03,39.13,72.36,79.58
28.29,28.29,38.77,68.51,75.91
27.95,27.95,37.68,65.12,73.07
28.95,28.95,36.39,68.96,71.28
28.70,28.70,35.24,71.28,70.33
28.43,28.43,36.70,68.88,72.70
28.51,28.51,37.04,64.61,73.59
45.05,45.05,54.63,65.30,75.01
38.02,38.02,46.46,62.97,74.66
35.02,35.02,40.95,66.90,74.90
32.93,32.93,38.35,69.02,75.04
32.95,32.95,38.41,63.49,74.62
31.63,31.63,35.67,66.98,74.98
31.80,31.80,35.80,65.00,74.86
30.90,30.90,34.79,60.54,73.59
29.06,29.06,32.18,64.83,73.00
29.13,29.13,31.88,65.86,72.66
27.32,27.32,30.37,65.65,71.70
23.79,23.79,28.74,64.55,72.47
21.64,21.64,31.49,66.13,70.07
27.36,27.36,43.16,60.27,71.44
35.59,35.59,54.31,60.60,78.58
33.62,33.62,49.57,58.76,80.38
32.92,32.92,46.78,59.73,80.98
31.98,31.98,45.31,61.56,81.89
30.76,30.76,43.05,60.96,80.05
31.31,31.31,42.35,61.25,80.87
31.11,31.11,39.91,56.75,79.13
31.40,31.40,38.85,60.24,77.31
30.05,30.05,36.31,59.70,76.74
28.38,28.38,34.79,56.03,75.18
28.45,28.45,33.89,55.22,75.34
27.79,27.79,33.69,53.28,74.82
26.85,26.85,35.86,51.49,75.40
38.88,38.88,45.54,52.22,76.26
38.20,38.20,44.78,52.74,77.15
33.41,33.41,40.48,51.44,76.47
32.01,32.01,38.60,47.40,76.36
31.33,31.33,37.98,49.12,75.56
29.89,29.89,36.59,49.62,75.24
29.76,29.76,35.52,52.72,75.03
28.34,28.34,34.41,52.65,74.81
28.04,28.04,33.65,48.36,74.01
28.95,28.95,31.83,46.83,73.23
26.06,26.06,30.94,48.35,72.27
24.73,24.73,30.75,50.20,72.69
23.66,23.66,29.67,48.05,72.61
22.06,22.06,34.36,46.39,72.98
37.30,37.30,55.29,45.73,72.15
33.58,33.58,49.90,47.82,71.16
32.22,32.22,44.90,49.23,72.13
32.37,32.37,43.21,44.52,72.91
29.72,29.72,38.85,47.71,71.79
27.38,27.38,37.14,44.71,71.83
26.61,26.61,35.52,45.00,70.73
26.30,26.30,36.93,47.38,70.71
25.24,25.24,35.29,47.59,68.71
26.06,26.06,33.77,45.72,70.17
25.85,25.85,32.73,45.27,68.94
23.33,23.33,36.62,44.44,70.35
22.73,22.73,36.58,48.38,71.28
30.92,30.92,47.38,46.96,71.47
39.42,39.42,53.33,45.82,71.96
33.01,33.01,44.78,44.38,71.33
33.71,33.71,43.04,45.65,71.72
33.44,33.44,40.22,46.40,72.01
31.03,31.03,37.01,46.40,72.30
27.62,27.62,35.79,47.77,71.44
31.27,31.27,44.64,50.21,73.19
32.95,32.95,49.57,55.82,81.73
32.58,32.58,48.25,52.14,81.63
32.78,32.78,47.25,50.99,78.50
32.07,32.07,45.66,45.08,78.05
29.68,29.68,44.56,51.33,78.64
25.78,25.78,44.90,55.65,77.39
27.26,27.26,53.88,63.48,79.15
27.75,27.75,54.49,83.27,81.36
27.87,27.87,52.62,81.80,82.51
27.02,27.02,51.69,71.66,81.54
25.44,25.44,49.84,77.05,82.53
25.15,25.15,49.74,79.38,80.85
24.90,24.90,49.46,76.97,80.13
25.70,25.70,48.54,72.39,77.31
27.74,27.74,48.17,79.99,76.22
29.42,29.42,46.58,80.60,74.25
29.90,29.90,45.85,77.23,74.80
30.45,30.45,44.87,77.39,74.05
29.23,29.23,42.20,80.01,74.51
29.43,29.43,42.51,76.27,73.84
42.37,42.37,54.28,75.33,74.44
39.29,39.29,48.79,76.80,75.34
36.65,36.65,44.54,73.87,74.47
37.21,37.21,44.44,74.16,75.37
39.14,39.14,45.54,72.78,75.08
41.48,41.48,44.20,72.71,72.60
41.45,41.45,42.48,73.45,73.71
40.35,40.35,40.31,69.65,71.55
40.41,40.41,39.60,72.03,71.19
40.44,40.44,38.90,71.35,71.23
38.45,38.45,37.51,69.83,70.32
35.65,35.65,37.20,72.93,71.78
36.13,36.13,39.06,72.17,71.87
37.39,37.39,45.43,72.20,76.34
36.65,36.65,49.89,72.57,81.42
31.29,31.29,46.09,70.96,79.65
29.78,29.78,44.96,73.52,76.90
29.67,29.67,43.29,71.66,76.25
29.11,29.11,41.77,71.42,75.95
27.91,27.91,39.82,71.92,75.10
27.51,27.51,38.06,70.26,76.34
28.40,28.40,37.77,71.69,76.67
29.51,29.51,36.64,70.37,75.39
29.58,29.58,35.56,68.43,75.08
29.38,29.38,34.52,70.54,74.98
30.51,30.51,35.87,68.62,75.86
30.70,30.70,36.27,70.53,74.90
43.31,43.31,54.47,70.07,77.37
41.61,41.61,51.86,68.71,77.51
37.94,37.94,45.62,70.58,75.75
36.31,36.31,43.70,70.49,75.92
36.88,36.88,43.45,69.71,75.73
33.92,33.92,38.94,70.76,77.09
33.80,33.80,38.02,68.51,75.99
32.25,32.25,36.00,70.11,75.09
31.41,31.41,34.21,68.41,76.19
31.19,31.19,33.78,67.90,74.86
29.75,29.75,31.74,68.38,76.11
29.66,29.66,30.54,65.01,74.29
31.07,31.07,30.62,67.00,73.88
31.76,31.76,40.79,67.28,73.43
41.38,41.38,56.01,66.24,70.60
36.17,36.17,48.53,67.77,70.60
34.95,34.95,44.34,65.83,69.30
35.14,35.14,41.96,66.66,69.57
35.58,35.58,41.91,67.52,69.29
37.64,37.64,37.62,64.49,68.47
39.71,39.71,35.01,66.38,68.00
39.35,39.35,34.44,64.69,67.74
40.51,40.51,33.40,63.29,69.29
40.57,40.57,31.69,64.84,69.11
38.52,38.52,30.94,59.83,66.95
35.70,35.70,32.87,63.64,67.68
30.72,30.72,35.99,63.44,67.73
40.10,40.10,50.49,58.94,72.30
45.85,45.85,56.15,61.73,75.29
40.92,40.92,48.02,60.00,72.58
40.50,40.50,45.49,59.06,75.39
41.59,41.59,44.48,59.77,74.70
42.11,42.11,43.35,57.83,73.24
40.93,40.93,41.24,59.63,74.99
39.88,39.88,39.08,59.27,75.48
39.30,39.30,37.88,57.02,71.68
37.85,37.85,34.90,59.28,73.04
37.33,37.33,33.53,56.67,73.83
36.16,36.16,33.31,57.76,72.19
34.98,34.98,37.62,58.40,70.94
35.58,35.58,45.05,57.50,74.22
40.86,40.86,57.67,72.92,74.02
33.13,33.13,52.99,86.75,72.52
31.51,31.51,47.00,83.15,72.30
34.51,34.51,44.71,79.57,76.37
36.49,36.49,42.30,72.72,72.55
36.46,36.46,41.64,75.71,78.10
36.77,36.77,39.96,74.49,73.09
36.54,36.54,38.38,75.53,73.74
36.39,36.39,36.98,68.46,74.58
35.61,35.61,35.38,62.15,70.84
34.78,34.78,34.52,70.86,74.71
33.28,33.28,33.23,70.58,68.63
33.08,33.08,36.17,68.80,75.20
36.49,36.49,41.75,71.23,72.47
48.02,48.02,52.56,60.01,73.37
38.87,38.87,42.40,67.66,72.96
38.00,38.00,40.95,68.10,72.83
35.29,35.29,38.50,70.23,72.29
32.93,32.93,36.76,68.77,71.80
31.72,31.72,36.32,66.91,71.91
31.90,31.90,35.05,63.96,71.47
30.33,30.33,32.88,64.40,70.43
29.76,29.76,31.99,64.75,70.07
28.08,28.08,30.15,69.66,68.95
26.91,26.91,28.27,66.81,68.33
23.21,23.21,26.10,65.84,68.70
23.03,23.03,30.69,64.35,65.54
31.71,31.71,50.72,59.26,73.35
29.85,29.85,52.00,60.19,81.62
27.61,27.61,46.80,65.89,81.58
29.86,29.86,44.92,65.59,82.09
30.92,30.92,42.10,64.92,81.81
32.25,32.25,40.05,62.95,80.64
33.10,33.10,38.58,58.50,80.58
33.45,33.45,36.43,54.23,78.04
32.77,32.77,33.73,63.09,76.05
32.00,32.00,31.71,63.70,75.87
31.44,31.44,30.87,60.30,73.68
30.49,30.49,30.26,55.11,74.85
31.04,31.04,31.70,52.76,74.65
32.55,32.55,36.17,55.16,75.43
41.94,41.94,45.10,54.95,77.00
37.80,37.80,40.79,56.12,76.76
34.24,34.24,37.37,48.12,77.08
34.10,34.10,35.62,47.72,76.11
34.13,34.13,35.04,52.39,76.16
33.60,33.60,34.91,55.19,76.69
32.32,32.32,34.07,50.34,76.60
31.67,31.67,31.63,46.31,75.51
29.96,29.96,34.29,45.99,75.07
29.06,29.06,31.73,45.91,74.38
27.29,27.29,30.25,44.46,74.14
23.97,23.97,30.04,45.66,73.52
20.02,20.02,30.13,46.55,72.89
28.12,28.12,42.92,45.42,74.85
32.08,32.08,53.15,51.13,75.86
30.41,30.41,48.20,51.59,76.54
31.14,31.14,46.25,47.38,76.18
32.31,32.31,44.15,51.64,77.05
33.16,33.16,42.52,51.14,75.74
33.13,33.13,41.21,50.91,76.20
31.99,31.99,40.06,55.18,76.30
31.50,31.50,38.90,58.54,74.66
30.21,30.21,38.13,51.11,74.38
28.73,28.73,38.90,51.54,73.56
28.29,28.29,36.56,49.16,72.86
25.69,25.69,39.12,51.19,72.92
22.89,22.89,38.21,49.25,72.03
41.00,41.00,53.81,45.90,73.02
36.63,36.63,48.74,49.08,73.82
34.12,34.12,43.58,47.78,73.92
32.06,32.06,41.02,47.87,74.34
31.03,31.03,40.31,46.40,72.98
28.65,28.65,39.06,46.74,72.88
24.98,24.98,42.47,49.85,71.63
37.17,37.17,50.90,57.24,76.62
33.32,33.32,49.58,60.35,82.42
32.25,32.25,49.06,57.71,79.63
32.31,32.31,47.95,54.62,76.66
33.36,33.36,48.61,51.51,77.49
29.77,29.77,47.95,54.21,76.80
28.33,28.33,50.21,58.76,77.33
29.90,29.90,58.14,68.67,80.94
30.68,30.68,58.03,77.46,84.22
31.74,31.74,54.89,84.18,80.28
31.61,31.61,53.01,85.80,79.39
31.41,31.41,51.85,84.28,80.06
31.12,31.12,51.28,82.90,80.21
30.11,30.11,49.81,80.29,78.27
28.20,28.20,49.55,78.02,76.43
27.46,27.46,48.33,73.66,73.76
27.86,27.86,46.31,75.35,72.95
26.48,26.48,45.61,79.48,74.62
21.59,21.59,45.70,80.97,74.37
21.04,21.04,40.46,83.61,73.32
32.76,32.76,50.18,83.29,72.43
40.84,40.84,56.54,81.94,72.20
34.93,34.93,49.10,79.64,71.47
34.93,34.93,47.29,74.25,72.82
37.09,37.09,47.60,67.44,74.55
39.44,39.44,46.65,70.07,72.57
40.21,40.21,45.59,75.39,74.13
38.85,38.85,42.92,78.87,71.57
37.96,37.96,41.65,79.20,72.30
37.96,37.96,39.35,79.11,69.84
38.98,38.98,38.85,78.11,70.61
36.89,36.89,36.99,76.07,70.83
32.88,32.88,36.54,76.93,68.84
34.33,34.33,38.67,73.48,72.83
40.06,40.06,51.57,69.41,76.34
37.55,37.55,47.75,65.99,86.67
35.48,35.48,43.39,64.57,89.21
34.78,34.78,42.42,59.05,87.18
35.15,35.15,42.70,63.47,86.12
33.51,33.51,40.68,68.85,86.38
33.54,33.54,39.20,71.17,86.28
33.44,33.44,38.27,71.40,85.86
33.61,33.61,37.49,71.49,85.22
32.65,32.65,37.85,68.36,85.48
31.59,31.59,37.14,63.70,85.10
31.21,31.21,38.43,61.49,84.97
29.01,29.01,38.65,60.70,83.70
31.33,31.33,42.57,62.24,83.28
41.13,41.13,56.20,64.81,81.96
37.96,37.96,49.98,64.93,80.65
36.32,36.32,46.35,65.59,80.11
35.95,35.95,45.10,63.39,79.66
35.19,35.19,42.12,62.65,79.93
33.13,33.13,38.53,59.81,79.15
32.99,32.99,37.39,56.40,78.09
32.28,32.28,36.44,52.68,77.32
29.86,29.86,33.07,56.65,75.98
28.04,28.04,31.96,56.56,75.70
26.92,26.92,32.54,56.70,73.88
25.41,25.41,33.86,55.54,74.55
23.90,23.90,36.01,56.86,73.95
35.75,35.75,51.32,53.68,72.34
39.51,39.51,54.67,53.94,71.55
35.21,35.21,46.70,53.23,71.17
35.00,35.00,44.89,53.39,70.44
34.26,34.26,42.54,53.30,71.33
32.21,32.21,39.84,54.84,71.28
32.11,32.11,39.24,53.23,70.56
28.71,28.71,36.69,53.14,69.48
28.94,28.94,35.46,52.99,69.38
30.40,30.40,34.76,50.92,69.54
29.24,29.24,34.74,50.71,70.44
28.47,28.47,34.26,50.22,68.88
29.08,29.08,35.54,50.97,69.11
27.05,27.05,37.34,49.07,70.69
43.87,43.87,58.33,48.86,73.35
42.84,42.84,54.78,47.94,74.54
39.39,39.39,47.99,45.03,75.04
40.32,40.32,46.54,46.47,73.23
41.03,41.03,45.49,41.92,74.05
42.05,42.05,45.01,42.89,75.31
40.92,40.92,42.43,41.67,75.78
39.81,39.81,40.67,42.54,72.88
37.40,37.40,39.00,41.15,75.20
35.19,35.19,39.96,40.97,74.16
33.83,33.83,36.73,42.19,71.64
32.48,32.48,37.00,45.30,73.44
34.92,34.92,42.78,50.95,74.08
35.49,35.49,50.60,54.06,71.31
37.22,37.22,57.89,75.83,76.36
30.44,30.44,49.76,83.71,72.38
31.61,31.61,47.46,83.32,74.64
34.57,34.57,45.49,73.43,76.09
34.80,34.80,44.62,72.62,74.35
34.08,34.08,42.51,75.16,76.95
34.40,34.40,40.92,76.89,72.45
34.71,34.71,39.69,73.87,74.94
35.37,35.37,38.79,65.53,71.90
34.38,34.38,36.49,66.51,73.47
33.34,33.34,35.60,68.52,74.25
33.03,33.03,36.05,72.12,71.32
30.59,30.59,35.37,67.47,76.42
42.91,42.91,50.84,65.59,73.16
41.67,41.67,50.53,62.94,74.53
37.60,37.60,44.40,67.38,70.67
38.29,38.29,44.00,67.87,74.32
36.38,36.38,41.37,70.79,70.66
34.45,34.45,38.46,68.83,71.87
33.33,33.33,37.09,63.18,71.63
31.77,31.77,35.23,63.08,69.83
30.75,30.75,33.42,62.88,70.15
29.97,29.97,32.72,65.91,69.66
28.45,28.45,30.92,65.99,68.37
26.67,26.67,29.71,66.65,70.59
24.35,24.35,32.27,64.65,66.86
25.82,25.82,37.86,59.45,70.61
35.41,35.41,55.00,58.68,79.53
33.27,33.27,50.37,65.16,80.46
32.57,32.57,45.69,65.84,79.12
32.49,32.49,44.80,64.61,77.03
32.20,32.20,42.89,63.35,74.87
30.36,30.36,39.52,60.19,76.14
29.08,29.08,38.11,55.20,75.52
27.70,27.70,36.70,59.58,75.93
25.95,25.95,34.09,58.64,75.22
26.47,26.47,33.08,59.60,75.41
26.79,26.79,32.15,52.40,74.81
28.26,28.26,32.09,52.62,74.80
28.41,28.41,34.32,53.55,73.74
33.31,33.31,42.57,55.03,75.13
36.58,36.58,47.51,48.95,74.76
34.21,34.21,44.73,48.71,74.23
31.40,31.40,40.36,51.75,73.88
31.15,31.15,38.29,53.60,74.16
31.27,31.27,38.57,52.24,72.70
29.74,29.74,38.09,49.77,72.69
29.48,29.48,36.90,48.08,72.59
27.21,27.21,40.79,48.29,72.21
28.03,28.03,36.30,48.15,71.99
28.55,28.55,40.86,49.36,70.65
27.91,27.91,34.08,49.11,70.50
25.50,25.50,34.56,46.40,72.62
25.87,25.87,36.80,48.43,72.01
36.14,36.14,51.85,45.76,75.71
32.67,32.67,51.20,50.27,79.69
31.88,31.88,49.27,55.09,80.68
32.00,32.00,46.87,48.68,82.07
31.34,31.34,45.00,53.02,80.80
29.70,29.70,43.25,58.83,80.11
28.13,28.13,42.43,56.17,79.02
27.74,27.74,40.07,52.06,78.00
27.29,27.29,39.61,47.74,75.18
28.32,28.32,39.89,47.81,74.60
28.75,28.75,38.37,46.20,73.50
28.60,28.60,37.21,45.54,73.05
29.56,29.56,36.83,47.48,72.77
35.08,35.08,42.61,45.16,72.70
40.53,40.53,57.23,43.61,74.03
37.22,37.22,49.14,40.83,75.16
36.19,36.19,45.64,41.61,74.88
35.02,35.02,44.69,42.65,73.61
32.62,32.62,41.66,40.53,73.23
31.63,31.63,40.67,40.03,74.29
31.83,31.83,37.89,40.89,74.02
32.49,32.49,35.92,34.73,73.35
32.80,32.80,40.33,35.59,73.11
33.64,33.64,39.70,34.35,73.20
32.89,32.89,35.71,30.51,72.97
29.00,29.00,35.38,38.64,71.85
22.45,22.45,36.16,44.85,72.67
27.83,27.83,46.37,53.73,75.27
30.92,30.92,54.59,72.40,77.53
22.41,22.41,51.14,83.73,80.52
21.36,21.36,46.28,80.92,79.84
20.75,20.75,44.43,84.42,81.54
21.25,21.25,40.11,81.97,81.20
22.93,22.93,40.72,82.25,80.24
22.30,22.30,38.79,83.79,78.58
24.08,24.08,37.40,82.84,78.88
25.40,25.40,40.41,83.35,76.68
26.10,26.10,35.23,81.52,74.95
25.10,25.10,33.86,81.57,73.44
25.64,25.64,33.68,80.15,71.98
27.53,27.53,34.33,78.68,73.03
44.59,44.59,52.04,77.89,77.18
43.26,43.26,51.34,74.68,76.73
36.76,36.76,43.80,76.32,76.67
34.24,34.24,42.27,70.97,75.05
35.26,35.26,42.98,73.86,76.06
35.13,35.13,42.95,66.88,74.84
34.05,34.05,41.37,68.68,75.07
32.91,32.91,39.28,71.08,74.64
32.38,32.38,38.53,64.12,73.53
32.74,32.74,38.51,71.65,73.36
31.25,31.25,37.33,65.02,73.43
27.66,27.66,35.36,68.50,73.00
26.46,26.46,38.10,66.89,73.13
25.72,25.72,41.85,63.38,74.04
29.82,29.82,51.14,65.70,77.69
28.80,28.80,49.75,61.23,78.29
29.16,29.16,48.54,65.58,76.77
28.85,28.85,46.47,61.60,76.74
29.21,29.21,44.95,60.98,77.16
29.31,29.31,42.99,62.44,75.93
29.32,29.32,41.37,61.43,76.82
30.42,30.42,40.48,67.09,73.96
29.93,29.93,38.72,59.78,74.12
30.04,30.04,37.86,64.85,72.17
28.42,28.42,36.51,60.03,72.87
25.91,25.91,34.31,58.53,72.63
28.93,28.93,37.30,61.87,72.37
36.16,36.16,46.98,58.61,72.58
35.02,35.02,46.78,60.45,73.46
31.62,31.62,42.45,57.56,73.99
31.89,31.89,42.01,59.88,72.41
31.97,31.97,39.67,58.05,72.45
31.50,31.50,38.07,58.40,73.75
32.96,32.96,35.26,58.56,72.48
33.59,33.59,34.21,55.98,72.50
32.96,32.96,33.79,57.53,72.15
32.74,32.74,32.65,54.59,71.92
33.06,33.06,31.68,55.55,72.21
33.62,33.62,30.75,55.37,71.02
32.71,32.71,33.40,53.38,70.03
31.88,31.88,35.84,53.12,70.39
39.08,39.08,49.86,51.91,75.85
36.34,36.34,45.67,52.63,73.94
33.60,33.60,41.24,55.27,72.56
33.41,33.41,38.67,54.72,72.84
33.71,33.71,37.90,54.33,72.79
34.70,34.70,40.61,52.32,71.79
35.07,35.07,35.18,52.64,71.42
34.72,34.72,34.36,53.62,69.74
34.63,34.63,33.71,54.36,69.15
34.06,34.06,33.05,54.69,68.90
32.74,32.74,34.15,54.14,69.23
30.35,30.35,34.58,53.64,68.48
29.10,29.10,35.73,53.32,67.48
35.86,35.86,45.03,54.21,68.39
43.23,43.23,55.37,54.94,74.69
40.85,40.85,50.91,54.13,74.31
38.20,38.20,45.34,54.62,73.09
37.59,37.59,43.08,55.04,74.28
37.77,37.77,43.16,54.58,72.32
36.69,36.69,40.67,54.57,73.49
35.40,35.40,38.84,55.19,71.13
33.57,33.57,40.23,56.44,70.69
31.65,31.65,39.52,56.77,68.67
31.37,31.37,36.26,56.06,70.35
28.47,28.47,31.60,56.17,68.55
24.39,24.39,32.29,56.85,70.90
26.48,26.48,36.52,59.86,71.54
32.57,32.57,46.92,63.02,75.55
30.52,30.52,49.95,82.75,79.97
22.23,22.23,42.00,80.13,80.79
24.25,24.25,38.73,78.10,80.15
25.34,25.34,37.04,68.30,80.78
27.67,27.67,36.18,73.76,81.15
28.82,28.82,35.20,74.53,80.41
29.27,29.27,33.99,71.69,79.08
30.43,30.43,33.61,67.39,78.28
32.49,32.49,34.10,66.32,76.74
32.26,32.26,33.48,68.07,74.29
32.74,32.74,33.89,69.29,73.69
34.06,34.06,35.25,69.45,71.41
33.06,33.06,36.88,64.24,73.58
46.69,46.69,54.92,63.94,72.60
43.39,43.39,49.84,61.32,74.80
39.13,39.13,44.41,64.34,72.21
37.98,37.98,43.16,67.97,72.72
36.86,36.86,41.61,66.13,70.64
36.28,36.28,39.50,65.70,70.98
35.71,35.71,38.00,65.71,72.21
35.37,35.37,36.95,60.01,69.54
34.29,34.29,35.46,60.16,71.59
32.54,32.54,32.98,64.71,68.52
31.03,31.03,31.22,65.11,68.46
28.34,28.34,31.05,64.58,68.57
24.72,24.72,31.82,65.12,66.72
29.74,29.74,38.93,59.85,70.65
35.84,35.84,47.14,61.31,77.99
34.21,34.21,45.47,58.42,82.48
32.25,32.25,44.95,56.80,82.18
29.10,29.10,41.99,59.89,81.34
29.74,29.74,41.82,62.46,80.01
31.03,31.03,41.19,62.60,79.58
29.77,29.77,39.61,56.07,80.25
29.43,29.43,38.90,56.06,79.10
28.49,28.49,38.11,57.61,79.77
26.85,26.85,37.70,55.41,79.44
25.51,25.51,37.29,55.27,79.88
23.26,23.26,39.09,51.59,79.33
23.87,23.87,41.36,51.31,79.22
31.93,31.93,53.17,52.30,77.69
29.99,29.99,51.56,50.41,77.55
26.24,26.24,46.31,50.58,76.56
26.41,26.41,45.53,48.89,75.51
24.08,24.08,42.25,45.94,77.43
22.04,22.04,39.36,48.63,75.77
22.25,22.25,38.72,48.31,76.55
21.07,21.07,37.06,46.84,75.77
21.54,21.54,37.14,43.69,75.08
20.61,20.61,36.00,44.52,74.97
21.91,21.91,35.86,46.59,73.92
19.24,19.24,36.37,50.60,74.71
18.96,18.96,35.40,45.45,74.88
20.35,20.35,36.28,41.87,73.32
22.69,22.69,38.81,40.59,73.72
21.31,21.31,37.49,43.62,74.64
19.84,19.84,36.95,43.29,73.47
18.58,18.58,34.91,44.67,73.67
19.83,19.83,35.80,43.91,71.49
21.53,21.53,39.02,43.92,70.82
22.69,22.69,37.93,42.92,71.73
23.90,23.90,38.55,44.97,70.66
22.87,22.87,36.51,45.58,71.10
23.35,23.35,38.11,45.96,69.94
21.99,21.99,35.65,46.39,70.03
21.98,21.98,37.18,47.10,69.49
22.19,22.19,38.53,45.92,68.60
25.90,25.90,44.57,45.65,70.27
26.95,26.95,45.10,46.86,72.33
26.80,26.80,41.48,46.52,72.95
26.37,26.37,39.46,44.44,72.88
24.70,24.70,41.79,45.49,73.32
24.36,24.36,37.43,46.36,73.20
22.81,22.81,41.38,46.27,71.56
22.67,22.67,40.28,46.01,72.14
22.72,22.72,38.04,45.85,72.47
25.19,25.19,39.57,46.92,70.82
26.15,26.15,39.73,45.66,72.95
25.38,25.38,36.56,46.88,73.39
22.92,22.92,39.00,47.11,73.22
23.21,23.21,40.70,44.67,72.26
34.02,34.02,49.92,48.66,73.40
34.45,34.45,47.53,46.36,72.99
28.04,28.04,39.38,44.75,73.31
30.22,30.22,38.84,46.38,72.01
29.82,29.82,38.27,45.54,71.70
29.94,29.94,38.31,45.31,71.70
29.06,29.06,37.98,45.27,71.35
28.82,28.82,36.30,45.47,70.86
28.50,28.50,35.46,44.31,70.18
28.23,28.23,33.80,42.72,70.88
27.63,27.63,37.63,44.17,71.90
29.06,29.06,37.26,44.19,72.17
33.55,33.55,41.59,44.35,72.87
35.65,35.65,47.19,40.89,74.14
38.41,38.41,56.40,40.64,76.31
32.16,32.16,47.51,40.09,76.88
31.97,31.97,45.00,40.90,77.26
31.97,31.97,44.37,41.23,76.34
32.16,32.16,42.55,40.71,75.95
31.47,31.47,41.62,41.57,75.53
28.98,28.98,40.27,41.03,76.67
27.53,27.53,39.53,39.23,75.20
28.64,28.64,39.01,41.21,74.80
31.07,31.07,38.06,42.42,73.34
33.03,33.03,39.43,39.52,73.87
31.48,31.48,37.74,38.51,74.66
30.37,30.37,37.65,39.11,74.44
40.76,40.76,49.80,42.12,74.42
44.33,44.33,52.72,39.04,73.37
40.57,40.57,46.40,34.31,72.96
38.08,38.08,43.59,37.48,73.25
37.38,37.38,42.38,37.15,71.88
35.36,35.36,39.66,39.36,73.04
33.57,33.57,39.18,35.61,70.27
33.18,33.18,37.43,37.35,71.06
31.64,31.64,36.13,35.17,71.38
32.01,32.01,34.49,29.75,71.58
31.78,31.78,34.35,33.80,70.09
29.49,29.49,34.54,36.59,68.94
28.16,28.16,34.34,32.14,70.24
25.37,25.37,36.24,35.85,68.87
41.07,41.07,56.33,34.88,75.12
33.04,33.04,48.49,33.90,73.38
31.56,31.56,44.06,29.61,73.64
32.14,32.14,43.49,24.80,72.61
32.12,32.12,41.54,27.12,72.51
32.15,32.15,40.35,28.37,70.74
31.32,31.32,38.94,25.68,70.99
31.53,31.53,38.24,28.26,70.95
31.93,31.93,41.66,26.49,69.77
31.11,31.11,36.83,25.24,68.18
30.59,30.59,35.85,26.96,71.07
32.47,32.47,36.91,28.00,68.86
29.89,29.89,37.38,31.07,70.33
34.88,34.88,45.21,31.31,70.81
37.42,37.42,48.34,30.20,72.74
34.81,34.81,44.09,30.06,72.58
34.17,34.17,41.15,25.27,72.00
33.94,33.94,38.92,26.31,72.61
32.99,32.99,39.70,28.41,72.25
33.48,33.48,38.97,26.42,70.91
33.98,33.98,37.34,25.95,72.11
33.92,33.92,36.55,25.09,72.16
33.87,33.87,38.66,22.03,71.26
33.50,33.50,35.16,20.17,71.14
33.10,33.10,36.58,21.60,71.06
33.85,33.85,33.80,24.74,71.28
36.81,36.81,38.09,28.95,72.92
45.70,45.70,52.10,29.84,75.68
43.89,43.89,49.55,30.82,76.33
39.43,39.43,44.04,28.77,75.62
40.18,40.18,42.38,26.40,74.96
38.99,38.99,40.99,18.18,75.25
36.50,36.50,39.35,25.33,75.00
34.59,34.59,37.18,20.36,74.38
33.84,33.84,36.25,20.77,73.72
34.16,34.16,34.78,26.20,74.13
36.93,36.93,38.06,18.49,73.35
38.09,38.09,37.10,23.60,75.23
31.59,31.59,35.06,35.25,73.21
30.46,30.46,35.44,42.15,74.94
29.11,29.11,45.12,53.39,74.04
37.36,37.36,53.81,69.40,73.33
28.29,28.29,48.56,85.52,77.98
22.84,22.84,45.53,83.26,78.52
23.32,23.32,42.01,78.58,78.94
21.35,21.35,41.12,71.65,78.51
21.93,21.93,39.10,74.64,78.41
19.11,19.11,36.47,74.89,76.78
18.71,18.71,35.82,75.40,76.89
16.31,16.31,36.18,65.26,77.68
14.72,14.72,36.63,61.09,77.14
14.97,14.97,35.98,71.21,77.39
14.83,14.83,34.77,71.69,76.90
14.15,14.15,36.05,68.91,79.52
29.39,29.39,43.52,69.63,78.49
38.52,38.52,47.90,59.36,78.10
32.20,32.20,39.69,65.75,76.12
28.54,28.54,37.14,68.15,76.38
27.43,27.43,36.65,70.33,76.37
26.01,26.01,36.36,68.08,76.19
23.78,23.78,34.56,67.30,76.62
22.33,22.33,34.74,64.55,76.95
19.93,19.93,34.56,61.72,76.65
19.65,19.65,34.39,66.87,76.08
18.32,18.32,33.63,67.99,76.70
18.13,18.13,34.75,68.20,77.11
18.99,18.99,40.59,66.15,77.52
19.78,19.78,40.88,63.56,78.53
25.08,25.08,53.26,62.11,78.15
23.42,23.42,50.95,62.68,80.21
25.74,25.74,46.33,62.43,78.61
25.09,25.09,43.28,64.36,79.53
23.95,23.95,43.05,62.16,79.64
21.58,21.58,42.61,59.59,77.95
21.14,21.14,42.11,53.90,78.34
19.86,19.86,40.87,54.84,76.46
20.46,20.46,41.09,54.89,78.37
20.36,20.36,40.25,57.07,76.42
20.56,20.56,39.74,54.72,79.71
20.77,20.77,39.09,49.48,77.57
21.12,21.12,38.89,49.42,78.66
23.62,23.62,41.64,53.51,76.62
23.76,23.76,43.45,49.96,77.10
20.71,20.71,40.18,50.94,76.88
22.58,22.58,40.62,49.31,75.09
22.01,22.01,39.27,51.03,76.58
21.82,21.82,38.82,47.93,75.65
22.26,22.26,39.95,47.19,77.11
21.13,21.13,38.64,46.36,74.85
21.93,21.93,40.84,45.58,75.71
21.53,21.53,39.58,46.48,73.82
21.61,21.61,38.24,45.86,74.44
23.51,23.51,39.05,47.67,74.66
22.60,22.60,39.75,44.95,75.00
22.05,22.05,40.06,44.83,75.22
34.56,34.56,51.89,45.48,71.08
30.93,30.93,48.15,46.00,73.01
27.33,27.33,43.40,45.34,73.52
25.46,25.46,40.47,43.48,73.04
24.34,24.34,38.94,43.74,74.35
23.93,23.93,38.12,42.05,73.03
22.88,22.88,37.15,44.25,72.26
21.77,21.77,36.51,47.56,72.31
21.66,21.66,34.83,42.78,69.79
20.39,20.39,33.42,40.26,71.82
18.58,18.58,29.32,37.00,70.68
16.75,16.75,27.31,37.66,71.14
17.58,17.58,30.79,34.94,70.51
28.28,28.28,41.15,39.57,72.59
40.99,40.99,52.11,31.16,72.66
32.78,32.78,42.29,35.44,73.26
29.91,29.91,38.68,33.91,72.95
29.11,29.11,37.51,34.97,75.04
26.59,26.59,35.86,37.23,72.47
24.75,24.75,32.51,35.66,73.68
24.04,24.04,31.94,35.24,72.85
21.22,21.22,33.10,35.98,73.41
27.55,27.55,33.91,35.27,74.93
28.29,28.29,38.20,34.83,74.54
25.55,25.55,31.48,36.34,75.28
24.57,24.57,33.27,41.15,74.08
22.38,22.38,36.41,51.23,74.98
20.71,20.71,48.35,61.24,73.78
21.87,21.87,49.56,80.58,73.17
24.27,24.27,47.88,80.64,74.24
23.09,23.09,46.04,76.42,76.44
21.46,21.46,45.29,76.18,74.84
21.98,21.98,44.74,77.38,75.70
21.16,21.16,43.29,77.05,73.14
21.15,21.15,42.99,74.15,71.67
21.35,21.35,42.58,76.77,73.68
21.46,21.46,41.59,77.72,71.09
21.27,21.27,40.68,76.29,75.35
20.93,20.93,39.60,74.99,73.81
17.78,17.78,37.01,75.13,73.16
20.87,20.87,39.14,76.18,72.71
29.59,29.59,46.34,72.85,73.78
25.64,25.64,42.75,71.47,73.89
22.48,22.48,40.19,73.35,73.68
24.35,24.35,41.31,73.06,72.89
25.02,25.02,41.61,69.29,75.31
25.78,25.78,40.99,71.63,74.20
25.32,25.32,40.26,70.48,74.60
24.57,24.57,39.36,68.24,73.81
24.61,24.61,38.85,68.62,71.60
24.91,24.91,39.31,68.24,73.30
25.85,25.85,40.51,68.15,72.91
24.58,24.58,39.28,66.96,74.97
25.22,25.22,38.60,67.97,74.81
28.45,28.45,44.54,66.22,71.28
27.57,27.57,45.03,65.16,75.84
24.85,24.85,42.83,66.51,74.03
25.06,25.06,42.06,62.90,74.64
25.54,25.54,39.76,64.66,72.22
25.41,25.41,39.21,63.80,73.55
24.96,24.96,37.60,64.20,74.66
26.81,26.81,37.99,63.37,73.78
26.21,26.21,37.90,62.99,72.34
25.62,25.62,37.76,62.50,71.55
24.03,24.03,37.97,60.15,71.34
23.61,23.61,38.76,60.90,70.05
25.58,25.58,39.88,59.12,69.29
28.79,28.79,42.28,57.25,70.63
37.40,37.40,48.72,58.45,72.68
33.89,33.89,44.87,58.12,70.43
29.77,29.77,41.15,57.31,70.28
28.28,28.28,40.64,56.95,68.81
28.03,28.03,40.65,56.61,68.81
26.66,26.66,37.85,57.65,69.68
25.59,25.59,36.89,54.16,69.04
25.78,25.78,37.00,56.43,68.27
25.97,25.97,36.31,55.93,69.09
27.72,27.72,38.07,53.70,68.83
27.78,27.78,36.06,51.33,69.08
27.53,27.53,36.80,54.29,68.45
28.18,28.18,37.58,51.96,69.06
36.54,36.54,44.30,53.26,69.53
38.30,38.30,44.76,52.12,71.86
33.16,33.16,39.52,54.44,70.12
31.30,31.30,37.74,51.40,69.59
31.52,31.52,37.74,52.57,69.11
31.46,31.46,36.57,51.89,68.97
31.88,31.88,35.79,49.99,68.51
32.03,32.03,38.78,51.99,69.10
31.02,31.02,36.08,51.31,67.96
29.47,29.47,34.47,50.88,68.28
29.75,29.75,34.99,50.33,67.35
30.10,30.10,37.66,50.64,68.50
29.40,29.40,36.75,51.59,68.46
30.59,30.59,37.74,47.89,69.01
39.77,39.77,45.54,48.93,68.20
35.53,35.53,40.62,51.42,69.20
31.96,31.96,37.14,49.43,68.39
32.29,32.29,36.43,48.63,67.87
32.55,32.55,36.81,49.65,68.88
31.57,31.57,35.17,47.07,68.31
32.63,32.63,36.83,47.89,68.27
30.69,30.69,35.44,48.72,68.99
32.70,32.70,37.58,49.66,67.81
31.77,31.77,35.98,45.87,66.63
30.77,30.77,34.87,47.70,67.09
32.08,32.08,35.45,49.04,67.27
30.87,30.87,34.83,51.39,65.63
33.63,33.63,41.06,56.96,64.97
33.57,33.57,43.86,70.29,63.53
26.31,26.31,35.66,70.79,62.99
25.43,25.43,34.02,67.96,60.46
26.97,26.97,34.17,63.12,62.93
26.47,26.47,33.61,61.64,60.66
26.10,26.10,32.16,62.20,61.25
25.35,25.35,31.22,62.66,60.48
28.04,28.04,31.70,59.77,59.43
28.93,28.93,32.62,51.35,61.15
30.04,30.04,35.00,56.21,58.67
28.50,28.50,33.82,56.17,60.47
27.65,27.65,35.38,58.38,57.66
27.53,27.53,35.27,53.58,60.35
32.51,32.51,40.04,52.36,60.58
27.84,27.84,38.60,51.11,58.07
29.85,29.85,38.60,51.56,57.11
30.59,30.59,41.11,52.34,55.66
29.65,29.65,42.65,54.61,55.14
29.19,29.19,42.22,50.50,53.52
30.39,30.39,41.17,45.25,54.05
31.51,31.51,42.74,41.40,54.35
30.09,30.09,45.63,43.93,52.46
35.43,35.43,46.80,44.08,51.74
38.19,38.19,46.91,45.58,52.05
36.16,36.16,45.18,45.90,53.13
34.35,34.35,43.39,42.19,51.66
32.09,32.09,43.36,39.15,52.91
29.96,29.96,45.94,41.45,54.12
32.73,32.73,44.48,38.17,57.87
34.71,34.71,45.09,39.24,58.78
34.98,34.98,43.78,37.78,59.06
36.18,36.18,43.32,36.87,56.14
36.81,36.81,44.08,36.61,53.30
38.40,38.40,43.06,33.83,51.70
39.20,39.20,42.34,35.76,47.76
38.14,38.14,44.63,35.09,48.59
37.55,37.55,42.36,32.71,46.12
36.59,36.59,41.91,30.75,43.46
38.12,38.12,42.12,31.54,42.39
36.87,36.87,39.47,31.52,41.58
37.31,37.31,36.69,25.54,41.09
37.01,37.01,36.93,23.74,39.15
33.50,33.50,31.66,23.15,35.85
27.57,27.57,24.09,15.22,30.28
16.14,16.14,13.15,11.39,22.42
9.28,9.28,7.13,2.48,13.34
